course_id,course_title,url,image,course_rating,is_paid,price,num_subscribers,num_reviews,num_lectures,level,content_duration,published_timestamp,subject
2,"Complete GST Course & Certification - Grow Your CA Practice",goods-and-services-tax,https://res.cloudinary.com/dj11e209p/image/upload/v1753832986/courses/vg4gi7nlekemzzqb8yqe.jpg,2.5294,True,134,37,17,3,Beginner,0.6,"2017-03-09 16:34:20","Business Finance"
3,"Financial Modeling for Business Analysts and Consultants",financial-modeling-for-business-analysts-and-consultants,https://res.cloudinary.com/dj11e209p/image/upload/v1753832986/courses/vg4gi7nlekemzzqb8yqe.jpg,3.5,True,106,29,14,3,Intermediate,0.6,"2016-12-19 19:26:30","Business Finance"
4,"Beginner to Pro - Financial Analysis in Excel 2017",complete-excel-finance-course-from-beginner-to-pro,https://res.cloudinary.com/dj11e209p/image/upload/v1753832986/courses/vg4gi7nlekemzzqb8yqe.jpg,3.5455,True,118,19,11,3,Beginner,0.6,"2017-05-30 20:07:24","Business Finance"
5,"How To Maximize Your Profits Trading Options",how-to-maximize-your-profits-trading-options,https://res.cloudinary.com/dj11e209p/image/upload/v1753832986/courses/vg4gi7nlekemzzqb8yqe.jpg,2.6667,True,14,6,6,3,Intermediate,0.6,"2016-12-13 14:57:18","Business Finance"
6,"Trading Stock Chart Patterns For Immediate, Explosive Gains",trading-chart-patterns-for-immediate-explosive-gains,https://res.cloudinary.com/dj11e209p/image/upload/v1753832986/courses/vg4gi7nlekemzzqb8yqe.jpg,0,True,75,0,0,3,Beginner,0.6,"2015-01-30 22:13:03","Business Finance"
7,"The Only Investment Strategy You Need For Your Retirement",the-only-investment-strategy-you-need-for-your-retirement,https://res.cloudinary.com/dj11e209p/image/upload/v1753832986/courses/vg4gi7nlekemzzqb8yqe.jpg,0,True,178,0,0,3,Beginner,0.6,"2017-04-18 18:13:32","Business Finance"
8,"Trading Options With Money Flow",trading-options-using-money-flow,https://res.cloudinary.com/dj11e209p/image/upload/v1753832986/courses/vg4gi7nlekemzzqb8yqe.jpg,0,True,17,0,0,3,Beginner,0.6,"2016-10-18 22:52:31","Business Finance"
9,"Financial Management Risk and Return For Securities",risk-and-return-finance,https://res.cloudinary.com/dj11e209p/image/upload/v1753832986/courses/vg4gi7nlekemzzqb8yqe.jpg,0,True,191,0,0,3,Beginner,0.6,"2016-02-03 18:04:01","Business Finance"
10,"7 Deadly Mistakes of Investing that Will Slash Your Profits!",7-deadly-mistakes-of-investing,https://res.cloudinary.com/dj11e209p/image/upload/v1753832986/courses/vg4gi7nlekemzzqb8yqe.jpg,0,True,6,0,0,3,Beginner,0.6,"2015-09-21 18:10:34","Business Finance"
11,"Financial Statements Made Easy",intro-to-financial-statements-for-entrepreneurs,https://res.cloudinary.com/dj11e209p/image/upload/v1753832986/courses/vg4gi7nlekemzzqb8yqe.jpg,0,True,74,0,0,3,Beginner,0.6,"2013-06-09 00:21:26","Business Finance"
12,"Winning Forex Trading with Live Forex Trading Examples",forexmacross,https://res.cloudinary.com/dj11e209p/image/upload/v1753832986/courses/vg4gi7nlekemzzqb8yqe.jpg,0,True,114,0,0,3,Beginner,0.6,"2017-06-06 02:54:04","Business Finance"
13,"Forex Traders - Create Your First Trading Robot. No Coding!",launch-your-amazing-forex-robot-in-30-minutes-no-coding,https://res.cloudinary.com/dj11e209p/image/upload/v1753832986/courses/vg4gi7nlekemzzqb8yqe.jpg,0,True,25,0,0,3,Beginner,0.6,"2016-05-02 19:26:48","Business Finance"
14,"Create A Business From Home Trading Stocks Today In 2017",work-from-home-buying-penny-stocks,https://res.cloudinary.com/dj11e209p/image/upload/v1753832986/courses/vg4gi7nlekemzzqb8yqe.jpg,0,True,90,0,0,3,Beginner,0.6,"2015-05-26 17:25:46","Business Finance"
15,"Mastering High Probability Iron Condor Options Trading",mastering-high-probability-iron-condor-options-trading,https://res.cloudinary.com/dj11e209p/image/upload/v1753832986/courses/vg4gi7nlekemzzqb8yqe.jpg,0,True,145,0,0,3,Beginner,0.6,"2017-06-01 05:22:08","Business Finance"
16,"The Complete Short Course on Ethereum",ethereum1,https://res.cloudinary.com/dj11e209p/image/upload/v1753832986/courses/vg4gi7nlekemzzqb8yqe.jpg,0,True,181,0,0,3,Beginner,0.6,"2017-06-11 19:02:03","Business Finance"
17,"Introduction to Finance, Accounting, Modeling and Valuation",introduction-to-accounting-finance-modeling-valuation-by-chris-haroun,https://res.cloudinary.com/dj11e209p/image/upload/v1753832986/courses/vg4gi7nlekemzzqb8yqe.jpg,0,True,83,0,0,3,Beginner,0.6,"2016-06-28 06:12:23","Business Finance"
18,"The Complete Investment Banking Course 2017",the-complete-investment-banking-course-2016,https://res.cloudinary.com/dj11e209p/image/upload/v1753832986/courses/vg4gi7nlekemzzqb8yqe.jpg,0,True,125,0,0,3,Beginner,0.6,"2016-10-10 16:16:26","Business Finance"
19,"The Complete Financial Analyst Course 2017",the-complete-financial-analyst-course,https://res.cloudinary.com/dj11e209p/image/upload/v1753832986/courses/vg4gi7nlekemzzqb8yqe.jpg,0,True,172,0,0,3,Beginner,0.6,"2016-01-21 01:38:48","Business Finance"
20,"Financial Modeling for Startups & Small Businesses",financial-modeling-for-startups-small-businesses,https://res.cloudinary.com/dj11e209p/image/upload/v1753832986/courses/vg4gi7nlekemzzqb8yqe.jpg,0,True,86,0,0,3,Beginner,0.6,"2017-03-29 22:36:05","Business Finance"
21,"Options Trading - How to Win with Weekly Options",work-from-home-setup-your-own-options-trading-business,https://res.cloudinary.com/dj11e209p/image/upload/v1753832986/courses/vg4gi7nlekemzzqb8yqe.jpg,0,True,44,0,0,3,Intermediate,0.6,"2015-10-22 21:54:28","Business Finance"
22,"Three Steps Trading - Live Trading - Real Account",three-steps-trading-live-trading-real-account,https://res.cloudinary.com/dj11e209p/image/upload/v1753832986/courses/vg4gi7nlekemzzqb8yqe.jpg,0,True,105,0,0,3,Beginner,0.6,"2017-05-24 23:02:07","Business Finance"
23,"How I Learned Stock Trading (and How You Can Too)",best-stock-traders,https://res.cloudinary.com/dj11e209p/image/upload/v1753832986/courses/vg4gi7nlekemzzqb8yqe.jpg,0,True,37,0,0,3,Advanced,0.6,"2017-05-02 21:20:54","Business Finance"
24,"Trading Inside Bars - Master 1 Easy Pattern To Be Successful",trading-inside-bars-find-setups-today-make-money-tomorrow,https://res.cloudinary.com/dj11e209p/image/upload/v1753832986/courses/vg4gi7nlekemzzqb8yqe.jpg,0,True,19,0,0,3,Intermediate,0.6,"2015-03-09 00:24:38","Business Finance"
25,"Four Fundamentals of Financial Planning",four-fundamentals-of-financial-planning,https://res.cloudinary.com/dj11e209p/image/upload/v1753832986/courses/vg4gi7nlekemzzqb8yqe.jpg,0,True,108,0,0,3,Beginner,0.6,"2017-02-14 04:42:58","Business Finance"
26,"Options Trading - Calendar Spread Course for Every Trader",options-trading-calendar-spread-course-for-every-trader,https://res.cloudinary.com/dj11e209p/image/upload/v1753832986/courses/vg4gi7nlekemzzqb8yqe.jpg,0,True,27,0,0,3,Beginner,0.6,"2017-04-02 21:46:00","Business Finance"
27,"Learn Accounting. Understand Business.",learn-accounting-understand-business,https://res.cloudinary.com/dj11e209p/image/upload/v1753832986/courses/vg4gi7nlekemzzqb8yqe.jpg,0,True,188,0,0,3,Beginner,0.6,"2014-03-27 17:58:37","Business Finance"
28,"How to Consistently Win Trading Stocks in 30 Days or Less",winningstocktrades,https://res.cloudinary.com/dj11e209p/image/upload/v1753832986/courses/vg4gi7nlekemzzqb8yqe.jpg,0,True,3,0,0,3,Intermediate,0.6,"2016-05-09 05:44:33","Business Finance"
29,"How to Buy Cheap Options - Options Trading Pricing Model",options-black-scholes-model,https://res.cloudinary.com/dj11e209p/image/upload/v1753832986/courses/vg4gi7nlekemzzqb8yqe.jpg,0,True,61,0,0,3,Beginner,0.6,"2017-06-02 18:12:45","Business Finance"
30,"Comprehensive Guide to Financial Markets, Investing &Trading",financial-markets-a-to-z-for-beginners,https://res.cloudinary.com/dj11e209p/image/upload/v1753832986/courses/vg4gi7nlekemzzqb8yqe.jpg,0,True,198,0,0,3,Beginner,0.6,"2016-02-29 18:45:41","Business Finance"
31,"Options Trading Basics (3-Course Bundle)",learn-options-trading-courses,https://res.cloudinary.com/dj11e209p/image/upload/v1753832986/courses/vg4gi7nlekemzzqb8yqe.jpg,0,True,174,0,0,3,Beginner,0.6,"2013-02-25 11:36:06","Business Finance"
32,"How I Make Consistent Returns Trading Options",how-i-make-15-per-month-trading-options,https://res.cloudinary.com/dj11e209p/image/upload/v1753832986/courses/vg4gi7nlekemzzqb8yqe.jpg,0,True,78,0,0,3,Beginner,0.6,"2016-10-05 17:42:52","Business Finance"
33,"The Almost Perfect Options Trading Strategy System - Unique",the-almost-perfect-options-trading-strategy-system-unique,https://res.cloudinary.com/dj11e209p/image/upload/v1753832986/courses/vg4gi7nlekemzzqb8yqe.jpg,0,True,139,0,0,3,Beginner,0.6,"2017-03-03 21:43:05","Business Finance"
34,"Forex Trading -  Learn to Trade Forex Like the Banks",forex-trading-learn-the-same-strategies-used-by-banks,https://res.cloudinary.com/dj11e209p/image/upload/v1753832986/courses/vg4gi7nlekemzzqb8yqe.jpg,0,True,166,0,0,3,Beginner,0.6,"2016-03-30 15:29:03","Business Finance"
35,"The Most Powerful Options Spread Trading Front Ratio Spread",the-most-powerful-options-spread-trading-front-ratio-spread,https://res.cloudinary.com/dj11e209p/image/upload/v1753832986/courses/vg4gi7nlekemzzqb8yqe.jpg,0,True,56,0,0,3,Beginner,0.6,"2017-03-08 21:09:41","Business Finance"
36,"What Finance Job is for You? Explanation of 14 Finance Roles",what-finance-job-is-for-you-explanation-of-14-financial-analyst-roles,https://res.cloudinary.com/dj11e209p/image/upload/v1753832986/courses/vg4gi7nlekemzzqb8yqe.jpg,0,True,21,0,0,3,Beginner,0.6,"2016-05-04 05:22:32","Business Finance"
37,"The Blueprint for Successful Stock Trading",stock-market-millionaire-blueprint,https://res.cloudinary.com/dj11e209p/image/upload/v1753832986/courses/vg4gi7nlekemzzqb8yqe.jpg,0,True,21,0,0,3,Beginner,0.6,"2015-08-13 18:58:05","Business Finance"
38,"Trading for Beginners - Intermediate Level",trading-for-beginners-tier-2,https://res.cloudinary.com/dj11e209p/image/upload/v1753832986/courses/vg4gi7nlekemzzqb8yqe.jpg,0,True,22,0,0,3,Beginner,0.6,"2016-11-09 01:45:20","Business Finance"
39,"Start Trading Stocks Using Technical Analysis!",professional-stock-trader,https://res.cloudinary.com/dj11e209p/image/upload/v1753832986/courses/vg4gi7nlekemzzqb8yqe.jpg,0,True,166,0,0,3,Beginner,0.6,"2016-02-03 17:10:31","Business Finance"
40,"Learn How to Set Up an Incubator Hedge Fund - Step-by-Step",hedge-fund-startup,https://res.cloudinary.com/dj11e209p/image/upload/v1753832986/courses/vg4gi7nlekemzzqb8yqe.jpg,0,True,83,0,0,3,Advanced,0.6,"2017-01-18 20:55:27","Business Finance"
41,"VPS for Forex Trading - Protect Your Forex Robots",forex-vps,https://res.cloudinary.com/dj11e209p/image/upload/v1753832986/courses/vg4gi7nlekemzzqb8yqe.jpg,0,True,61,0,0,3,Beginner,0.6,"2014-09-19 04:07:58","Business Finance"
42,"Basic Excel for Basic Bookkeeping and Accounting",basic-excel-for-basic-bookkeeping,https://res.cloudinary.com/dj11e209p/image/upload/v1753832986/courses/vg4gi7nlekemzzqb8yqe.jpg,0,True,59,0,0,3,Beginner,0.6,"2015-09-10 00:30:48","Business Finance"
43,"How to Create Your Personal Budget",personal-budget,https://res.cloudinary.com/dj11e209p/image/upload/v1753832986/courses/vg4gi7nlekemzzqb8yqe.jpg,0,True,147,0,0,3,Beginner,0.6,"2016-03-21 21:09:49","Business Finance"
44,"FOREX Trading with Price Action",forex-trading-system,https://res.cloudinary.com/dj11e209p/image/upload/v1753832986/courses/vg4gi7nlekemzzqb8yqe.jpg,0,True,186,0,0,3,Beginner,0.6,"2017-03-14 18:30:55","Business Finance"
45,"Emini ES Futures - Advanced Non Directional Options Trading",emini-es-futures-advanced-non-directional-options-trading,https://res.cloudinary.com/dj11e209p/image/upload/v1753832986/courses/vg4gi7nlekemzzqb8yqe.jpg,0,True,139,0,0,3,Beginner,0.6,"2017-01-11 20:48:19","Business Finance"
46,"Forex Trading - Advanced Fundamental Analysis",forex-trading-advanced-fundamental-analysis,https://res.cloudinary.com/dj11e209p/image/upload/v1753832986/courses/vg4gi7nlekemzzqb8yqe.jpg,0,True,127,0,0,3,Intermediate,0.6,"2016-06-30 17:06:46","Business Finance"
47,"How To Invest With Tiny Capital In Stocks ?",howtoinvest5k,https://res.cloudinary.com/dj11e209p/image/upload/v1753832986/courses/vg4gi7nlekemzzqb8yqe.jpg,0,True,155,0,0,3,Beginner,0.6,"2017-05-23 16:07:09","Business Finance"
48,"Intermediate Options trading concepts for Stocks and Options",intermediate-options-trading-concepts-for-stocks-and-options-traders,https://res.cloudinary.com/dj11e209p/image/upload/v1753832986/courses/vg4gi7nlekemzzqb8yqe.jpg,0,True,198,0,0,3,Beginner,0.6,"2015-04-13 20:28:04","Business Finance"
49,"Practical Accounts APP Overview",practical-accounts-app-overview,https://res.cloudinary.com/dj11e209p/image/upload/v1753832986/courses/vg4gi7nlekemzzqb8yqe.jpg,0,True,64,0,0,3,Intermediate,0.6,"2016-10-04 23:38:32","Business Finance"
50,"Bitcoin Profits for Beginners",bitcoin-profits-for-beginners,https://res.cloudinary.com/dj11e209p/image/upload/v1753832986/courses/vg4gi7nlekemzzqb8yqe.jpg,0,True,33,0,0,3,Beginner,0.6,"2017-06-09 17:01:05","Business Finance"
51,"Financial Statements Basics",financial-statements-basics,https://res.cloudinary.com/dj11e209p/image/upload/v1753832986/courses/vg4gi7nlekemzzqb8yqe.jpg,0,True,91,0,0,3,Beginner,0.6,"2016-01-14 18:58:56","Business Finance"
52,"High performance Stock Trading using key Options techniques",high-performance-stock-trading-using-options-trading-techniques,https://res.cloudinary.com/dj11e209p/image/upload/v1753832986/courses/vg4gi7nlekemzzqb8yqe.jpg,0,True,140,0,0,3,Beginner,0.6,"2015-04-12 22:28:45","Business Finance"
53,"Introduction to Financial Statement Analysis",introduction-to-financial-statement-analysis,https://res.cloudinary.com/dj11e209p/image/upload/v1753832986/courses/vg4gi7nlekemzzqb8yqe.jpg,0,True,31,0,0,3,Beginner,0.6,"2016-03-21 17:00:37","Business Finance"
54,"Basics of Economics (College Level)",economics-for-accounting-and-finance-professionals,https://res.cloudinary.com/dj11e209p/image/upload/v1753832986/courses/vg4gi7nlekemzzqb8yqe.jpg,0,True,74,0,0,3,Beginner,0.6,"2015-01-08 13:55:52","Business Finance"
55,"Stock Market Investing for Beginners",the-beginners-guide-to-the-stock-market,https://res.cloudinary.com/dj11e209p/image/upload/v1753832986/courses/vg4gi7nlekemzzqb8yqe.jpg,0,True,93,0,0,3,Beginner,0.6,"2013-12-25 19:53:34","Business Finance"
56,"Straddle Options Trading - Profit in Any Market Direction",straddle-options-trading-profit-in-any-market-direction,https://res.cloudinary.com/dj11e209p/image/upload/v1753832986/courses/vg4gi7nlekemzzqb8yqe.jpg,0,True,72,0,0,3,Beginner,0.6,"2016-10-03 17:32:40","Business Finance"
57,"Fundamentals of Forex Trading",fundamentals-of-forex-trading,https://res.cloudinary.com/dj11e209p/image/upload/v1753832986/courses/vg4gi7nlekemzzqb8yqe.jpg,0,True,35,0,0,3,Beginner,0.6,"2014-08-29 20:10:38","Business Finance"
58,"Website Investing 101 - Buying & Selling Online Businesses",cash-flow-website-investing-buy-sell-online-businesses-digital-assets,https://res.cloudinary.com/dj11e209p/image/upload/v1753832986/courses/vg4gi7nlekemzzqb8yqe.jpg,0,True,147,0,0,3,Beginner,0.6,"2016-08-05 17:03:15","Business Finance"
59,"Practical Accounts & Bookkeeping Automated Overview ",practical-accounts-bookkeeping-automated-overview,https://res.cloudinary.com/dj11e209p/image/upload/v1753832986/courses/vg4gi7nlekemzzqb8yqe.jpg,0,True,198,0,0,3,Beginner,0.6,"2016-01-28 21:43:31","Business Finance"
60,"Live Account - ETF Trading System - Hacking The Stock Market",cracked-wall-street-hacked-the-stock-market-top-secret,https://res.cloudinary.com/dj11e209p/image/upload/v1753832986/courses/vg4gi7nlekemzzqb8yqe.jpg,0,True,56,0,0,3,Beginner,0.6,"2014-12-31 03:29:21","Business Finance"
61,"Stock Market Foundations",how-to-invest-in-the-stock-market-beginners,https://res.cloudinary.com/dj11e209p/image/upload/v1753832986/courses/vg4gi7nlekemzzqb8yqe.jpg,0,True,153,0,0,3,Beginner,0.6,"2014-03-31 21:35:06","Business Finance"
62,"Crash Course on Working Capital Management",crash-course-on-working-capital-management,https://res.cloudinary.com/dj11e209p/image/upload/v1753832986/courses/vg4gi7nlekemzzqb8yqe.jpg,0,True,186,0,0,3,Beginner,0.6,"2015-04-16 17:35:54","Business Finance"
63,"Advanced Accounting A Complete Study for CA  CMA  CFA  CS",branch-accounts-a-complete-analysis,https://res.cloudinary.com/dj11e209p/image/upload/v1753832986/courses/vg4gi7nlekemzzqb8yqe.jpg,0,True,73,0,0,3,Beginner,0.6,"2016-06-03 17:42:27","Business Finance"
64,"How to create a routine Trading",how-to-create-a-trading-routine,https://res.cloudinary.com/dj11e209p/image/upload/v1753832986/courses/vg4gi7nlekemzzqb8yqe.jpg,0,True,175,0,0,3,Beginner,0.6,"2017-05-01 18:50:43","Business Finance"
65,"Introduction to Financial Modeling",financial-modeling-asimplemodel,https://res.cloudinary.com/dj11e209p/image/upload/v1753832986/courses/vg4gi7nlekemzzqb8yqe.jpg,0,True,50,0,0,3,Intermediate,0.6,"2014-05-27 16:22:16","Business Finance"
66,"Quantitative Aptitude for Banking & Competitive Examinations",quantitative-aptitude-for-competitive-examinations-part-i,https://res.cloudinary.com/dj11e209p/image/upload/v1753832986/courses/vg4gi7nlekemzzqb8yqe.jpg,0,True,155,0,0,3,Beginner,0.6,"2017-02-09 19:33:52","Business Finance"
67,"Option Spreads and Credit Spreads Bundle",option-spreads-and-credit-spreads-bundle,https://res.cloudinary.com/dj11e209p/image/upload/v1753832986/courses/vg4gi7nlekemzzqb8yqe.jpg,0,True,189,0,0,3,Advanced,0.6,"2013-03-05 18:27:38","Business Finance"
68,"B Com Accountancy I (Paper ECO 02 IGNOU)",accounts-from-incomplete-records,https://res.cloudinary.com/dj11e209p/image/upload/v1753832986/courses/vg4gi7nlekemzzqb8yqe.jpg,0,True,136,0,0,3,Beginner,0.6,"2016-05-05 23:07:43","Business Finance"
69,"Auditing Basics (Professional Course Level)",basics-of-auditing,https://res.cloudinary.com/dj11e209p/image/upload/v1753832986/courses/vg4gi7nlekemzzqb8yqe.jpg,0,True,175,0,0,3,Beginner,0.6,"2015-02-13 14:37:18","Business Finance"
70,"Learn the basics of preparing accounting statements",basics-of-financial-accounting,https://res.cloudinary.com/dj11e209p/image/upload/v1753832986/courses/vg4gi7nlekemzzqb8yqe.jpg,0,True,199,0,0,3,Intermediate,0.6,"2015-10-13 21:07:22","Business Finance"
71,"Elliott Wave -Forex Trading With The Elliott Wave Theory",forex-trading-with-the-elliot-wave-theory,https://res.cloudinary.com/dj11e209p/image/upload/v1753832986/courses/vg4gi7nlekemzzqb8yqe.jpg,0,True,45,0,0,3,Advanced,0.6,"2016-12-15 15:49:13","Business Finance"
72,"Corporate Finance - A Brief Introduction",finance-a-brief-introduction-and-basics-finance-101,https://res.cloudinary.com/dj11e209p/image/upload/v1753832986/courses/vg4gi7nlekemzzqb8yqe.jpg,0,True,158,0,0,3,Beginner,0.6,"2016-03-04 05:58:09","Business Finance"
73,"Excel functions to analyze and visualize data",basic-excel-functions-to-analyze-large-data,https://res.cloudinary.com/dj11e209p/image/upload/v1753832986/courses/vg4gi7nlekemzzqb8yqe.jpg,0,True,130,0,0,3,Intermediate,0.6,"2015-04-20 18:52:32","Business Finance"
74,"Building Financial Statements in Excel",guide-to-building-financial-statements,https://res.cloudinary.com/dj11e209p/image/upload/v1753832986/courses/vg4gi7nlekemzzqb8yqe.jpg,0,True,196,0,0,3,Beginner,0.6,"2017-06-29 23:34:42","Business Finance"
75,"Transfer Pricing A Complete Analysis",transfer-pricing-a-complete-analysis,https://res.cloudinary.com/dj11e209p/image/upload/v1753832986/courses/vg4gi7nlekemzzqb8yqe.jpg,0,True,176,0,0,3,Beginner,0.6,"2016-12-28 18:19:16","Business Finance"
76,"Forex Trading for Beginners - Basics",complete-forex-trading-for-beginners-in-1-course-basics,https://res.cloudinary.com/dj11e209p/image/upload/v1753832986/courses/vg4gi7nlekemzzqb8yqe.jpg,0,True,109,0,0,3,Beginner,0.6,"2017-04-24 16:42:56","Business Finance"
77,"Basic Bookkeeping Hacks",basic-bookkeeping,https://res.cloudinary.com/dj11e209p/image/upload/v1753832986/courses/vg4gi7nlekemzzqb8yqe.jpg,0,True,94,0,0,3,Beginner,0.6,"2016-06-14 15:43:23","Business Finance"
78,"Complete Trading Plan Course for Stocks & Forex (10 Hours)",killer-trading-plan-6-year-old-can-invest-10-hours-stocks-forex-etf,https://res.cloudinary.com/dj11e209p/image/upload/v1753832986/courses/vg4gi7nlekemzzqb8yqe.jpg,0,True,26,0,0,3,Beginner,0.6,"2017-03-23 05:54:27","Business Finance"
79,"How to Pick The Right Penny Stocks To Invest In 2017",how-to-make-5000month-trading-penny-stocks,https://res.cloudinary.com/dj11e209p/image/upload/v1753832986/courses/vg4gi7nlekemzzqb8yqe.jpg,0,True,103,0,0,3,Beginner,0.6,"2014-07-01 20:04:27","Business Finance"
80,"Top 10 Trading Ideas in the Equities Market",top-10-trading-ideas-in-the-equities-market,https://res.cloudinary.com/dj11e209p/image/upload/v1753832986/courses/vg4gi7nlekemzzqb8yqe.jpg,0,True,176,0,0,3,Beginner,0.6,"2017-05-02 21:59:07","Business Finance"
81,"Intro to Financial Modeling",intro-to-financial-modeling,https://res.cloudinary.com/dj11e209p/image/upload/v1753832986/courses/vg4gi7nlekemzzqb8yqe.jpg,0,True,125,0,0,3,Beginner,0.6,"2016-08-19 20:12:24","Business Finance"
82,"Shark Accounting - Building a Business by the Numbers!",shark-accounting,https://res.cloudinary.com/dj11e209p/image/upload/v1753832986/courses/vg4gi7nlekemzzqb8yqe.jpg,0,True,172,0,0,3,Beginner,0.6,"2014-05-18 19:08:04","Business Finance"
83,"Forex Trading MAKE YOUR FIRST TRADE TODAY!",trade-forex,https://res.cloudinary.com/dj11e209p/image/upload/v1753832986/courses/vg4gi7nlekemzzqb8yqe.jpg,0,True,153,0,0,3,Beginner,0.6,"2016-01-10 21:39:39","Business Finance"
84,"Accounting in 60 Minutes - A Brief Introduction",accounting-in-60-minutes-a-brief-introduction,https://res.cloudinary.com/dj11e209p/image/upload/v1753832986/courses/vg4gi7nlekemzzqb8yqe.jpg,0,True,69,0,0,3,Beginner,0.6,"2013-04-07 21:39:25","Business Finance"
85,"SAP FICO For Beginners - A Guide to SAP Financial Accounts",sap-fico-for-sap-beginners,https://res.cloudinary.com/dj11e209p/image/upload/v1753832986/courses/vg4gi7nlekemzzqb8yqe.jpg,0,True,177,0,0,3,Beginner,0.6,"2016-07-25 16:08:07","Business Finance"
86,"Learn how to double your Forex Trading Account in one trade",learn-how-to-double-your-forex-trading-account-in-one-trade,https://res.cloudinary.com/dj11e209p/image/upload/v1753832986/courses/vg4gi7nlekemzzqb8yqe.jpg,0,True,133,0,0,3,Intermediate,0.6,"2014-10-19 22:04:51","Business Finance"
87,"Save on Your Taxes",save-on-your-taxes,https://res.cloudinary.com/dj11e209p/image/upload/v1753832986/courses/vg4gi7nlekemzzqb8yqe.jpg,0,True,41,0,0,3,Beginner,0.6,"2016-11-16 17:38:38","Business Finance"
88,"EFT for Stock Options Trading Success & Making Better Trades",eft-for-stock-option-trading-success,https://res.cloudinary.com/dj11e209p/image/upload/v1753832986/courses/vg4gi7nlekemzzqb8yqe.jpg,0,True,198,0,0,3,Beginner,0.6,"2015-08-06 19:08:20","Business Finance"
89,"Learn to Trade the Stock Market without Blowing Your Profits",learn-to-trade-the-stock-market-without-blowing-your-profits,https://res.cloudinary.com/dj11e209p/image/upload/v1753832986/courses/vg4gi7nlekemzzqb8yqe.jpg,0,True,39,0,0,3,Beginner,0.6,"2017-05-02 20:53:24","Business Finance"
90,"Get a Credit Repair Publication On Amazon and Live LIFE..",get-a-credit-repair-publication-on-amazon-and-live-life,https://res.cloudinary.com/dj11e209p/image/upload/v1753832986/courses/vg4gi7nlekemzzqb8yqe.jpg,0,True,139,0,0,3,Beginner,0.6,"2017-04-26 18:17:51","Business Finance"
91,"Fundamentals of Accounting",fundamentals-of-accounting,https://res.cloudinary.com/dj11e209p/image/upload/v1753832986/courses/vg4gi7nlekemzzqb8yqe.jpg,0,True,154,0,0,3,Beginner,0.6,"2016-08-31 22:03:44","Business Finance"
92,"RSI, Options Trading & Technical Analysis (3 Course Bundle)",charting-rsi-options-stock-trading-for-beginners-newtechnical-analysis,https://res.cloudinary.com/dj11e209p/image/upload/v1753832986/courses/vg4gi7nlekemzzqb8yqe.jpg,0,True,164,0,0,3,Beginner,0.6,"2017-01-26 22:55:27","Business Finance"
93,"Basics of Mutual Funds for CA  CMA  CS  CFA Exams",basics-of-mutual-funds-for-ca-cma-cs-cfa-exams,https://res.cloudinary.com/dj11e209p/image/upload/v1753832986/courses/vg4gi7nlekemzzqb8yqe.jpg,0,True,87,0,0,3,Intermediate,0.6,"2017-04-24 21:59:45","Business Finance"
94,"Stock Options Day Trading Mindset for Success",stock-options-day-trading-success-mindset,https://res.cloudinary.com/dj11e209p/image/upload/v1753832986/courses/vg4gi7nlekemzzqb8yqe.jpg,0,True,103,0,0,3,Beginner,0.6,"2015-09-29 19:15:24","Business Finance"
95,"Introduction to bookkeeping and Accounting",introduction-to-bookkeeping-and-accounting,https://res.cloudinary.com/dj11e209p/image/upload/v1753832986/courses/vg4gi7nlekemzzqb8yqe.jpg,0,True,173,0,0,3,Beginner,0.6,"2015-08-21 20:33:25","Business Finance"
96,"Learn to Trade The News",learn-to-trade-the-news,https://res.cloudinary.com/dj11e209p/image/upload/v1753832986/courses/vg4gi7nlekemzzqb8yqe.jpg,0,True,199,0,0,3,Beginner,0.6,"2015-07-16 22:03:29","Business Finance"
97,"Value Investing, Taught by Six Superinvestors",investing-stars,https://res.cloudinary.com/dj11e209p/image/upload/v1753832986/courses/vg4gi7nlekemzzqb8yqe.jpg,0,True,191,0,0,3,Beginner,0.6,"2015-06-19 21:22:17","Business Finance"
98,"Trading for everyone - The Independent Investor Course I",trading-for-everyone-the-independent-investor-course,https://res.cloudinary.com/dj11e209p/image/upload/v1753832986/courses/vg4gi7nlekemzzqb8yqe.jpg,0,True,26,0,0,3,Beginner,0.6,"2015-10-08 20:23:36","Business Finance"
99,"Accounting Basics in 66 Minutes (absolutely for beginners)",accounting-through-visual-presentation,https://res.cloudinary.com/dj11e209p/image/upload/v1753832986/courses/vg4gi7nlekemzzqb8yqe.jpg,0,True,50,0,0,3,Beginner,0.6,"2015-03-08 21:13:13","Business Finance"
100,"Analysis of Company Financial Statements",analysis-of-company-financial-statements,https://res.cloudinary.com/dj11e209p/image/upload/v1753832986/courses/vg4gi7nlekemzzqb8yqe.jpg,0,True,129,0,0,3,Beginner,0.6,"2016-12-07 20:19:37","Business Finance"
101,"Fundamentals of Investing!",investment-basics-lets-invest-series,https://res.cloudinary.com/dj11e209p/image/upload/v1753832986/courses/vg4gi7nlekemzzqb8yqe.jpg,0,True,52,0,0,3,Beginner,0.6,"2015-08-09 18:34:30","Business Finance"
102,"Bank Financial Management A Comprehensive Study",bank-financial-management-a-comprehensive-study,https://res.cloudinary.com/dj11e209p/image/upload/v1753832986/courses/vg4gi7nlekemzzqb8yqe.jpg,0,True,180,0,0,3,Beginner,0.6,"2017-02-10 00:51:57","Business Finance"
103,"Naked Put Options Trade Covered Call & Poor Man Covered Call",naked-put-options-trade-covered-call-poor-man-covered-call,https://res.cloudinary.com/dj11e209p/image/upload/v1753832986/courses/vg4gi7nlekemzzqb8yqe.jpg,0,True,39,0,0,3,Beginner,0.6,"2017-02-10 22:40:57","Business Finance"
104,"The Ultimate Guide to Dividend & Dividend Growth Investing",investing-learn-how-to-build-a-dividend-portfolio-step-by-step,https://res.cloudinary.com/dj11e209p/image/upload/v1753832986/courses/vg4gi7nlekemzzqb8yqe.jpg,0,True,187,0,0,3,Beginner,0.6,"2015-11-13 18:10:25","Business Finance"
105,"Build a DCF Valuation Model",build-a-dcf-valuation-model,https://res.cloudinary.com/dj11e209p/image/upload/v1753832986/courses/vg4gi7nlekemzzqb8yqe.jpg,0,True,74,0,0,3,Beginner,0.6,"2014-10-01 18:49:29","Business Finance"
106,"Introductory Financial Accounting",introductory-financial-accounting,https://res.cloudinary.com/dj11e209p/image/upload/v1753832986/courses/vg4gi7nlekemzzqb8yqe.jpg,0,True,148,0,0,3,Beginner,0.6,"2012-10-03 03:20:10","Business Finance"
107,"Introduction to Cryptocurrencies and Blockchain",introduction-to-cryptocurrencies,https://res.cloudinary.com/dj11e209p/image/upload/v1753832986/courses/vg4gi7nlekemzzqb8yqe.jpg,0,True,155,0,0,3,Beginner,0.6,"2017-05-01 21:18:54","Business Finance"
108,"Trade Pullback Candlestick Strategy - Make Consistent Pips",make-consistent-profit-using-pullback-candlestick-strategy,https://res.cloudinary.com/dj11e209p/image/upload/v1753832986/courses/vg4gi7nlekemzzqb8yqe.jpg,0,True,41,0,0,3,Beginner,0.6,"2016-02-24 17:30:41","Business Finance"
109,"Accounting Standards Basics (Professional Course Level)",basics-of-accounting-standards,https://res.cloudinary.com/dj11e209p/image/upload/v1753832986/courses/vg4gi7nlekemzzqb8yqe.jpg,0,True,15,0,0,3,Beginner,0.6,"2015-02-07 15:06:57","Business Finance"
110,"Use the Magic Multiple Moving Average Forex Trading system",the-magic-multiple-moving-average-forex-trading-system,https://res.cloudinary.com/dj11e209p/image/upload/v1753832986/courses/vg4gi7nlekemzzqb8yqe.jpg,0,True,140,0,0,3,Intermediate,0.6,"2014-11-08 02:21:54","Business Finance"
111,"QuickBooks 2015 Training for Newbies",free-training-quickbooks-2015,https://res.cloudinary.com/dj11e209p/image/upload/v1753832986/courses/vg4gi7nlekemzzqb8yqe.jpg,0,True,165,0,0,3,Beginner,0.6,"2015-05-11 23:16:54","Business Finance"
112,"Profitable binary option trading strategy",binaryoptions,https://res.cloudinary.com/dj11e209p/image/upload/v1753832986/courses/vg4gi7nlekemzzqb8yqe.jpg,0,True,177,0,0,3,Beginner,0.6,"2015-10-29 00:34:09","Business Finance"
113,"Accounting 2 Simplified for You",accounting-2-simplified-for-you,https://res.cloudinary.com/dj11e209p/image/upload/v1753832986/courses/vg4gi7nlekemzzqb8yqe.jpg,0,True,165,0,0,3,Beginner,0.6,"2014-12-09 08:31:40","Business Finance"
114,"Project Funding Modelling (for Professionals)",project-funding-modelling,https://res.cloudinary.com/dj11e209p/image/upload/v1753832986/courses/vg4gi7nlekemzzqb8yqe.jpg,0,True,103,0,0,3,Beginner,0.6,"2014-12-29 09:00:17","Business Finance"
115,"Leasing - A Comprehensive Study (Professional Course Level)",leasing-a-comprehensive-study,https://res.cloudinary.com/dj11e209p/image/upload/v1753832986/courses/vg4gi7nlekemzzqb8yqe.jpg,0,True,18,0,0,3,Beginner,0.6,"2015-07-17 22:10:39","Business Finance"
116,"TechniTrader Leading Hybrid Indicator Trading",leading-hybrid-indicator-trading,https://res.cloudinary.com/dj11e209p/image/upload/v1753832986/courses/vg4gi7nlekemzzqb8yqe.jpg,0,True,165,0,0,3,Intermediate,0.6,"2013-04-04 21:36:10","Business Finance"
117,"Accounting Is Easy (for Beginners)",fundamentals-of-accountancy,https://res.cloudinary.com/dj11e209p/image/upload/v1753832986/courses/vg4gi7nlekemzzqb8yqe.jpg,0,True,158,0,0,3,Beginner,0.6,"2014-05-20 18:13:38","Business Finance"
118,"Non Directional Weekly Options Trading System - ETF & Emini",etf-stock-options-non-directional-weekly-trading-system,https://res.cloudinary.com/dj11e209p/image/upload/v1753832986/courses/vg4gi7nlekemzzqb8yqe.jpg,0,True,152,0,0,3,Beginner,0.6,"2016-05-24 15:43:06","Business Finance"
119,"Master Iron Condors - Double the credit for half the risk",iron-condor-options-trading-strategy,https://res.cloudinary.com/dj11e209p/image/upload/v1753832986/courses/vg4gi7nlekemzzqb8yqe.jpg,0,True,124,0,0,3,Advanced,0.6,"2013-03-02 13:27:41","Business Finance"
120,"Basics of investing in Mutual Funds",mutualfundinvesting,https://res.cloudinary.com/dj11e209p/image/upload/v1753832986/courses/vg4gi7nlekemzzqb8yqe.jpg,0,True,5,0,0,3,Intermediate,0.6,"2015-03-03 01:22:39","Business Finance"
121,"A Value Investing Approach to the Stock Market",start-investing-the-right-way,https://res.cloudinary.com/dj11e209p/image/upload/v1753832986/courses/vg4gi7nlekemzzqb8yqe.jpg,0,True,65,0,0,3,Beginner,0.6,"2015-02-19 20:40:23","Business Finance"
122,"Learn how to INVEST for huge profits or make it big trading!",learn-how-to-invest-for-huge-profits-or-make-9k-day-trading,https://res.cloudinary.com/dj11e209p/image/upload/v1753832986/courses/vg4gi7nlekemzzqb8yqe.jpg,0,True,16,0,0,3,Beginner,0.6,"2015-06-19 22:49:13","Business Finance"
123,"Binary Options Course - Level 2",binary-options-course-level-2,https://res.cloudinary.com/dj11e209p/image/upload/v1753832986/courses/vg4gi7nlekemzzqb8yqe.jpg,0,True,18,0,0,3,Intermediate,0.6,"2014-06-26 02:00:55","Business Finance"
124,"Stock Technical Analysis with R",stock-technical-analysis-with-r,https://res.cloudinary.com/dj11e209p/image/upload/v1753832986/courses/vg4gi7nlekemzzqb8yqe.jpg,0,True,146,0,0,3,Beginner,0.6,"2016-03-18 20:46:05","Business Finance"
125,"Apply finance concepts for smart project management",apply-finance-concepts-for-smart-project-management,https://res.cloudinary.com/dj11e209p/image/upload/v1753832986/courses/vg4gi7nlekemzzqb8yqe.jpg,0,True,35,0,0,3,Beginner,0.6,"2016-02-23 21:05:46","Business Finance"
126,"Introduction to Futures Trading and Live Trade Demonstration",introduction-to-futures-trading-and-live-trading-futures,https://res.cloudinary.com/dj11e209p/image/upload/v1753832986/courses/vg4gi7nlekemzzqb8yqe.jpg,0,True,8,0,0,3,Advanced,0.6,"2017-05-24 14:16:09","Business Finance"
127,"Crowdfunding to Win",crowdfunding-to-win,https://res.cloudinary.com/dj11e209p/image/upload/v1753832986/courses/vg4gi7nlekemzzqb8yqe.jpg,0,True,109,0,0,3,Beginner,0.6,"2015-09-23 22:16:35","Business Finance"
128,"Comprehensive Forex Mastery Program",forex-mastery,https://res.cloudinary.com/dj11e209p/image/upload/v1753832986/courses/vg4gi7nlekemzzqb8yqe.jpg,0,True,128,0,0,3,Beginner,0.6,"2013-02-07 19:50:45","Business Finance"
129,"Preparation of Consolidated Financial Statements (Basic)",preparation-of-consolidated-financial-statements-basic,https://res.cloudinary.com/dj11e209p/image/upload/v1753832986/courses/vg4gi7nlekemzzqb8yqe.jpg,0,True,65,0,0,3,Intermediate,0.6,"2017-06-28 20:37:13","Business Finance"
130,"CFA Corporate Finance Level 2",advanced-capital-budgeting-techniques,https://res.cloudinary.com/dj11e209p/image/upload/v1753832986/courses/vg4gi7nlekemzzqb8yqe.jpg,0,True,48,0,0,3,Beginner,0.6,"2015-07-07 20:35:21","Business Finance"
131,"Stock Options Trades Using Interactive Brokers",stock-options-trades-using-interactive-brokers,https://res.cloudinary.com/dj11e209p/image/upload/v1753832986/courses/vg4gi7nlekemzzqb8yqe.jpg,0,True,131,0,0,3,Intermediate,0.6,"2015-09-07 20:21:39","Business Finance"
132,"Introduction to Options - Strategies For Consistent Profits",introduction-to-options-start-trading-now,https://res.cloudinary.com/dj11e209p/image/upload/v1753832986/courses/vg4gi7nlekemzzqb8yqe.jpg,0,True,120,0,0,3,Beginner,0.6,"2015-08-16 22:14:02","Business Finance"
133,"Risk in Forex Transactions - for CA  CS  CFA exams",forex-risks,https://res.cloudinary.com/dj11e209p/image/upload/v1753832986/courses/vg4gi7nlekemzzqb8yqe.jpg,0,True,190,0,0,3,Beginner,0.6,"2015-09-29 17:27:02","Business Finance"
134,"Basics of Business Statistics (College Level)",statistics-for-accounting-and-finance-professionals,https://res.cloudinary.com/dj11e209p/image/upload/v1753832986/courses/vg4gi7nlekemzzqb8yqe.jpg,0,True,107,0,0,3,Beginner,0.6,"2015-01-06 13:05:53","Business Finance"
135,"Trading Seasonal Price Patterns in Stocks, Futures, & Forex!",trading-seasonal-price-patterns-in-stocks-futures-forex,https://res.cloudinary.com/dj11e209p/image/upload/v1753832986/courses/vg4gi7nlekemzzqb8yqe.jpg,0,True,123,0,0,3,Beginner,0.6,"2016-03-30 04:56:57","Business Finance"
136,"Interpreting Financial Statements",financialstatements,https://res.cloudinary.com/dj11e209p/image/upload/v1753832986/courses/vg4gi7nlekemzzqb8yqe.jpg,0,True,142,0,0,3,Beginner,0.6,"2013-06-06 21:50:57","Business Finance"
137,"Introduction to Bookkeeping (Accounting)",introduction-to-bookkeeping,https://res.cloudinary.com/dj11e209p/image/upload/v1753832986/courses/vg4gi7nlekemzzqb8yqe.jpg,0,True,182,0,0,3,Beginner,0.6,"2014-01-31 20:40:36","Business Finance"
138,"CREDIT SPREAD SURGERY - Bear Call and Bull Put Mastery ",advanced-credit-spreads,https://res.cloudinary.com/dj11e209p/image/upload/v1753832986/courses/vg4gi7nlekemzzqb8yqe.jpg,0,True,173,0,0,3,Intermediate,0.6,"2013-03-05 11:31:37","Business Finance"
139,"Learn To Invest In Index Funds and ETFs In 7 Easy Steps",invest-in-index-funds-and-etfs-in-7-easy-steps,https://res.cloudinary.com/dj11e209p/image/upload/v1753832986/courses/vg4gi7nlekemzzqb8yqe.jpg,0,True,38,0,0,3,Beginner,0.6,"2015-07-20 23:48:08","Business Finance"
140,"Trade Recap I - A Real Look at Futures Options Markets",d-levels-trade-recap-jan-17th-feb-5th-2014,https://res.cloudinary.com/dj11e209p/image/upload/v1753832986/courses/vg4gi7nlekemzzqb8yqe.jpg,0,True,129,0,0,3,Beginner,0.6,"2014-02-17 09:22:13","Business Finance"
141,"Advanced Stock Options for Serious Equity Investors!",bullet-proof-options-controlled-leverage-investing-secrets,https://res.cloudinary.com/dj11e209p/image/upload/v1753832986/courses/vg4gi7nlekemzzqb8yqe.jpg,0,True,1,0,0,3,Advanced,0.6,"2015-09-22 19:48:31","Business Finance"
142,"Trading Binary Options for Fun and Profit",trading-binary-options-for-fun-and-profit,https://res.cloudinary.com/dj11e209p/image/upload/v1753832986/courses/vg4gi7nlekemzzqb8yqe.jpg,0,True,14,0,0,3,Beginner,0.6,"2015-02-21 00:36:13","Business Finance"
143,"How to be a Profitable Forex Trader",making-money-in-forex-market,https://res.cloudinary.com/dj11e209p/image/upload/v1753832986/courses/vg4gi7nlekemzzqb8yqe.jpg,0,True,113,0,0,3,Beginner,0.6,"2016-05-04 00:01:47","Business Finance"
144,"Excel Dashboard - Interactive Excel Dashboard and Charts",interactive-charts-in-excel,https://res.cloudinary.com/dj11e209p/image/upload/v1753832986/courses/vg4gi7nlekemzzqb8yqe.jpg,0,True,91,0,0,3,Beginner,0.6,"2015-03-19 16:57:50","Business Finance"
145,"The Securities Trade Lifecycle",the-securities-trade-lifecycle,https://res.cloudinary.com/dj11e209p/image/upload/v1753832986/courses/vg4gi7nlekemzzqb8yqe.jpg,0,True,175,0,0,3,Beginner,0.6,"2014-03-12 13:40:53","Business Finance"
146,"Double your Forex Account using the MAGIC MA trading robot",double-your-forex-account-using-the-magic-ma-robot,https://res.cloudinary.com/dj11e209p/image/upload/v1753832986/courses/vg4gi7nlekemzzqb8yqe.jpg,0,True,148,0,0,3,Intermediate,0.6,"2014-12-10 21:45:30","Business Finance"
147,"Advanced Accounting for Investment Banking",advanced-accounting-for-investment-banking,https://res.cloudinary.com/dj11e209p/image/upload/v1753832986/courses/vg4gi7nlekemzzqb8yqe.jpg,0,True,91,0,0,3,Intermediate,0.6,"2014-10-01 18:51:06","Business Finance"
148,"Investing In Stocks With 10 Simple Rules",value-investing-rules,https://res.cloudinary.com/dj11e209p/image/upload/v1753832986/courses/vg4gi7nlekemzzqb8yqe.jpg,0,True,21,0,0,3,Beginner,0.6,"2015-06-16 21:35:07","Business Finance"
149,"Venture Capital. What is it and Why it Matters to You!",venture-capital-sector-overview-what-is-it-and-why-it-matters-to-you,https://res.cloudinary.com/dj11e209p/image/upload/v1753832986/courses/vg4gi7nlekemzzqb8yqe.jpg,0,True,78,0,0,3,Beginner,0.6,"2015-10-14 17:50:29","Business Finance"
150,"Direction-Independ Trading - Elite Forex Traders  Strategy",direction-independ-trading-elite-traders-forex-strategy,https://res.cloudinary.com/dj11e209p/image/upload/v1753832986/courses/vg4gi7nlekemzzqb8yqe.jpg,0,True,169,0,0,3,Beginner,0.6,"2016-06-21 22:46:41","Business Finance"
151,"How to Become a Financial Analyst from Scratch!",become-a-financial-analyst-from-scratch-n1,https://res.cloudinary.com/dj11e209p/image/upload/v1753832986/courses/vg4gi7nlekemzzqb8yqe.jpg,0,True,49,0,0,3,Beginner,0.6,"2015-07-07 18:59:39","Business Finance"
152,"Investment Crowdfunding 101 (a.k.a Equity Crowdfunding)",crowdfund-investing-101-the-basics-of-equity-crowdfunding,https://res.cloudinary.com/dj11e209p/image/upload/v1753832986/courses/vg4gi7nlekemzzqb8yqe.jpg,0,True,93,0,0,3,Beginner,0.6,"2016-05-17 00:43:59","Business Finance"
153,"Read financial statements like a pro",read-financial-statements-in-5-minutes,https://res.cloudinary.com/dj11e209p/image/upload/v1753832986/courses/vg4gi7nlekemzzqb8yqe.jpg,0,True,119,0,0,3,Intermediate,0.6,"2015-03-02 23:49:35","Business Finance"
154,"10 Numbers Every Business Owner Should Know",10-numbers-every-business-owner-should-know,https://res.cloudinary.com/dj11e209p/image/upload/v1753832986/courses/vg4gi7nlekemzzqb8yqe.jpg,0,True,182,0,0,3,Beginner,0.6,"2015-03-08 19:11:24","Business Finance"
155,"Learn How To Trade Gold In 2017",learn-how-to-trade-gold-in-2017,https://res.cloudinary.com/dj11e209p/image/upload/v1753832986/courses/vg4gi7nlekemzzqb8yqe.jpg,0,True,5,0,0,3,Beginner,0.6,"2017-04-06 04:59:32","Business Finance"
156,"IAS 18 - Revenue",ias-18-revenue,https://res.cloudinary.com/dj11e209p/image/upload/v1753832986/courses/vg4gi7nlekemzzqb8yqe.jpg,0,True,172,0,0,3,Beginner,0.6,"2014-03-29 14:10:31","Business Finance"
157,"Fundamentals of Accounting for Business Owners",fundamentals-of-accounting-for-business-owners,https://res.cloudinary.com/dj11e209p/image/upload/v1753832986/courses/vg4gi7nlekemzzqb8yqe.jpg,0,True,88,0,0,3,Beginner,0.6,"2017-02-06 16:35:44","Business Finance"
158,"Practical Financial Statement Analysis",practical-financial-statement-analysis,https://res.cloudinary.com/dj11e209p/image/upload/v1753832986/courses/vg4gi7nlekemzzqb8yqe.jpg,0,True,61,0,0,3,Beginner,0.6,"2017-05-01 23:22:07","Business Finance"
159,"Forex Management - Detailed Study for CA  CS  CFA Exams",international-finance-a-comprehensive-study,https://res.cloudinary.com/dj11e209p/image/upload/v1753832986/courses/vg4gi7nlekemzzqb8yqe.jpg,0,True,53,0,0,3,Beginner,0.6,"2015-11-03 18:54:45","Business Finance"
160,"International Tax  - Tax Beyond boundaries",international-tax-course-intermediate-level,https://res.cloudinary.com/dj11e209p/image/upload/v1753832986/courses/vg4gi7nlekemzzqb8yqe.jpg,0,True,90,0,0,3,Beginner,0.6,"2016-09-06 15:03:27","Business Finance"
161,"The Complete Financial Statement Analysis Course",the-complete-financial-statement-analysis-course,https://res.cloudinary.com/dj11e209p/image/upload/v1753832986/courses/vg4gi7nlekemzzqb8yqe.jpg,0,True,112,0,0,3,Beginner,0.6,"2017-01-11 02:52:19","Business Finance"
162,"Advanced Excel functions",advanced-excel-functions-to-analyze-large-data,https://res.cloudinary.com/dj11e209p/image/upload/v1753832986/courses/vg4gi7nlekemzzqb8yqe.jpg,0,True,61,0,0,3,Beginner,0.6,"2016-01-12 20:03:45","Business Finance"
163,"Penny Stocks Value & Chart Pattern Trading (2 Course Bundle)",basics-investing-penny-stocks-beginners-hot-best-penny-stocks-trading,https://res.cloudinary.com/dj11e209p/image/upload/v1753832986/courses/vg4gi7nlekemzzqb8yqe.jpg,0,True,118,0,0,3,Beginner,0.6,"2017-02-22 21:36:08","Business Finance"
164,"Candlestick Analysis For Professional Traders",testing-candlesticks,https://res.cloudinary.com/dj11e209p/image/upload/v1753832986/courses/vg4gi7nlekemzzqb8yqe.jpg,0,True,51,0,0,3,Advanced,0.6,"2016-05-18 16:04:14","Business Finance"
165,"Build A Career In Forex Trading- Learn Fundamental Analysis",build-a-career-in-forex-trading-learn-fundamental-analysis,https://res.cloudinary.com/dj11e209p/image/upload/v1753832986/courses/vg4gi7nlekemzzqb8yqe.jpg,0,True,179,0,0,3,Beginner,0.6,"2015-11-23 20:42:22","Business Finance"
166,"Hands-on Financial Modeling (With 6 Excel Templates)",financial-modelling-in-excel,https://res.cloudinary.com/dj11e209p/image/upload/v1753832986/courses/vg4gi7nlekemzzqb8yqe.jpg,0,True,67,0,0,3,Intermediate,0.6,"2015-04-02 17:51:17","Business Finance"
167,"CAIIB Advanced Bank Management (Part I)",statistics-regression-analysis,https://res.cloudinary.com/dj11e209p/image/upload/v1753832986/courses/vg4gi7nlekemzzqb8yqe.jpg,0,True,141,0,0,3,Beginner,0.6,"2016-04-15 18:43:40","Business Finance"
168,"Learn How to Play CashFlow Game",learn-how-to-play-cashflow-game,https://res.cloudinary.com/dj11e209p/image/upload/v1753832986/courses/vg4gi7nlekemzzqb8yqe.jpg,0,True,187,0,0,3,Beginner,0.6,"2016-10-17 21:16:49","Business Finance"
169,"Basics of Business Finance",basics-of-business-finance,https://res.cloudinary.com/dj11e209p/image/upload/v1753832986/courses/vg4gi7nlekemzzqb8yqe.jpg,0,True,196,0,0,3,Beginner,0.6,"2013-03-22 17:42:18","Business Finance"
170,"Accounting Made Easy 2",accounting-made-easy-2,https://res.cloudinary.com/dj11e209p/image/upload/v1753832986/courses/vg4gi7nlekemzzqb8yqe.jpg,0,True,72,0,0,3,Intermediate,0.6,"2015-09-16 18:57:23","Business Finance"
171,"MQL4 Tutorial Golden Goose",mql4-tutorial-golden-goose-trading-tutorial,https://res.cloudinary.com/dj11e209p/image/upload/v1753832986/courses/vg4gi7nlekemzzqb8yqe.jpg,0,True,64,0,0,3,Beginner,0.6,"2015-06-07 19:32:46","Business Finance"
172,"Technical Analysis Using Elliott Wave Theory",technical-analysis-using-elliott-wave-theory,https://res.cloudinary.com/dj11e209p/image/upload/v1753832986/courses/vg4gi7nlekemzzqb8yqe.jpg,0,True,133,0,0,3,Beginner,0.6,"2016-11-01 19:30:11","Business Finance"
173,"The Basics Of Volume Analysis",volume-analysis-basis,https://res.cloudinary.com/dj11e209p/image/upload/v1753832986/courses/vg4gi7nlekemzzqb8yqe.jpg,0,True,46,0,0,3,Beginner,0.6,"2013-02-24 13:23:14","Business Finance"
174,"Crash Course on Cost of Capital and Capital Structuring",crash-course-on-cost-of-capital-and-capital-structuring,https://res.cloudinary.com/dj11e209p/image/upload/v1753832986/courses/vg4gi7nlekemzzqb8yqe.jpg,0,True,73,0,0,3,Beginner,0.6,"2015-04-13 17:52:57","Business Finance"
175,"Business Accounting Made Easy",accounting-level-1-course,https://res.cloudinary.com/dj11e209p/image/upload/v1753832986/courses/vg4gi7nlekemzzqb8yqe.jpg,0,True,57,0,0,3,Beginner,0.6,"2015-09-05 05:15:07","Business Finance"
176,"Build a DCF Model from Scratch",build-a-dcf-model,https://res.cloudinary.com/dj11e209p/image/upload/v1753832986/courses/vg4gi7nlekemzzqb8yqe.jpg,0,True,148,0,0,3,Beginner,0.6,"2014-09-14 21:13:26","Business Finance"
177,"Technical Analysis - A practical approach for trade entry",learn-technical-analysis,https://res.cloudinary.com/dj11e209p/image/upload/v1753832986/courses/vg4gi7nlekemzzqb8yqe.jpg,0,True,17,0,0,3,Advanced,0.6,"2013-02-24 04:47:36","Business Finance"
178,"The Complete Guide to Professional Trading with Elliott Wave",practical-trading-trade-stocks-forex-with-elliott-wave,https://res.cloudinary.com/dj11e209p/image/upload/v1753832986/courses/vg4gi7nlekemzzqb8yqe.jpg,0,True,73,0,0,3,Beginner,0.6,"2016-05-11 16:40:05","Business Finance"
179,"A Complete Guide to Becoming a Trader on the Forex Market",make-a-living-with-forex,https://res.cloudinary.com/dj11e209p/image/upload/v1753832986/courses/vg4gi7nlekemzzqb8yqe.jpg,0,True,94,0,0,3,Beginner,0.6,"2014-06-28 05:52:41","Business Finance"
180,"Stock Market for Beginners - Complete Starter Toolkit",complete-stock-market-starter-toolkit-for-beginners,https://res.cloudinary.com/dj11e209p/image/upload/v1753832986/courses/vg4gi7nlekemzzqb8yqe.jpg,0,True,123,0,0,3,Intermediate,0.6,"2016-03-31 18:22:30","Business Finance"
181,"Beginners Binary Options Course",beginners-binary-options-trading-course,https://res.cloudinary.com/dj11e209p/image/upload/v1753832986/courses/vg4gi7nlekemzzqb8yqe.jpg,0,True,66,0,0,3,Beginner,0.6,"2014-04-27 06:58:27","Business Finance"
182,"Volatility Trading Analysis with R",volatility-trading-analysis-with-r,https://res.cloudinary.com/dj11e209p/image/upload/v1753832986/courses/vg4gi7nlekemzzqb8yqe.jpg,0,True,72,0,0,3,Advanced,0.6,"2017-03-06 21:26:55","Business Finance"
183,"How To Profit From Stock Market Volatility",how-to-trade-stock-market-volatility,https://res.cloudinary.com/dj11e209p/image/upload/v1753832986/courses/vg4gi7nlekemzzqb8yqe.jpg,0,True,200,0,0,3,Beginner,0.6,"2017-01-23 18:23:58","Business Finance"
184,"WE WILL PAY YOU TO TRADE WITH US",trade-forex-the-professional-way-by-trading-live-with-us,https://res.cloudinary.com/dj11e209p/image/upload/v1753832986/courses/vg4gi7nlekemzzqb8yqe.jpg,0,True,150,0,0,3,Beginner,0.6,"2014-08-18 21:09:54","Business Finance"
185,"Portfolio Management for CA  CS  CFA exams",portfolio-management-quantitative-techniques,https://res.cloudinary.com/dj11e209p/image/upload/v1753832986/courses/vg4gi7nlekemzzqb8yqe.jpg,0,True,85,0,0,3,Beginner,0.6,"2015-07-21 19:24:17","Business Finance"
186,"Finding an Unlimited Amount of Investors",accredited-investors,https://res.cloudinary.com/dj11e209p/image/upload/v1753832986/courses/vg4gi7nlekemzzqb8yqe.jpg,0,True,80,0,0,3,Beginner,0.6,"2016-03-03 22:25:41","Business Finance"
187,"Bookkeeping Made Easy",accounting-made-easy,https://res.cloudinary.com/dj11e209p/image/upload/v1753832986/courses/vg4gi7nlekemzzqb8yqe.jpg,0,True,135,0,0,3,Beginner,0.6,"2015-07-14 00:00:48","Business Finance"
188,"BITCOIN VISUALLY. Part I.",bitcoin-visually-part-i,https://res.cloudinary.com/dj11e209p/image/upload/v1753832986/courses/vg4gi7nlekemzzqb8yqe.jpg,0,True,9,0,0,3,Beginner,0.6,"2014-03-16 14:36:01","Business Finance"
189,"Learn and Master the Basics of Finance",finance-101,https://res.cloudinary.com/dj11e209p/image/upload/v1753832986/courses/vg4gi7nlekemzzqb8yqe.jpg,0,True,57,0,0,3,Beginner,0.6,"2016-09-25 20:37:51","Business Finance"
190,"Exam 1 Review - Managerial Accounting (U of H)",exam-1-review-mgr-acct,https://res.cloudinary.com/dj11e209p/image/upload/v1753832986/courses/vg4gi7nlekemzzqb8yqe.jpg,0,True,126,0,0,3,Beginner,0.6,"2016-02-11 16:23:46","Business Finance"
191,"Get to grips with the CFA calculator",cfa-calculator,https://res.cloudinary.com/dj11e209p/image/upload/v1753832986/courses/vg4gi7nlekemzzqb8yqe.jpg,0,True,96,0,0,3,Beginner,0.6,"2013-08-05 16:02:15","Business Finance"
192,"Financial Model Fundamentals-Learn the Essential Skills",financial-model-fundamentals-learn-the-essential-skills,https://res.cloudinary.com/dj11e209p/image/upload/v1753832986/courses/vg4gi7nlekemzzqb8yqe.jpg,0,True,36,0,0,3,Beginner,0.6,"2015-06-01 20:58:11","Business Finance"
193,"Forex For Beginners - A Guide To Currency Trading",forex-for-beginners-a-guide-to-currency-trading,https://res.cloudinary.com/dj11e209p/image/upload/v1753832986/courses/vg4gi7nlekemzzqb8yqe.jpg,0,True,29,0,0,3,Beginner,0.6,"2015-05-25 18:19:21","Business Finance"
194,"Raise Your Credit Score to 800 Or More....",raise-your-credit-score-to-800-or-more,https://res.cloudinary.com/dj11e209p/image/upload/v1753832986/courses/vg4gi7nlekemzzqb8yqe.jpg,0,True,108,0,0,3,Beginner,0.6,"2015-07-12 19:05:43","Business Finance"
195,"Financial Management Budgeting Techniques",learn-cash-budgeting-techniques,https://res.cloudinary.com/dj11e209p/image/upload/v1753832986/courses/vg4gi7nlekemzzqb8yqe.jpg,0,True,155,0,0,3,Beginner,0.6,"2015-04-12 16:28:31","Business Finance"
196,"Forex Killing Divergence - How to trade with precision",forex-killing-divergence-how-to-trade-with-precision,https://res.cloudinary.com/dj11e209p/image/upload/v1753832986/courses/vg4gi7nlekemzzqb8yqe.jpg,0,True,63,0,0,3,Beginner,0.6,"2015-01-25 18:41:28","Business Finance"
197,"Working Capital Management for CA  CFA  CPA Exams",working-capital-management,https://res.cloudinary.com/dj11e209p/image/upload/v1753832986/courses/vg4gi7nlekemzzqb8yqe.jpg,0,True,62,0,0,3,Intermediate,0.6,"2014-10-25 13:00:19","Business Finance"
198,"Risk Analysis - Capital Budgeting for CA  CS  CFA exams",risk-analysis-in-capital-budgeting,https://res.cloudinary.com/dj11e209p/image/upload/v1753832986/courses/vg4gi7nlekemzzqb8yqe.jpg,0,True,174,0,0,3,Beginner,0.6,"2015-07-07 20:21:29","Business Finance"
199,"Mastering Futures Options for Beginners - Your Top 5 Plays!",mastering-futures-options-for-beginners-your-top-10-plays,https://res.cloudinary.com/dj11e209p/image/upload/v1753832986/courses/vg4gi7nlekemzzqb8yqe.jpg,0,True,84,0,0,3,Beginner,0.6,"2016-02-02 20:35:37","Business Finance"
200,"Professional Options Trading, Simplified",optionstrading,https://res.cloudinary.com/dj11e209p/image/upload/v1753832986/courses/vg4gi7nlekemzzqb8yqe.jpg,0,True,21,0,0,3,Beginner,0.6,"2015-04-17 21:59:15","Business Finance"
201,"Advanced Options Concepts - Probability, Greeks, Simulation",advanced-options-analysis,https://res.cloudinary.com/dj11e209p/image/upload/v1753832986/courses/vg4gi7nlekemzzqb8yqe.jpg,0,True,30,0,0,0,Intermediate,0,"2013-02-27 13:05:27","Business Finance"
204,"My Forex Strategy that win consistently over and over",my-forex-strategy-that-help-me-consistently-winning,https://res.cloudinary.com/dj11e209p/image/upload/v1753832986/courses/vg4gi7nlekemzzqb8yqe.jpg,0,True,130,0,0,0,Intermediate,0,"2016-10-29 14:51:53","Business Finance"
208,"How to invest in Gold",howtoinvestingold,https://res.cloudinary.com/dj11e209p/image/upload/v1753832986/courses/vg4gi7nlekemzzqb8yqe.jpg,0,True,171,0,0,0,Beginner,0,"2016-06-14 17:10:19","Business Finance"
211,"FuturesCommodity Training (Basics)",commodity,https://res.cloudinary.com/dj11e209p/image/upload/v1753832986/courses/vg4gi7nlekemzzqb8yqe.jpg,0,True,7,0,0,0,Beginner,0,"2015-02-07 07:04:07","Business Finance"
212,"Cost Accounting Marginal Costing Theory and Practice",marginal-costing-theory-and-practice,https://res.cloudinary.com/dj11e209p/image/upload/v1753832986/courses/vg4gi7nlekemzzqb8yqe.jpg,0,True,19,0,0,0,Beginner,0,"2015-03-24 19:07:08","Business Finance"
216,"Introduction to Value Growth Investing",introduction-to-value-growth-investing,https://res.cloudinary.com/dj11e209p/image/upload/v1753832986/courses/vg4gi7nlekemzzqb8yqe.jpg,0,True,126,0,0,0,Beginner,0,"2016-12-20 16:08:26","Business Finance"
219,"Learn About Trading Options from a real wallstreet trader",learn-about-trading-options-from-a-former-stockbroker,https://res.cloudinary.com/dj11e209p/image/upload/v1753832986/courses/vg4gi7nlekemzzqb8yqe.jpg,0,True,100,0,0,0,Beginner,0,"2016-02-21 22:40:55","Business Finance"
224,"Accounting and Finance for Bankers - A Comprehensive Study",crash-course-on-financial-management,https://res.cloudinary.com/dj11e209p/image/upload/v1753832986/courses/vg4gi7nlekemzzqb8yqe.jpg,0,True,181,0,0,0,Beginner,0,"2015-04-10 19:24:28","Business Finance"
227,"TRADING TRUTHS",trading-truths,https://res.cloudinary.com/dj11e209p/image/upload/v1753832986/courses/vg4gi7nlekemzzqb8yqe.jpg,0,True,7,0,0,0,Beginner,0,"2015-06-12 17:34:50","Business Finance"
231,"TRADING TACTICS",trading-tactics,https://res.cloudinary.com/dj11e209p/image/upload/v1753832986/courses/vg4gi7nlekemzzqb8yqe.jpg,0,True,198,0,0,0,Beginner,0,"2015-02-13 20:19:58","Business Finance"
238,"Trading Economic Indicators - Complete Trading System",hacking-trading-through-economic-indicators,https://res.cloudinary.com/dj11e209p/image/upload/v1753832986/courses/vg4gi7nlekemzzqb8yqe.jpg,0,True,64,0,0,0,Beginner,0,"2015-09-17 18:47:54","Business Finance"
241,"Covered Calls - Powerful Income Strategy for Stock Traders",covered-calls-income-strategy-for-stock-traders,https://res.cloudinary.com/dj11e209p/image/upload/v1753832986/courses/vg4gi7nlekemzzqb8yqe.jpg,0,True,30,0,0,0,Beginner,0,"2017-07-03 15:13:33","Business Finance"
248,"Simple things you must know before start FOREX (OFFER)",forex-simple-things,https://res.cloudinary.com/dj11e209p/image/upload/v1753832986/courses/vg4gi7nlekemzzqb8yqe.jpg,0,True,194,0,0,0,Beginner,0,"2017-03-10 22:11:34","Business Finance"
249,"Practical Finance",practical-finance,https://res.cloudinary.com/dj11e209p/image/upload/v1753832986/courses/vg4gi7nlekemzzqb8yqe.jpg,0,True,70,0,0,0,Beginner,0,"2015-07-14 18:14:16","Business Finance"
252,"Forex Trading -  Learn to Trade From Scratch!",forex-trading-ultimate-course-to-get-you-started,https://res.cloudinary.com/dj11e209p/image/upload/v1753832986/courses/vg4gi7nlekemzzqb8yqe.jpg,0,True,182,0,0,0,Beginner,0,"2016-06-19 14:56:45","Business Finance"
255,"Get Started With Penny Stocks -Step by Step Guide to Trading",trading-penny-stocks-advanced-strategies,https://res.cloudinary.com/dj11e209p/image/upload/v1753832986/courses/vg4gi7nlekemzzqb8yqe.jpg,0,True,167,0,0,0,Beginner,0,"2014-06-02 03:34:56","Business Finance"
266,"Business Banking 101",business-banking-101,https://res.cloudinary.com/dj11e209p/image/upload/v1753832986/courses/vg4gi7nlekemzzqb8yqe.jpg,0,True,152,0,0,0,Beginner,0,"2015-04-06 18:05:26","Business Finance"
274,"How To Crowdfund",how-to-crowdfund,https://res.cloudinary.com/dj11e209p/image/upload/v1753832986/courses/vg4gi7nlekemzzqb8yqe.jpg,0,True,90,0,0,0,Beginner,0,"2012-10-02 22:00:03","Business Finance"
275,"Financial Statement Fundamentals for Small Biz & Investors",financial-statement-fundamentals,https://res.cloudinary.com/dj11e209p/image/upload/v1753832986/courses/vg4gi7nlekemzzqb8yqe.jpg,0,True,122,0,0,0,Beginner,0,"2015-05-14 21:17:53","Business Finance"
276,"Master The Stock Market with practice",master-the-stock-market-with-practice,https://res.cloudinary.com/dj11e209p/image/upload/v1753832986/courses/vg4gi7nlekemzzqb8yqe.jpg,0,True,195,0,0,0,Beginner,0,"2015-05-15 18:04:34","Business Finance"
277,"Introduction to Trade Theory (Technical Analysis) For Stocks",intro-price-theory-klatch-tminr,https://res.cloudinary.com/dj11e209p/image/upload/v1753832986/courses/vg4gi7nlekemzzqb8yqe.jpg,0,True,128,0,0,0,Beginner,0,"2014-11-24 04:14:02","Business Finance"
283,"Filing with Companies House UK",filing-with-companies-house-uk,https://res.cloudinary.com/dj11e209p/image/upload/v1753832986/courses/vg4gi7nlekemzzqb8yqe.jpg,0,True,119,0,0,0,Beginner,0,"2015-03-08 19:26:34","Business Finance"
288,"Beginners Guide To Ichimoku Trading",ichimoku,https://res.cloudinary.com/dj11e209p/image/upload/v1753832986/courses/vg4gi7nlekemzzqb8yqe.jpg,0,True,97,0,0,0,Beginner,0,"2016-04-27 20:06:23","Business Finance"
289,"Financial Management - Ratio Analysis",financial-ratio-analysis,https://res.cloudinary.com/dj11e209p/image/upload/v1753832986/courses/vg4gi7nlekemzzqb8yqe.jpg,0,True,144,0,0,0,Beginner,0,"2014-07-05 15:25:07","Business Finance"
290,"ALGOTECH Hedge Fund Method for Stock Market Trading",algotech-hedge-fund-method-for-stock-market,https://res.cloudinary.com/dj11e209p/image/upload/v1753832986/courses/vg4gi7nlekemzzqb8yqe.jpg,0,True,53,0,0,0,Beginner,0,"2016-10-10 21:05:19","Business Finance"
292,"Complete Claritas Investment Certificate",claritas-investment-certificate,https://res.cloudinary.com/dj11e209p/image/upload/v1753832986/courses/vg4gi7nlekemzzqb8yqe.jpg,0,True,122,0,0,0,Beginner,0,"2013-08-05 16:01:50","Business Finance"
297,"Best Practices in Corporate Budgeting",best-practices-corporate-budgeting,https://res.cloudinary.com/dj11e209p/image/upload/v1753832986/courses/vg4gi7nlekemzzqb8yqe.jpg,0,True,84,0,0,0,Intermediate,0,"2017-06-29 22:01:56","Business Finance"
301,"Forex how traders beat the markest with little experience",forex-how-traders-beat-the-markest-with-little-experience,https://res.cloudinary.com/dj11e209p/image/upload/v1753832986/courses/vg4gi7nlekemzzqb8yqe.jpg,0,True,171,0,0,0,Beginner,0,"2017-07-06 21:16:13","Business Finance"
303,"Foundations of Investing",foundations-of-investing,https://res.cloudinary.com/dj11e209p/image/upload/v1753832986/courses/vg4gi7nlekemzzqb8yqe.jpg,0,True,186,0,0,0,Beginner,0,"2016-07-27 21:07:46","Business Finance"
304,"Capital Market Road Map",capital-market-road-map,https://res.cloudinary.com/dj11e209p/image/upload/v1753832986/courses/vg4gi7nlekemzzqb8yqe.jpg,0,True,150,0,0,0,Beginner,0,"2014-03-11 16:15:21","Business Finance"
305,"CurrencyFair - Avoid Bank Charges when converting currencies",currencyfair-currency-exchange,https://res.cloudinary.com/dj11e209p/image/upload/v1753832986/courses/vg4gi7nlekemzzqb8yqe.jpg,0,True,36,0,0,0,Beginner,0,"2016-05-05 14:38:15","Business Finance"
308,"Bookkeeping to Command Senior Bookkeeping Wages",bookkeeping-to-command-senior-bookkeeping-wages,https://res.cloudinary.com/dj11e209p/image/upload/v1753832986/courses/vg4gi7nlekemzzqb8yqe.jpg,0,True,146,0,0,0,Beginner,0,"2015-03-06 01:31:54","Business Finance"
309,"Take Your Career to the Next Level with MBA Finance",take-your-career-to-the-next-level-with-mba-finance,https://res.cloudinary.com/dj11e209p/image/upload/v1753832986/courses/vg4gi7nlekemzzqb8yqe.jpg,0,True,176,0,0,0,Beginner,0,"2015-10-29 23:18:23","Business Finance"
313,"Bitcoin Trading 101",bitcoin-trading,https://res.cloudinary.com/dj11e209p/image/upload/v1753832986/courses/vg4gi7nlekemzzqb8yqe.jpg,0,True,96,0,0,0,Beginner,0,"2015-01-29 08:03:35","Business Finance"
318,"What You Should Know to Become a Trader",what-you-should-know-to-become-a-trader,https://res.cloudinary.com/dj11e209p/image/upload/v1753832986/courses/vg4gi7nlekemzzqb8yqe.jpg,0,True,181,0,0,0,Beginner,0,"2016-09-29 05:13:00","Business Finance"
319,"Financial Reporting A Comprehensive Study",financial-reporting-a-comprehensive-study,https://res.cloudinary.com/dj11e209p/image/upload/v1753832986/courses/vg4gi7nlekemzzqb8yqe.jpg,0,True,47,0,0,0,Beginner,0,"2017-02-09 21:58:02","Business Finance"
321,"Trading for Beginners - Entry Level",trading-for-beginners-tier-1,https://res.cloudinary.com/dj11e209p/image/upload/v1753832986/courses/vg4gi7nlekemzzqb8yqe.jpg,0,True,111,0,0,0,Beginner,0,"2016-10-03 22:21:54","Business Finance"
324,"Accounting Bank Reconciliation Statement (College Level)",bankreconciliationstatement,https://res.cloudinary.com/dj11e209p/image/upload/v1753832986/courses/vg4gi7nlekemzzqb8yqe.jpg,0,True,100,0,0,0,Beginner,0,"2015-05-25 19:46:32","Business Finance"
325,"FastTrack to Stock Trading Strategies",fasttrack-to-stock-trading-strategies,https://res.cloudinary.com/dj11e209p/image/upload/v1753832986/courses/vg4gi7nlekemzzqb8yqe.jpg,0,True,183,0,0,0,Beginner,0,"2014-08-05 18:24:18","Business Finance"
333,"Trading Mindset, and Three Steps To Profitable Trading",trading-mindset-steps-to-profitable-trading,https://res.cloudinary.com/dj11e209p/image/upload/v1753832986/courses/vg4gi7nlekemzzqb8yqe.jpg,0,True,189,0,0,0,Beginner,0,"2015-11-02 20:13:05","Business Finance"
336,"Winning Options Trading System",winning-options-trading-system,https://res.cloudinary.com/dj11e209p/image/upload/v1753832986/courses/vg4gi7nlekemzzqb8yqe.jpg,0,True,21,0,0,0,Beginner,0,"2013-10-09 21:12:00","Business Finance"
337,"How to invest in Russian equity market",how-to-invest-in-russian-equity-market,https://res.cloudinary.com/dj11e209p/image/upload/v1753832986/courses/vg4gi7nlekemzzqb8yqe.jpg,0,True,167,0,0,0,Intermediate,0,"2015-09-15 18:28:43","Business Finance"
338,"Handle difficult questions the bank manager will ask you",handle-difficult-questions-the-bank-manager-will-ask-you,https://res.cloudinary.com/dj11e209p/image/upload/v1753832986/courses/vg4gi7nlekemzzqb8yqe.jpg,0,True,25,0,0,0,Beginner,0,"2015-09-04 20:03:24","Business Finance"
339,"Credit Control Procedures",credit-control,https://res.cloudinary.com/dj11e209p/image/upload/v1753832986/courses/vg4gi7nlekemzzqb8yqe.jpg,0,True,100,0,0,0,Beginner,0,"2014-09-22 03:58:46","Business Finance"
340,"Six Stage Negotiation",six-stage-negotiation-for-cash-collection,https://res.cloudinary.com/dj11e209p/image/upload/v1753832986/courses/vg4gi7nlekemzzqb8yqe.jpg,0,True,3,0,0,0,Beginner,0,"2016-05-11 17:08:03","Business Finance"
343,"UK Tax Returns with HMRC",corporation-tax-returns-hmrc,https://res.cloudinary.com/dj11e209p/image/upload/v1753832986/courses/vg4gi7nlekemzzqb8yqe.jpg,0,True,23,0,0,0,Beginner,0,"2016-04-05 15:48:32","Business Finance"
345,"How to Obtain a Business Loan",how-to-obtain-a-business-loan,https://res.cloudinary.com/dj11e209p/image/upload/v1753832986/courses/vg4gi7nlekemzzqb8yqe.jpg,0,True,29,0,0,0,Beginner,0,"2015-11-17 19:17:56","Business Finance"
347,"Cost Accounting Operating Costing(Professional Course Level)",operating-costing,https://res.cloudinary.com/dj11e209p/image/upload/v1753832986/courses/vg4gi7nlekemzzqb8yqe.jpg,0,True,121,0,0,0,Beginner,0,"2015-04-24 00:21:44","Business Finance"
348,"Accounting, Finance and Banking - A Comprehensive Study",accounting-finance-and-banking-a-comprehensive-study,https://res.cloudinary.com/dj11e209p/image/upload/v1753832986/courses/vg4gi7nlekemzzqb8yqe.jpg,0,True,36,0,0,0,Beginner,0,"2015-03-26 18:01:39","Business Finance"
349,"Advanced Technical Analysis PART1!",advanced-technical-analysis-part1,https://res.cloudinary.com/dj11e209p/image/upload/v1753832986/courses/vg4gi7nlekemzzqb8yqe.jpg,0,True,179,0,0,0,Intermediate,0,"2017-06-27 22:00:27","Business Finance"
351,"Learn the Foundations of Stocks and Options",learn-how-to-trade-stocks-and-options,https://res.cloudinary.com/dj11e209p/image/upload/v1753832986/courses/vg4gi7nlekemzzqb8yqe.jpg,0,True,106,0,0,0,Beginner,0,"2016-08-11 21:18:34","Business Finance"
354,"Credit Risk Analysis",credit-specific-analysis,https://res.cloudinary.com/dj11e209p/image/upload/v1753832986/courses/vg4gi7nlekemzzqb8yqe.jpg,0,True,12,0,0,0,Intermediate,0,"2016-01-28 22:09:01","Business Finance"
355,"Fund Flow Analysis for CA  CFA  CPA Exams",learn-fund-flow-analysis,https://res.cloudinary.com/dj11e209p/image/upload/v1753832986/courses/vg4gi7nlekemzzqb8yqe.jpg,0,True,141,0,0,0,Intermediate,0,"2014-11-28 11:43:27","Business Finance"
365,"Fundamental Financial Math",fundamental-financial-math,https://res.cloudinary.com/dj11e209p/image/upload/v1753832986/courses/vg4gi7nlekemzzqb8yqe.jpg,0,True,197,0,0,0,Beginner,0,"2014-03-04 19:36:43","Business Finance"
366,"Equity Swaps",equity-swaps,https://res.cloudinary.com/dj11e209p/image/upload/v1753832986/courses/vg4gi7nlekemzzqb8yqe.jpg,0,True,99,0,0,0,Beginner,0,"2014-03-13 22:12:01","Business Finance"
376,"Collection of Advanced Options concepts for Options traders",advanced-options-concepts-for-options-stock-traders,https://res.cloudinary.com/dj11e209p/image/upload/v1753832986/courses/vg4gi7nlekemzzqb8yqe.jpg,0,True,59,0,0,0,Advanced,0,"2015-04-13 23:02:21","Business Finance"
383,"Managing Budgets in the Public and Non Profit Sector",managing-budgets-in-the-public-and-non-profit-sector,https://res.cloudinary.com/dj11e209p/image/upload/v1753832986/courses/vg4gi7nlekemzzqb8yqe.jpg,0,True,31,0,0,0,Beginner,0,"2017-06-22 20:28:25","Business Finance"
387,"Introduction to the 8 Pillars for Accountants",8-pillars-for-accountants-introduction,https://res.cloudinary.com/dj11e209p/image/upload/v1753832986/courses/vg4gi7nlekemzzqb8yqe.jpg,0,True,100,0,0,0,Beginner,0,"2014-08-16 17:37:15","Business Finance"
388,"FX Trading for Beginners",fx-trading-for-beginners,https://res.cloudinary.com/dj11e209p/image/upload/v1753832986/courses/vg4gi7nlekemzzqb8yqe.jpg,0,True,103,0,0,0,Beginner,0,"2013-12-01 04:10:23","Business Finance"
391,"Ratio analysis for bankers and credit analysts",ratio-analysis-for-bankers-and-credit-analysts,https://res.cloudinary.com/dj11e209p/image/upload/v1753832986/courses/vg4gi7nlekemzzqb8yqe.jpg,0,True,115,0,0,0,Beginner,0,"2017-04-12 16:55:26","Business Finance"
392,"Numbers for the  Business Plan",numbers-for-the-business-plan,https://res.cloudinary.com/dj11e209p/image/upload/v1753832986/courses/vg4gi7nlekemzzqb8yqe.jpg,0,True,143,0,0,0,Beginner,0,"2014-09-22 05:12:53","Business Finance"
394,"1 - Concepts of Statistics For Beginners Step by Step",concepts-of-statistics,https://res.cloudinary.com/dj11e209p/image/upload/v1753832986/courses/vg4gi7nlekemzzqb8yqe.jpg,0,True,146,0,0,0,Beginner,0,"2015-08-30 22:48:34","Business Finance"
395,"3. Compound Interest ",compound-interest,https://res.cloudinary.com/dj11e209p/image/upload/v1753832986/courses/vg4gi7nlekemzzqb8yqe.jpg,0,True,180,0,0,0,Beginner,0,"2014-02-11 18:06:18","Business Finance"
396,"8. Amortization Schedules",amortization-schedules,https://res.cloudinary.com/dj11e209p/image/upload/v1753832986/courses/vg4gi7nlekemzzqb8yqe.jpg,0,True,106,0,0,0,Beginner,0,"2014-03-19 18:30:55","Business Finance"
397,"Finance Fundamentals for Non Finance Leaders",finance-fundamentals-for-business-leaders,https://res.cloudinary.com/dj11e209p/image/upload/v1753832986/courses/vg4gi7nlekemzzqb8yqe.jpg,0,True,103,0,0,0,Beginner,0,"2015-08-04 21:56:58","Business Finance"
408,"Estruturação Financeira",estruturacao-financeira,https://res.cloudinary.com/dj11e209p/image/upload/v1753832986/courses/vg4gi7nlekemzzqb8yqe.jpg,0,True,134,0,0,0,Beginner,0,"2017-05-08 02:40:04","Business Finance"
409,"Five steps to becoming a winner in stock investing",five-steps-to-becoming-a-winner-in-stock-investing,https://res.cloudinary.com/dj11e209p/image/upload/v1753832986/courses/vg4gi7nlekemzzqb8yqe.jpg,0,True,192,0,0,0,Beginner,0,"2015-11-06 19:05:01","Business Finance"
412,"How to read a Profit & Loss Account and Balance Sheet",how-to-read-a-profit-loss-account-and-balance-sheet,https://res.cloudinary.com/dj11e209p/image/upload/v1753832986/courses/vg4gi7nlekemzzqb8yqe.jpg,0,True,64,0,0,0,Beginner,0,"2014-09-22 04:05:52","Business Finance"
416,"Bookkeeping Systems",bookkeeping-systems,https://res.cloudinary.com/dj11e209p/image/upload/v1753832986/courses/vg4gi7nlekemzzqb8yqe.jpg,0,True,153,0,0,0,Beginner,0,"2014-09-22 05:16:06","Business Finance"
417,"Precious Metal Equities",precious-metal-equities,https://res.cloudinary.com/dj11e209p/image/upload/v1753832986/courses/vg4gi7nlekemzzqb8yqe.jpg,0,True,178,0,0,0,Beginner,0,"2013-05-26 14:14:33","Business Finance"
419,"Tradeonomics - Four Steps to Mastering Economic Indicators",a-laymans-guide-to-the-us-economy-demystifying-indicators,https://res.cloudinary.com/dj11e209p/image/upload/v1753832986/courses/vg4gi7nlekemzzqb8yqe.jpg,0,True,14,0,0,0,Beginner,0,"2016-04-01 15:56:38","Business Finance"
422,"Samuel and Co Trading - Stock & Forex Trading",samuel-co-forex-and-stock-trading,https://res.cloudinary.com/dj11e209p/image/upload/v1753832986/courses/vg4gi7nlekemzzqb8yqe.jpg,0,True,115,0,0,0,Beginner,0,"2014-02-10 18:12:06","Business Finance"
424,"How I Trade Forex Successfully",how-trade-forex-successfully,https://res.cloudinary.com/dj11e209p/image/upload/v1753832986/courses/vg4gi7nlekemzzqb8yqe.jpg,0,True,2,0,0,0,Beginner,0,"2015-11-13 17:28:16","Business Finance"
425,"Professional Trading With Institutional Supply & Demand",professional-trading-with-institutional-supply-demand,https://res.cloudinary.com/dj11e209p/image/upload/v1753832986/courses/vg4gi7nlekemzzqb8yqe.jpg,0,True,107,0,0,0,Beginner,0,"2014-11-24 10:19:35","Business Finance"
429,"Your Business by the Numbers",your-business-by-the-numbers,https://res.cloudinary.com/dj11e209p/image/upload/v1753832986/courses/vg4gi7nlekemzzqb8yqe.jpg,0,True,137,0,0,0,Beginner,0,"2013-09-26 14:16:35","Business Finance"
438,"Trading Trends in ANY Market",trading-trends-in-the-market-stocks-futures-forex,https://res.cloudinary.com/dj11e209p/image/upload/v1753832986/courses/vg4gi7nlekemzzqb8yqe.jpg,0,True,62,0,0,0,Beginner,0,"2015-10-04 18:43:16","Business Finance"
439,"Contango VXX - ETF Options Trading - Double Your Investment",contango-vxx-trading-idiot-proof-way-to-double-your-return,https://res.cloudinary.com/dj11e209p/image/upload/v1753832986/courses/vg4gi7nlekemzzqb8yqe.jpg,0,True,55,0,0,0,Beginner,0,"2016-10-06 15:10:38","Business Finance"
440,"Mergers and Acquisitions M&A Essentials You Need to Know",intro-to-the-ma-game,https://res.cloudinary.com/dj11e209p/image/upload/v1753832986/courses/vg4gi7nlekemzzqb8yqe.jpg,0,True,197,0,0,0,Beginner,0,"2013-11-13 11:08:51","Business Finance"
441,"TRADING MARKET MAP",trading-market-map,https://res.cloudinary.com/dj11e209p/image/upload/v1753832986/courses/vg4gi7nlekemzzqb8yqe.jpg,0,True,99,0,0,0,Beginner,0,"2015-07-01 16:25:45","Business Finance"
444,"MCA Accountancy and Financial Management -Paper MCS 35 IGNOU",time-value-of-money,https://res.cloudinary.com/dj11e209p/image/upload/v1753832986/courses/vg4gi7nlekemzzqb8yqe.jpg,0,True,79,0,0,0,Beginner,0,"2014-12-06 16:34:03","Business Finance"
446,"Bitcoins - Past, Present, Future",bitcoins-past-present-future,https://res.cloudinary.com/dj11e209p/image/upload/v1753832986/courses/vg4gi7nlekemzzqb8yqe.jpg,0,True,188,0,0,0,Beginner,0,"2014-04-23 02:27:31","Business Finance"
455,"Matemática Financeira de um jeito fácil",matematica-financeira2,https://res.cloudinary.com/dj11e209p/image/upload/v1753832986/courses/vg4gi7nlekemzzqb8yqe.jpg,0,True,77,0,0,0,Beginner,0,"2013-07-23 20:45:33","Business Finance"
456,"Trading Forex - Trader avec les figures harmoniques",trading-forex-trader-avec-les-figures-harmoniques,https://res.cloudinary.com/dj11e209p/image/upload/v1753832986/courses/vg4gi7nlekemzzqb8yqe.jpg,0,True,169,0,0,0,Beginner,0,"2017-03-31 22:44:53","Business Finance"
457,"Aprenda a Investir no Tesouro Direto Passo a Passo",tesouro-direto-passo-a-passo,https://res.cloudinary.com/dj11e209p/image/upload/v1753832986/courses/vg4gi7nlekemzzqb8yqe.jpg,0,True,54,0,0,0,Beginner,0,"2017-04-25 07:06:14","Business Finance"
458,"Aprende a invertir y deja que tu dinero trabaje para ti",aprende-a-invertir-y-deja-que-tu-dinero-trabaje-para-ti,https://res.cloudinary.com/dj11e209p/image/upload/v1753832986/courses/vg4gi7nlekemzzqb8yqe.jpg,0,True,98,0,0,0,Beginner,0,"2014-03-03 09:52:27","Business Finance"
460,"Flow Management and Forecasting",cashflow-management-and-forecasting,https://res.cloudinary.com/dj11e209p/image/upload/v1753832986/courses/vg4gi7nlekemzzqb8yqe.jpg,0,True,176,0,0,0,Beginner,0,"2014-09-22 04:57:47","Business Finance"
464,"Stock Market for Beginners. Learn to trade",stock-market-for-dummies-learn-to-trade,https://res.cloudinary.com/dj11e209p/image/upload/v1753832986/courses/vg4gi7nlekemzzqb8yqe.jpg,0,True,148,0,0,0,Beginner,0,"2013-10-03 17:44:22","Business Finance"
466,"Trading Tips from Hedge Fund Manager",trading-tips-from-hedge-fund-manager,https://res.cloudinary.com/dj11e209p/image/upload/v1753832986/courses/vg4gi7nlekemzzqb8yqe.jpg,0,True,29,0,0,0,Beginner,0,"2015-07-22 20:56:34","Business Finance"
474,"Trading strategies with common sense technical analysis",trading-strategies-with-common-sense-technical-analysis,https://res.cloudinary.com/dj11e209p/image/upload/v1753832986/courses/vg4gi7nlekemzzqb8yqe.jpg,0,True,34,0,0,0,Beginner,0,"2015-07-19 17:41:41","Business Finance"
478,"Forex Trading - Learn An Effective Forex Trading Strategy",forex-trading-strategy-technical-analysis,https://res.cloudinary.com/dj11e209p/image/upload/v1753832986/courses/vg4gi7nlekemzzqb8yqe.jpg,0,True,30,0,0,0,Beginner,0,"2016-12-14 22:45:02","Business Finance"
479,"Navigate the 10-K and Other Financial Reports",navigate-the-10-k-and-other-financial-reports,https://res.cloudinary.com/dj11e209p/image/upload/v1753832986/courses/vg4gi7nlekemzzqb8yqe.jpg,0,True,28,0,0,0,Beginner,0,"2014-11-08 18:50:53","Business Finance"
482,"Investing Internationally into Real Estate, Stocks and Bonds",investing-internationally-into-real-estate-stocks-and-bonds,https://res.cloudinary.com/dj11e209p/image/upload/v1753832986/courses/vg4gi7nlekemzzqb8yqe.jpg,0,True,163,0,0,0,Beginner,0,"2016-01-27 18:40:25","Business Finance"
488,"Investment Portfolio Analysis with Excel",investment-portfolio-analysis-with-excel,https://res.cloudinary.com/dj11e209p/image/upload/v1753832986/courses/vg4gi7nlekemzzqb8yqe.jpg,0,True,68,0,0,0,Beginner,0,"2015-11-12 21:51:19","Business Finance"
493,"Advanced Butterfly Spreads for Options Income Strategies",advanced-butterfly-spread-option-strategies,https://res.cloudinary.com/dj11e209p/image/upload/v1753832986/courses/vg4gi7nlekemzzqb8yqe.jpg,0,True,90,0,0,0,Advanced,0,"2017-07-04 18:08:01","Business Finance"
494,"The Holy Grail of Auto Trading Forex Futures Stocks Revealed",the-holy-grail-of-auto-trading-revealed,https://res.cloudinary.com/dj11e209p/image/upload/v1753832986/courses/vg4gi7nlekemzzqb8yqe.jpg,0,True,147,0,0,0,Beginner,0,"2016-05-03 18:23:01","Business Finance"
497,"Statistics - Measures of Dispersion for CA  CS  CFA exams",measures_of_dispersion,https://res.cloudinary.com/dj11e209p/image/upload/v1753832986/courses/vg4gi7nlekemzzqb8yqe.jpg,0,True,45,0,0,0,Beginner,0,"2015-09-14 19:47:25","Business Finance"
500,"How to Copy the Best Traders on Etoro",how-to-copy-the-best-traders-on-etoro,https://res.cloudinary.com/dj11e209p/image/upload/v1753832986/courses/vg4gi7nlekemzzqb8yqe.jpg,0,True,60,0,0,0,Beginner,0,"2014-05-01 20:37:45","Business Finance"
508,"Learn How to File Taxes for Uber and Lyft Drivers",learn-how-to-file-taxes-from-uber-lyft,https://res.cloudinary.com/dj11e209p/image/upload/v1753832986/courses/vg4gi7nlekemzzqb8yqe.jpg,0,True,85,0,0,0,Beginner,0,"2015-02-12 06:17:10","Business Finance"
510,"Start Trading Stocks Using Technical Analysis! Part 2",start-trading-stocks-using-technical-analysis-part-2,https://res.cloudinary.com/dj11e209p/image/upload/v1753832986/courses/vg4gi7nlekemzzqb8yqe.jpg,0,True,50,0,0,0,Beginner,0,"2017-05-23 00:20:02","Business Finance"
513,"Learn to trade Candlestick Patterns",learn-to-trade-candlestick-patterns,https://res.cloudinary.com/dj11e209p/image/upload/v1753832986/courses/vg4gi7nlekemzzqb8yqe.jpg,0,True,40,0,0,0,Intermediate,0,"2016-08-16 23:58:31","Business Finance"
515,"Sensitivity & Scenario Analysis for CA  CFA  CPA Exams",sensitivity-and-scenario-analysis-in-capital-budgeting,https://res.cloudinary.com/dj11e209p/image/upload/v1753832986/courses/vg4gi7nlekemzzqb8yqe.jpg,0,True,46,0,0,0,Beginner,0,"2015-09-20 20:26:40","Business Finance"
518,"ACCA FA1 Recording Financial Transactions",acca-fa1-recording-financial-transactions,https://res.cloudinary.com/dj11e209p/image/upload/v1753832986/courses/vg4gi7nlekemzzqb8yqe.jpg,0,True,90,0,0,0,Beginner,0,"2015-07-14 23:01:39","Business Finance"
520,"Small Business and Managerial Accounting Training Tutorial",small-business-and-managerial-accounting-training-tutorial,https://res.cloudinary.com/dj11e209p/image/upload/v1753832986/courses/vg4gi7nlekemzzqb8yqe.jpg,0,True,39,0,0,0,Beginner,0,"2013-06-19 17:52:07","Business Finance"
521,"Use Crowdfunding Effectively With Indiegogo and Kickstarter",learncrowdfunding,https://res.cloudinary.com/dj11e209p/image/upload/v1753832986/courses/vg4gi7nlekemzzqb8yqe.jpg,0,True,200,0,0,0,Beginner,0,"2013-06-25 15:22:28","Business Finance"
523,"Bank Reconciliation & VAT on Excel",bank-reconciliation-vat-on-excel,https://res.cloudinary.com/dj11e209p/image/upload/v1753832986/courses/vg4gi7nlekemzzqb8yqe.jpg,0,True,165,0,0,0,Beginner,0,"2014-09-22 04:56:43","Business Finance"
532,"The Latest Updates 2016 Financial Accounting Standards Board",2016-fasb-updates,https://res.cloudinary.com/dj11e209p/image/upload/v1753832986/courses/vg4gi7nlekemzzqb8yqe.jpg,0,True,185,0,0,0,Intermediate,0,"2017-06-29 21:40:54","Business Finance"
536,"Ratio Analysis for Financial Statements",ratio-analysis-financial-statements,https://res.cloudinary.com/dj11e209p/image/upload/v1753832986/courses/vg4gi7nlekemzzqb8yqe.jpg,0,True,4,0,0,0,Beginner,0,"2017-07-03 21:39:57","Business Finance"
540,"Crystal ball trading - foresee price with seasonal patterns",seasonality,https://res.cloudinary.com/dj11e209p/image/upload/v1753832986/courses/vg4gi7nlekemzzqb8yqe.jpg,0,True,195,0,0,0,Beginner,0,"2015-06-14 22:08:54","Business Finance"
542,"Cost Accounting Basics (Professional Course Level)",basics-of-cost-accounting,https://res.cloudinary.com/dj11e209p/image/upload/v1753832986/courses/vg4gi7nlekemzzqb8yqe.jpg,0,True,170,0,0,0,Beginner,0,"2014-12-17 01:11:28","Business Finance"
545,"Straddles and Strangles - Volatility moves in any direction",straddles-and-strangles,https://res.cloudinary.com/dj11e209p/image/upload/v1753832986/courses/vg4gi7nlekemzzqb8yqe.jpg,0,True,99,0,0,0,Advanced,0,"2013-03-12 12:30:40","Business Finance"
554,"Double Entry Bookkeeping",double-entry-bookkeeping,https://res.cloudinary.com/dj11e209p/image/upload/v1753832986/courses/vg4gi7nlekemzzqb8yqe.jpg,0,True,68,0,0,0,Beginner,0,"2016-06-15 18:23:18","Business Finance"
561,"Basel II",basel-ii,https://res.cloudinary.com/dj11e209p/image/upload/v1753832986/courses/vg4gi7nlekemzzqb8yqe.jpg,0,True,59,0,0,0,Beginner,0,"2014-03-06 07:16:03","Business Finance"
569,"Learn to Trade Forex Naked Price Action Big Shadow Trade",learn-to-trade-forex-naked-price-action-big-shadow-trade,https://res.cloudinary.com/dj11e209p/image/upload/v1753832986/courses/vg4gi7nlekemzzqb8yqe.jpg,0,True,88,0,0,0,Intermediate,0,"2016-01-25 04:08:41","Business Finance"
570,"Forex Trading For Beginners ",forex-trading-for-beginners-q,https://res.cloudinary.com/dj11e209p/image/upload/v1753832986/courses/vg4gi7nlekemzzqb8yqe.jpg,0,True,191,0,0,0,Beginner,0,"2016-01-14 02:46:59","Business Finance"
574,"Beginners Guide to Stock Market Investing",beginners-guide-to-stock-market-investing,https://res.cloudinary.com/dj11e209p/image/upload/v1753832986/courses/vg4gi7nlekemzzqb8yqe.jpg,0,True,162,0,0,0,Beginner,0,"2016-09-15 18:30:57","Business Finance"
582,"Financial Accounting, its Cycle, Statements & Analysis",financial-accounting-in-360-minutes,https://res.cloudinary.com/dj11e209p/image/upload/v1753832986/courses/vg4gi7nlekemzzqb8yqe.jpg,0,True,24,0,0,0,Beginner,0,"2016-03-08 16:40:40","Business Finance"
583,"Yield Curve Dynamics",yield-curve-dynamics,https://res.cloudinary.com/dj11e209p/image/upload/v1753832986/courses/vg4gi7nlekemzzqb8yqe.jpg,0,True,5,0,0,0,Beginner,0,"2014-03-12 14:54:48","Business Finance"
585,"Media Training for Financial Service Professionals",media-training-for-financial-service-professionals,https://res.cloudinary.com/dj11e209p/image/upload/v1753832986/courses/vg4gi7nlekemzzqb8yqe.jpg,0,True,14,0,0,0,Beginner,0,"2014-12-11 21:14:18","Business Finance"
587,"Forex - Price action Reversal Strategy",forex-price-action-reversal-strategy,https://res.cloudinary.com/dj11e209p/image/upload/v1753832986/courses/vg4gi7nlekemzzqb8yqe.jpg,0,True,80,0,0,0,Beginner,0,"2016-07-04 21:31:45","Business Finance"
588,"Budget preparation for an EU project proposal",budget-preparation-for-an-eu-project-proposal,https://res.cloudinary.com/dj11e209p/image/upload/v1753832986/courses/vg4gi7nlekemzzqb8yqe.jpg,0,True,60,0,0,0,Intermediate,0,"2015-06-01 23:05:51","Business Finance"
591,"Working Capital Management for Entrepreneurs",working-capital-management-of-tata-motors-limited,https://res.cloudinary.com/dj11e209p/image/upload/v1753832986/courses/vg4gi7nlekemzzqb8yqe.jpg,0,True,182,0,0,0,Advanced,0,"2014-11-19 10:36:51","Business Finance"
593,"Fixed Income Valuation and Analysis, CFA L2",fixed-income-simplified-for-cfa-l2,https://res.cloudinary.com/dj11e209p/image/upload/v1753832986/courses/vg4gi7nlekemzzqb8yqe.jpg,0,True,46,0,0,0,Beginner,0,"2016-01-04 21:01:48","Business Finance"
594,"Corporation Tax Returns UK",corporation-tax-returns-uk,https://res.cloudinary.com/dj11e209p/image/upload/v1753832986/courses/vg4gi7nlekemzzqb8yqe.jpg,0,True,66,0,0,0,Beginner,0,"2015-07-23 19:21:21","Business Finance"
595,"Trading For Busy People",trading-for-busy-people,https://res.cloudinary.com/dj11e209p/image/upload/v1753832986/courses/vg4gi7nlekemzzqb8yqe.jpg,0,True,45,0,0,0,Beginner,0,"2015-07-06 22:22:25","Business Finance"
597,"CFP - Introduction to Financial Planning",apnacoursecfp,https://res.cloudinary.com/dj11e209p/image/upload/v1753832986/courses/vg4gi7nlekemzzqb8yqe.jpg,0,True,188,0,0,0,Beginner,0,"2014-02-21 06:40:28","Business Finance"
601,"Learn About Bitcoin and Bitcoin Mining",learn-about-bitcoin-and-bitcoin-mining,https://res.cloudinary.com/dj11e209p/image/upload/v1753832986/courses/vg4gi7nlekemzzqb8yqe.jpg,0,True,133,0,0,0,Beginner,0,"2015-05-01 23:05:13","Business Finance"
603,"Cost Accounting and Financial Management - A Complete Study",cost-accounting-and-financial-management-a-complete-study,https://res.cloudinary.com/dj11e209p/image/upload/v1753832986/courses/vg4gi7nlekemzzqb8yqe.jpg,0,True,78,0,0,0,Beginner,0,"2016-03-04 17:04:28","Business Finance"
605,"Energiespar-Formel  Mehr Geld durch Wasser sparen Zuhause",energiespar-formel-mehr-geld-durch-wasser-sparen-zuhause,https://res.cloudinary.com/dj11e209p/image/upload/v1753832986/courses/vg4gi7nlekemzzqb8yqe.jpg,0,True,44,0,0,0,Beginner,0,"2017-04-14 21:55:50","Business Finance"
608,"Aprende a llevar la contabilidad de forma informatizada",contabilidad-informatizada,https://res.cloudinary.com/dj11e209p/image/upload/v1753832986/courses/vg4gi7nlekemzzqb8yqe.jpg,0,True,169,0,0,0,Beginner,0,"2016-02-08 16:55:55","Business Finance"
612,"Aprenda  a Investir",estacio-educacao-financeira,https://res.cloudinary.com/dj11e209p/image/upload/v1753832986/courses/vg4gi7nlekemzzqb8yqe.jpg,0,True,151,0,0,0,Beginner,0,"2016-06-30 16:50:25","Business Finance"
618,"Workshop on Banking Credit Analysis Process",workshop-on-banking-credit-analysis-process,https://res.cloudinary.com/dj11e209p/image/upload/v1753832986/courses/vg4gi7nlekemzzqb8yqe.jpg,0,True,169,0,0,0,Beginner,0,"2017-06-28 23:22:27","Business Finance"
621,"Mutual Funds for Investors in Retirement Accounts",mutual-funds-for-investors-in-retirement-accounts,https://res.cloudinary.com/dj11e209p/image/upload/v1753832986/courses/vg4gi7nlekemzzqb8yqe.jpg,0,True,164,0,0,0,Beginner,0,"2015-12-17 05:38:38","Business Finance"
625,"Buying Call and Put Options - Options beginner strategies",buy-call-options-buy-put-options-trading-strategies,https://res.cloudinary.com/dj11e209p/image/upload/v1753832986/courses/vg4gi7nlekemzzqb8yqe.jpg,0,True,13,0,0,0,Intermediate,0,"2013-02-18 10:54:27","Business Finance"
629,"How to Read a Balance Sheet",how-to-read-balance-sheet,https://res.cloudinary.com/dj11e209p/image/upload/v1753832986/courses/vg4gi7nlekemzzqb8yqe.jpg,0,True,89,0,0,0,Beginner,0,"2014-07-11 11:40:35","Business Finance"
630,"Credit Repair from a Financial Institution",credit-repair-from-a-financial-institution,https://res.cloudinary.com/dj11e209p/image/upload/v1753832986/courses/vg4gi7nlekemzzqb8yqe.jpg,0,True,54,0,0,0,Beginner,0,"2014-01-14 23:22:43","Business Finance"
632,"Mental Models For Wall Street - Become A Better Trader",mental-models-for-wall-street,https://res.cloudinary.com/dj11e209p/image/upload/v1753832986/courses/vg4gi7nlekemzzqb8yqe.jpg,0,True,47,0,0,0,Beginner,0,"2016-12-14 21:53:28","Business Finance"
634,"Cómo Crear Políticas Contables bajo NIIF para PYMES",como-crear-politicas-contables-bajo-niif-para-pymes,https://res.cloudinary.com/dj11e209p/image/upload/v1753832986/courses/vg4gi7nlekemzzqb8yqe.jpg,0,True,48,0,0,0,Beginner,0,"2015-08-25 16:18:04","Business Finance"
635,"Finanzas Personales para Vivir Libre de Deudas",finanzas-personales-para-vivir-libre-de-deudas,https://res.cloudinary.com/dj11e209p/image/upload/v1753832986/courses/vg4gi7nlekemzzqb8yqe.jpg,0,True,60,0,0,0,Beginner,0,"2016-04-27 17:01:52","Business Finance"
638,"Le basi del Trading",le-basi-del-trading,https://res.cloudinary.com/dj11e209p/image/upload/v1753832986/courses/vg4gi7nlekemzzqb8yqe.jpg,0,True,7,0,0,0,Beginner,0,"2017-03-11 00:58:58","Business Finance"
640,"Business Accounts For Managers",business-accounts-for-managers,https://res.cloudinary.com/dj11e209p/image/upload/v1753832986/courses/vg4gi7nlekemzzqb8yqe.jpg,0,True,63,0,0,0,Beginner,0,"2013-04-23 13:07:51","Business Finance"
643,"Practical Accounts Training A",mobile-practical-accounts-training-a,https://res.cloudinary.com/dj11e209p/image/upload/v1753832986/courses/vg4gi7nlekemzzqb8yqe.jpg,0,True,151,0,0,0,Intermediate,0,"2017-01-18 18:52:11","Business Finance"
649,"Bitesize Bookkeeping for busy people",bitesize-bookkeeping-for-busy-people,https://res.cloudinary.com/dj11e209p/image/upload/v1753832986/courses/vg4gi7nlekemzzqb8yqe.jpg,0,True,72,0,0,0,Beginner,0,"2015-03-29 18:18:33","Business Finance"
650,"Do Your Own Accounts",doyourownaccounts,https://res.cloudinary.com/dj11e209p/image/upload/v1753832986/courses/vg4gi7nlekemzzqb8yqe.jpg,0,True,121,0,0,0,Beginner,0,"2015-02-13 09:56:58","Business Finance"
652,"Accounting for everyone! ",accounting-for-everyone,https://res.cloudinary.com/dj11e209p/image/upload/v1753832986/courses/vg4gi7nlekemzzqb8yqe.jpg,0,True,192,0,0,0,Beginner,0,"2014-11-19 00:34:25","Business Finance"
655,"Manual Bookkeeping",manual-bookkeeping,https://res.cloudinary.com/dj11e209p/image/upload/v1753832986/courses/vg4gi7nlekemzzqb8yqe.jpg,0,True,104,0,0,0,Intermediate,0,"2015-07-24 20:42:34","Business Finance"
657,"How To Pay Less Tax (UK version)",paylesstax,https://res.cloudinary.com/dj11e209p/image/upload/v1753832986/courses/vg4gi7nlekemzzqb8yqe.jpg,0,True,20,0,0,0,Beginner,0,"2016-01-19 18:20:04","Business Finance"
659,"Triple P Trading Course",triple-p-trading-course,https://res.cloudinary.com/dj11e209p/image/upload/v1753832986/courses/vg4gi7nlekemzzqb8yqe.jpg,0,True,144,0,0,0,Beginner,0,"2013-12-24 04:53:53","Business Finance"
667,"Learn to Trade Forex Big U-Turn Trade",learn-to-trade-forex-big-u-turn-trade,https://res.cloudinary.com/dj11e209p/image/upload/v1753832986/courses/vg4gi7nlekemzzqb8yqe.jpg,0,True,128,0,0,0,Beginner,0,"2016-02-24 18:44:24","Business Finance"
670,"The Psychology of Trading",the-psychology-of-trading,https://res.cloudinary.com/dj11e209p/image/upload/v1753832986/courses/vg4gi7nlekemzzqb8yqe.jpg,0,True,8,0,0,0,Beginner,0,"2017-02-02 03:58:36","Business Finance"
672,"Basics of Finance and Budgeting",basics-of-finance-and-budgeting,https://res.cloudinary.com/dj11e209p/image/upload/v1753832986/courses/vg4gi7nlekemzzqb8yqe.jpg,0,True,35,0,0,0,Beginner,0,"2014-05-19 04:02:10","Business Finance"
675,"The Smart Option Trader",the-smart-option-trader,https://res.cloudinary.com/dj11e209p/image/upload/v1753832986/courses/vg4gi7nlekemzzqb8yqe.jpg,0,True,119,0,0,0,Beginner,0,"2013-10-10 22:02:48","Business Finance"
679,"Economics - CFA Level 1 - 2014",economics-cfa-level-1-2014,https://res.cloudinary.com/dj11e209p/image/upload/v1753832986/courses/vg4gi7nlekemzzqb8yqe.jpg,0,True,34,0,0,0,Beginner,0,"2014-11-08 13:48:00","Business Finance"
681,"Accounting for CA CPT Exams Part I",inventory-valuation,https://res.cloudinary.com/dj11e209p/image/upload/v1753832986/courses/vg4gi7nlekemzzqb8yqe.jpg,0,True,26,0,0,0,Beginner,0,"2014-12-27 11:10:19","Business Finance"
683,"Silver, Gold, and Inflation",got-gold-get-gold-inflation,https://res.cloudinary.com/dj11e209p/image/upload/v1753832986/courses/vg4gi7nlekemzzqb8yqe.jpg,0,True,176,0,0,0,Beginner,0,"2013-02-16 16:08:05","Business Finance"
684,"Accounting Concepts For Technocrats",accounting-concepts-for-technocrats,https://res.cloudinary.com/dj11e209p/image/upload/v1753832986/courses/vg4gi7nlekemzzqb8yqe.jpg,0,True,91,0,0,0,Beginner,0,"2013-12-26 12:41:50","Business Finance"
690,"Legal Accounting",solicitors-accounts,https://res.cloudinary.com/dj11e209p/image/upload/v1753832986/courses/vg4gi7nlekemzzqb8yqe.jpg,0,True,12,0,0,0,Beginner,0,"2014-09-21 04:58:16","Business Finance"
691,"Term Loan Appraisal for bankers, credit analysts",term-loan-appraisal-for-bankers-credit-analysts,https://res.cloudinary.com/dj11e209p/image/upload/v1753832986/courses/vg4gi7nlekemzzqb8yqe.jpg,0,True,32,0,0,0,Beginner,0,"2017-04-03 16:53:57","Business Finance"
692,"Trade Show Samurai",trade-show-displays,https://res.cloudinary.com/dj11e209p/image/upload/v1753832986/courses/vg4gi7nlekemzzqb8yqe.jpg,0,True,115,0,0,0,Beginner,0,"2013-08-29 15:44:46","Business Finance"
694,"Accounting for School Students",cash-books-in-accountancy,https://res.cloudinary.com/dj11e209p/image/upload/v1753832986/courses/vg4gi7nlekemzzqb8yqe.jpg,0,True,59,0,0,0,Beginner,0,"2015-05-22 23:32:56","Business Finance"
695,"Learn To Trade The Forex Naked Price Action Acapulco Trade",forex-naked-price-action-acapulco-trade,https://res.cloudinary.com/dj11e209p/image/upload/v1753832986/courses/vg4gi7nlekemzzqb8yqe.jpg,0,True,5,0,0,0,Intermediate,0,"2016-01-25 18:11:00","Business Finance"
697,"Master The Psychology of Forex & Binary Options Trading",master-the-psychology-of-forex-binary-options-trading,https://res.cloudinary.com/dj11e209p/image/upload/v1753832986/courses/vg4gi7nlekemzzqb8yqe.jpg,0,True,65,0,0,0,Intermediate,0,"2016-07-04 18:47:36","Business Finance"
698,"Learn to Pick the Right Stock Broker Account",learn-to-pick-the-right-stock-broker-account,https://res.cloudinary.com/dj11e209p/image/upload/v1753832986/courses/vg4gi7nlekemzzqb8yqe.jpg,0,True,168,0,0,0,Beginner,0,"2014-12-24 21:50:11","Business Finance"
701,"6. Annuities Due and Deferred",annuities-due-and-deferred,https://res.cloudinary.com/dj11e209p/image/upload/v1753832986/courses/vg4gi7nlekemzzqb8yqe.jpg,0,True,136,0,0,0,Beginner,0,"2014-02-24 13:53:23","Business Finance"
704,"Basic Technical Analysis",basic-technical-analysis,https://res.cloudinary.com/dj11e209p/image/upload/v1753832986/courses/vg4gi7nlekemzzqb8yqe.jpg,0,True,151,0,0,0,Beginner,0,"2015-08-05 17:19:03","Business Finance"
705,"Working Capital assessment for bankers, credit analysts",working-capital-assessment-for-bankers-credit-analysts,https://res.cloudinary.com/dj11e209p/image/upload/v1753832986/courses/vg4gi7nlekemzzqb8yqe.jpg,0,True,46,0,0,0,Beginner,0,"2017-04-06 23:30:07","Business Finance"
707,"Bookkeeping Practicals with Software",bookkeeping-practical-with-software,https://res.cloudinary.com/dj11e209p/image/upload/v1753832986/courses/vg4gi7nlekemzzqb8yqe.jpg,0,True,148,0,0,0,Intermediate,0,"2017-02-07 00:16:24","Business Finance"
708,"8 Steps To Achieve Financial Freedom And Escape Debt",achieve-financial-freedom-and-escape-debt,https://res.cloudinary.com/dj11e209p/image/upload/v1753832986/courses/vg4gi7nlekemzzqb8yqe.jpg,0,True,124,0,0,0,Beginner,0,"2015-11-13 17:43:47","Business Finance"
711,"Profits Turbo",profits-turbo,https://res.cloudinary.com/dj11e209p/image/upload/v1753832986/courses/vg4gi7nlekemzzqb8yqe.jpg,0,True,151,0,0,0,Intermediate,0,"2013-06-03 15:35:46","Business Finance"
722,"Formação de preços em serviços",formacao-de-precos-em-servicos,https://res.cloudinary.com/dj11e209p/image/upload/v1753832986/courses/vg4gi7nlekemzzqb8yqe.jpg,0,True,53,0,0,0,Intermediate,0,"2017-04-26 05:08:15","Business Finance"
726,"Curso de Iniciación al Trading",curso-de-iniciacion-al-trading,https://res.cloudinary.com/dj11e209p/image/upload/v1753832986/courses/vg4gi7nlekemzzqb8yqe.jpg,0,True,181,0,0,0,Beginner,0,"2015-11-26 05:26:14","Business Finance"
728,"3 documentos clave para administrar tu empresa con éxito",3-documentos-clave-para-administrar-tu-empresa-con-exito,https://res.cloudinary.com/dj11e209p/image/upload/v1753832986/courses/vg4gi7nlekemzzqb8yqe.jpg,0,True,28,0,0,0,Intermediate,0,"2013-05-16 10:03:47","Business Finance"
733,"Estrategias de Inversión aplicadas al mundo del trading",estrategias-de-inversion,https://res.cloudinary.com/dj11e209p/image/upload/v1753832986/courses/vg4gi7nlekemzzqb8yqe.jpg,0,True,175,0,0,0,Beginner,0,"2016-05-26 21:11:53","Business Finance"
735,"Le basi del trading online",le-basi-del-trading-online,https://res.cloudinary.com/dj11e209p/image/upload/v1753832986/courses/vg4gi7nlekemzzqb8yqe.jpg,0,True,98,0,0,0,Beginner,0,"2017-05-31 17:02:09","Business Finance"
736,"Monatlich Geld anlegen für später!",monatlich-geld-anlegen,https://res.cloudinary.com/dj11e209p/image/upload/v1753832986/courses/vg4gi7nlekemzzqb8yqe.jpg,0,True,5,0,0,0,Beginner,0,"2015-10-06 20:05:20","Business Finance"
737,"Invierte en la Bolsa Mexicana y de USA",invierte-en-la-bmv,https://res.cloudinary.com/dj11e209p/image/upload/v1753832986/courses/vg4gi7nlekemzzqb8yqe.jpg,0,True,56,0,0,0,Beginner,0,"2015-08-10 18:43:10","Business Finance"
745,"Finanzielle Unabhängigkeit-3 Millionär werden mit Immobilien",finanzielle-unabhaengigkeit-3-millionaer-werden-mit-immobilien,https://res.cloudinary.com/dj11e209p/image/upload/v1753832986/courses/vg4gi7nlekemzzqb8yqe.jpg,0,True,135,0,0,0,Advanced,0,"2016-09-12 21:20:48","Business Finance"
746,"Introduction to Health Financing",introduction-to-health-financing,https://res.cloudinary.com/dj11e209p/image/upload/v1753832986/courses/vg4gi7nlekemzzqb8yqe.jpg,0,True,101,0,0,0,Beginner,0,"2016-05-17 19:10:41","Business Finance"
751,"Double Your Salary With Free, Local, Job Training Courses",how-to-search-the-internet-to-get-free-training-education,https://res.cloudinary.com/dj11e209p/image/upload/v1753832986/courses/vg4gi7nlekemzzqb8yqe.jpg,0,True,160,0,0,0,Beginner,0,"2017-04-17 16:33:31","Business Finance"
753,"Understanding Financial Derivatives",understanding-financial-derivatives,https://res.cloudinary.com/dj11e209p/image/upload/v1753832986/courses/vg4gi7nlekemzzqb8yqe.jpg,0,True,57,0,0,0,Intermediate,0,"2017-03-24 22:25:11","Business Finance"
756,"The Fast Route to a Faster Financial Close",faster-financial-close,https://res.cloudinary.com/dj11e209p/image/upload/v1753832986/courses/vg4gi7nlekemzzqb8yqe.jpg,0,True,110,0,0,0,Intermediate,0,"2017-06-23 22:05:17","Business Finance"
757,"Easy Finance For Startups",easy-finance-for-startups,https://res.cloudinary.com/dj11e209p/image/upload/v1753832986/courses/vg4gi7nlekemzzqb8yqe.jpg,0,True,84,0,0,0,Beginner,0,"2016-10-16 21:15:15","Business Finance"
760,"Breakeven Analysis and Pricing",breakeven-analysis-and-pricing,https://res.cloudinary.com/dj11e209p/image/upload/v1753832986/courses/vg4gi7nlekemzzqb8yqe.jpg,0,True,199,0,0,0,Beginner,0,"2014-09-22 04:32:37","Business Finance"
770,"Investimento em Ações",investimento-em-acoes,https://res.cloudinary.com/dj11e209p/image/upload/v1753832986/courses/vg4gi7nlekemzzqb8yqe.jpg,0,True,115,0,0,0,Beginner,0,"2017-03-27 16:45:29","Business Finance"
773,"Wie Du, Dir auch mit kleinen Beträgen ein Vermögen aufbaust",wie-du-dir-auch-mit-kleinen-betragen-ein-vermogen-aufbaust,https://res.cloudinary.com/dj11e209p/image/upload/v1753832986/courses/vg4gi7nlekemzzqb8yqe.jpg,0,True,132,0,0,0,Beginner,0,"2016-12-14 20:18:45","Business Finance"
777,"Learn Wave accounting to maintain books properly",learn-wave-accounting-to-maintain-books-properly,https://res.cloudinary.com/dj11e209p/image/upload/v1753832986/courses/vg4gi7nlekemzzqb8yqe.jpg,0,True,94,0,0,0,Beginner,0,"2016-01-13 22:06:39","Business Finance"
780,"Cost of Capital and Weighted Average Cost of Capital",weighted-average-cost-of-capital-wacc,https://res.cloudinary.com/dj11e209p/image/upload/v1753832986/courses/vg4gi7nlekemzzqb8yqe.jpg,0,True,50,0,0,0,Beginner,0,"2016-04-11 20:44:34","Business Finance"
784,"Financial Analysis, from Scratch to Professional!",financial-analysis-from-scratch-to-professional-level,https://res.cloudinary.com/dj11e209p/image/upload/v1753832986/courses/vg4gi7nlekemzzqb8yqe.jpg,0,True,88,0,0,0,Beginner,0,"2016-03-06 23:27:44","Business Finance"
787,"Build your own Naked Trading Forex Robot",build-your-own-naked-trading-forex-robot,https://res.cloudinary.com/dj11e209p/image/upload/v1753832986/courses/vg4gi7nlekemzzqb8yqe.jpg,0,True,61,0,0,0,Beginner,0,"2015-08-11 21:24:32","Business Finance"
788,"Tax Strategies of the Wealthy",everything-you-need-to-know-about-taxes,https://res.cloudinary.com/dj11e209p/image/upload/v1753832986/courses/vg4gi7nlekemzzqb8yqe.jpg,0,True,80,0,0,0,Beginner,0,"2016-04-29 23:25:42","Business Finance"
790,"Finance and Accounting for Startups",finance-and-accounting-for-startups,https://res.cloudinary.com/dj11e209p/image/upload/v1753832986/courses/vg4gi7nlekemzzqb8yqe.jpg,0,True,135,0,0,0,Beginner,0,"2013-01-15 02:01:23","Business Finance"
793,"Trading Robot Forex Programs in Your Sleep in Live Examples!",trading-robot-forex-programs-in-your-sleep-in-live-examples,https://res.cloudinary.com/dj11e209p/image/upload/v1753832986/courses/vg4gi7nlekemzzqb8yqe.jpg,0,True,182,0,0,0,Advanced,0,"2016-01-28 23:03:11","Business Finance"
794,"Free Options 101 - Basic of Call and Put Options in 1 Hours",free-options-101-basic-of-call-and-put-options-in-1-hours,https://res.cloudinary.com/dj11e209p/image/upload/v1753832986/courses/vg4gi7nlekemzzqb8yqe.jpg,0,True,163,0,0,0,Beginner,0,"2016-08-22 18:10:12","Business Finance"
795,"An Intro into Trading the Financial Markets",an-intro-into-trading-the-financial-markets,https://res.cloudinary.com/dj11e209p/image/upload/v1753832986/courses/vg4gi7nlekemzzqb8yqe.jpg,0,True,46,0,0,0,Beginner,0,"2016-09-03 03:46:23","Business Finance"
807,"A Beginners Guide to Technical Analysis of Stock Charts",beginners-guide-to-technical-analysis,https://res.cloudinary.com/dj11e209p/image/upload/v1753832986/courses/vg4gi7nlekemzzqb8yqe.jpg,0,True,81,0,0,0,Beginner,0,"2013-09-15 15:06:02","Business Finance"
808,"Get out of Debt - The Power of Using Compounding Interest",get-out-of-debt-the-power-of-using-compounding-interest,https://res.cloudinary.com/dj11e209p/image/upload/v1753832986/courses/vg4gi7nlekemzzqb8yqe.jpg,0,True,14,0,0,0,Beginner,0,"2015-01-12 00:55:49","Business Finance"
809,"Day Trading - Learn to Day Trade  Swing Trade In One Hour.",the-123-trading-strategy-learn-to-trade-in-one-hour,https://res.cloudinary.com/dj11e209p/image/upload/v1753832986/courses/vg4gi7nlekemzzqb8yqe.jpg,0,True,115,0,0,0,Beginner,0,"2015-11-27 17:38:51","Business Finance"
810,"Basel Norms (Basel 1 Basel 2 Basel 3) Simplified",basel_norms_simplified,https://res.cloudinary.com/dj11e209p/image/upload/v1753832986/courses/vg4gi7nlekemzzqb8yqe.jpg,0,True,139,0,0,0,Beginner,0,"2015-04-26 19:26:45","Business Finance"
811,"Learn to Trade Forex Naked Price Action Wammie Trade",learn-to-trade-forex-naked-price-action-wammie-trade,https://res.cloudinary.com/dj11e209p/image/upload/v1753832986/courses/vg4gi7nlekemzzqb8yqe.jpg,0,True,184,0,0,0,Beginner,0,"2016-02-17 19:07:59","Business Finance"
814,"Ultimate Guide To Trading Engulfing Candlestick Strategy",trading-engulfing-candle-top-trend-continuation-strategy,https://res.cloudinary.com/dj11e209p/image/upload/v1753832986/courses/vg4gi7nlekemzzqb8yqe.jpg,0,True,77,0,0,0,Beginner,0,"2016-10-25 02:14:44","Business Finance"
816,"Hedge Fund Trading Systems For Stocks - Part One",amibroker-trading-systems,https://res.cloudinary.com/dj11e209p/image/upload/v1753832986/courses/vg4gi7nlekemzzqb8yqe.jpg,0,True,60,0,0,0,Beginner,0,"2016-10-29 21:56:38","Business Finance"
818,"Crowdfunding for Filmmakers",crowdfunding-for-filmmakers,https://res.cloudinary.com/dj11e209p/image/upload/v1753832986/courses/vg4gi7nlekemzzqb8yqe.jpg,0,True,46,0,0,0,Beginner,0,"2015-12-01 18:38:53","Business Finance"
820,"Introduction to Day Trading",introduction-to-day-trading,https://res.cloudinary.com/dj11e209p/image/upload/v1753832986/courses/vg4gi7nlekemzzqb8yqe.jpg,0,True,195,0,0,0,Beginner,0,"2014-09-05 04:38:45","Business Finance"
825,"Contabilidad rápida y eficaz",contabilidad11,https://res.cloudinary.com/dj11e209p/image/upload/v1753832986/courses/vg4gi7nlekemzzqb8yqe.jpg,0,True,27,0,0,0,Beginner,0,"2016-08-18 01:05:49","Business Finance"
826,"Introducción al trading de opciones",curso-de-opciones-basico,https://res.cloudinary.com/dj11e209p/image/upload/v1753832986/courses/vg4gi7nlekemzzqb8yqe.jpg,0,True,181,0,0,0,Beginner,0,"2015-02-17 02:52:02","Business Finance"
830,"MetaTrader4 Platform Training",metatrader4-platform-training,https://res.cloudinary.com/dj11e209p/image/upload/v1753832986/courses/vg4gi7nlekemzzqb8yqe.jpg,0,True,47,0,0,0,Beginner,0,"2016-09-21 19:16:59","Business Finance"
832,"How to Grow your Small Business and not run out of Cash",how-to-grow-your-small-business-and-not-run-out-of-cash,https://res.cloudinary.com/dj11e209p/image/upload/v1753832986/courses/vg4gi7nlekemzzqb8yqe.jpg,0,True,198,0,0,0,Beginner,0,"2016-04-05 18:55:57","Business Finance"
836,"Super Fast Accounting - the fastest way to do your books",super-fast-accounting,https://res.cloudinary.com/dj11e209p/image/upload/v1753832986/courses/vg4gi7nlekemzzqb8yqe.jpg,0,True,187,0,0,0,Beginner,0,"2016-03-18 17:32:03","Business Finance"
837,"Learn to trade Chart Patterns",learn-to-trade-chart-patterns,https://res.cloudinary.com/dj11e209p/image/upload/v1753832986/courses/vg4gi7nlekemzzqb8yqe.jpg,0,True,125,0,0,0,Intermediate,0,"2016-08-17 17:04:54","Business Finance"
838,"Anatomy and Figure Drawing for Beginners",anatomy-and-figure-drawing-for-games-and-comics,https://res.cloudinary.com/dj11e209p/image/upload/v1753832986/courses/vg4gi7nlekemzzqb8yqe.jpg,0,True,151,0,0,0,Beginner,0,"2016-06-20 15:31:48","Graphic Design"
839,"Illustrator CC MasterClass",illustrator-cc-masterclass,https://res.cloudinary.com/dj11e209p/image/upload/v1753832986/courses/vg4gi7nlekemzzqb8yqe.jpg,0,True,54,0,0,0,Beginner,0,"2017-05-02 16:41:21","Graphic Design"
841,"Adobe Illustrator T-Shirt Design for Merch by Amazon",merchbyamazondesign,https://res.cloudinary.com/dj11e209p/image/upload/v1753832986/courses/vg4gi7nlekemzzqb8yqe.jpg,0,True,40,0,0,0,Beginner,0,"2017-06-13 20:41:14","Graphic Design"
845,"Canva Graphics Design Essential Training For Everyone",canva-graphics-design-essential-training,https://res.cloudinary.com/dj11e209p/image/upload/v1753832986/courses/vg4gi7nlekemzzqb8yqe.jpg,0,True,105,0,0,0,Beginner,0,"2017-03-07 03:54:27","Graphic Design"
846,"Deinen Roman setzen mit PagePlus in 10 einfachen Schritten",deinen-roman-setzen-mit-pageplus-in-10-einfachen-schritten,https://res.cloudinary.com/dj11e209p/image/upload/v1753832986/courses/vg4gi7nlekemzzqb8yqe.jpg,0,True,129,0,0,0,Beginner,0,"2017-04-24 16:44:12","Graphic Design"
847,"Graphic Design Bootcamp",graphic-design-for-beginners,https://res.cloudinary.com/dj11e209p/image/upload/v1753832986/courses/vg4gi7nlekemzzqb8yqe.jpg,0,True,176,0,0,0,Beginner,0,"2016-05-13 00:03:03","Graphic Design"
849,"Photoshop for Entrepreneurs - Design 11 Practical Projects",photoshop-for-entrepreneurs,https://res.cloudinary.com/dj11e209p/image/upload/v1753832986/courses/vg4gi7nlekemzzqb8yqe.jpg,0,True,50,0,0,0,Beginner,0,"2016-06-09 01:57:03","Graphic Design"
850,"How to Design a Logo - a Beginners Course",how-to-design-a-logo-a-beginners-course,https://res.cloudinary.com/dj11e209p/image/upload/v1753832986/courses/vg4gi7nlekemzzqb8yqe.jpg,0,True,161,0,0,0,Beginner,0,"2012-07-25 13:41:42","Graphic Design"
851,"How to Draw and Sketch for Beginners",drawing-and-sketching-for-beginners,https://res.cloudinary.com/dj11e209p/image/upload/v1753832986/courses/vg4gi7nlekemzzqb8yqe.jpg,0,True,152,0,0,0,Beginner,0,"2017-01-25 22:07:38","Graphic Design"
855,"Photo Editing in Photoshop - Beginner to Advanced in 1 Hour",photoshop-photo-editing,https://res.cloudinary.com/dj11e209p/image/upload/v1753832986/courses/vg4gi7nlekemzzqb8yqe.jpg,0,True,55,0,0,0,Beginner,0,"2016-05-09 01:17:58","Graphic Design"
857,"How To Make Professional eBook Covers For FREE",kindle-millionare-learn-how-to-make-ebook-covers-like-a-pro,https://res.cloudinary.com/dj11e209p/image/upload/v1753832986/courses/vg4gi7nlekemzzqb8yqe.jpg,0,True,164,0,0,0,Beginner,0,"2015-02-26 15:24:08","Graphic Design"
862,"Drawing Perspective For Beginners",perspective-drawing-101,https://res.cloudinary.com/dj11e209p/image/upload/v1753832986/courses/vg4gi7nlekemzzqb8yqe.jpg,0,True,151,0,0,0,Beginner,0,"2016-03-20 21:38:48","Graphic Design"
864,"Intro to Photoshop for Merch by Amazon",intro-to-photoshop-for-merch-by-amazon,https://res.cloudinary.com/dj11e209p/image/upload/v1753832986/courses/vg4gi7nlekemzzqb8yqe.jpg,0,True,35,0,0,0,Beginner,0,"2015-11-16 20:17:05","Graphic Design"
865,"MicroStation - Células",microstation-celulas,https://res.cloudinary.com/dj11e209p/image/upload/v1753832986/courses/vg4gi7nlekemzzqb8yqe.jpg,0,True,113,0,0,0,Beginner,0,"2014-04-15 21:48:55","Graphic Design"
873,"Cómo crear maquetas con Adobe XD",como-crear-maquetas-con-adobe-xd,https://res.cloudinary.com/dj11e209p/image/upload/v1753832986/courses/vg4gi7nlekemzzqb8yqe.jpg,0,True,96,0,0,0,Beginner,0,"2017-05-28 16:17:36","Graphic Design"
874,"Aprenda Modelagem 3D com o 123D Design",123d-design,https://res.cloudinary.com/dj11e209p/image/upload/v1753832986/courses/vg4gi7nlekemzzqb8yqe.jpg,0,True,78,0,0,0,Beginner,0,"2016-07-07 21:15:34","Graphic Design"
880,"Master App Icon Design for iPhone (IOS) & Android Devices",how-to-design-ios-app-icons,https://res.cloudinary.com/dj11e209p/image/upload/v1753832986/courses/vg4gi7nlekemzzqb8yqe.jpg,0,True,184,0,0,0,Intermediate,0,"2015-12-21 18:57:07","Graphic Design"
884,"Photoshop CC for Beginners - A Comprehensive Crash Course",photoshop-cc-for-beginners-a-comprehensive-crash-course,https://res.cloudinary.com/dj11e209p/image/upload/v1753832986/courses/vg4gi7nlekemzzqb8yqe.jpg,0,True,194,0,0,0,Beginner,0,"2015-07-29 18:35:20","Graphic Design"
889,"Photoshop para iniciante - o básico",photoshop-para-iniciante-o-basico,https://res.cloudinary.com/dj11e209p/image/upload/v1753832986/courses/vg4gi7nlekemzzqb8yqe.jpg,0,True,73,0,0,0,Beginner,0,"2017-07-03 01:36:55","Graphic Design"
891,"Photoshop & Illustrator CC Essentials in Arabic",photoshop-illustrator-cc-essentials-arabic,https://res.cloudinary.com/dj11e209p/image/upload/v1753832986/courses/vg4gi7nlekemzzqb8yqe.jpg,0,True,25,0,0,0,Beginner,0,"2017-05-31 23:16:00","Graphic Design"
896,"Kindle eBook Cover Design and Book Illustration Guide",kindle-ebook-cover-design,https://res.cloudinary.com/dj11e209p/image/upload/v1753832986/courses/vg4gi7nlekemzzqb8yqe.jpg,0,True,43,0,0,0,Beginner,0,"2015-11-06 17:27:45","Graphic Design"
914,"Creating an animated greeting card via Google Slides",creating-an-animated-greeting-card-via-google-slides,https://res.cloudinary.com/dj11e209p/image/upload/v1753832986/courses/vg4gi7nlekemzzqb8yqe.jpg,0,True,34,0,0,0,Beginner,0,"2016-01-05 20:31:49","Graphic Design"
919,"Make tech circles in Adobe Illustrator in 30 minutes",make-tech-circles-in-adobe-illustrator-in-30-minutes,https://res.cloudinary.com/dj11e209p/image/upload/v1753832986/courses/vg4gi7nlekemzzqb8yqe.jpg,0,True,95,0,0,0,Beginner,0,"2015-10-14 21:42:40","Graphic Design"
920,"Easy Illustration and 2D Animation",easy-illustration-and-2d-animation,https://res.cloudinary.com/dj11e209p/image/upload/v1753832986/courses/vg4gi7nlekemzzqb8yqe.jpg,0,True,200,0,0,0,Beginner,0,"2017-04-18 16:12:42","Graphic Design"
921,"Make Tech circles in Adobe Photoshop and Illustrator",make-tech-circles-in-adobe-photoshop-and-illustrator,https://res.cloudinary.com/dj11e209p/image/upload/v1753832986/courses/vg4gi7nlekemzzqb8yqe.jpg,0,True,18,0,0,0,Beginner,0,"2015-10-14 22:05:30","Graphic Design"
925,"Learn Comic Book Color Flatting! (Coloring Assistant role)",flatting,https://res.cloudinary.com/dj11e209p/image/upload/v1753832986/courses/vg4gi7nlekemzzqb8yqe.jpg,0,True,86,0,0,0,Beginner,0,"2017-06-20 17:57:00","Graphic Design"
931,Infodesign,infodesign,https://res.cloudinary.com/dj11e209p/image/upload/v1753832986/courses/vg4gi7nlekemzzqb8yqe.jpg,0,True,66,0,0,0,Beginner,0,"2017-03-24 00:39:48","Graphic Design"
933,"Learning Photoshop CC 2015",learning-photoshop-cc-2015,https://res.cloudinary.com/dj11e209p/image/upload/v1753832986/courses/vg4gi7nlekemzzqb8yqe.jpg,0,True,10,0,0,0,Beginner,0,"2016-03-08 16:53:07","Graphic Design"
934,"Create Awesome Ebook Covers Using Microsoft Word",ebook-cover-creator,https://res.cloudinary.com/dj11e209p/image/upload/v1753832986/courses/vg4gi7nlekemzzqb8yqe.jpg,0,True,5,0,0,0,Beginner,0,"2016-08-05 19:07:42","Graphic Design"
939,"Texturing For Designers - Bring Life to Design With Textures",texturing-for-designers-bring-life-to-design-with-textures,https://res.cloudinary.com/dj11e209p/image/upload/v1753832986/courses/vg4gi7nlekemzzqb8yqe.jpg,0,True,31,0,0,0,Beginner,0,"2017-04-18 00:47:52","Graphic Design"
940,"Learn Advanced Photoshop Selections",learn-advanced-photoshop-selections,https://res.cloudinary.com/dj11e209p/image/upload/v1753832986/courses/vg4gi7nlekemzzqb8yqe.jpg,0,True,108,0,0,0,Beginner,0,"2016-02-07 22:55:27","Graphic Design"
944,"Photoshop Workflow - Manipulação de imagem para Publicidade",photoshop-workflow-profissional,https://res.cloudinary.com/dj11e209p/image/upload/v1753832986/courses/vg4gi7nlekemzzqb8yqe.jpg,0,True,58,0,0,0,Advanced,0,"2017-06-28 03:28:04","Graphic Design"
945,"Como Produzir Ebook e Livros com Adobe Indesign CC e CS6",como-produzir-ebook-e-livros-com-adobe-indesign-cc,https://res.cloudinary.com/dj11e209p/image/upload/v1753832986/courses/vg4gi7nlekemzzqb8yqe.jpg,0,True,116,0,0,0,Beginner,0,"2017-04-19 06:48:47","Graphic Design"
951,"Learn Photoshop Quickly (For Bloggers & Web Images)",pscourse,https://res.cloudinary.com/dj11e209p/image/upload/v1753832986/courses/vg4gi7nlekemzzqb8yqe.jpg,0,True,113,0,0,0,Beginner,0,"2014-10-08 22:31:26","Graphic Design"
957,"Book Design With MS Word And Canva ",boost-your-sales-with-diy-design-for-non-techy-entrepreneurs,https://res.cloudinary.com/dj11e209p/image/upload/v1753832986/courses/vg4gi7nlekemzzqb8yqe.jpg,0,True,58,0,0,0,Beginner,0,"2015-03-05 22:37:01","Graphic Design"
960,"Create Stunning Infographics to Share your Ideas",infographic,https://res.cloudinary.com/dj11e209p/image/upload/v1753832986/courses/vg4gi7nlekemzzqb8yqe.jpg,0,True,58,0,0,0,Beginner,0,"2016-08-14 22:04:11","Graphic Design"
961,"How to stylize your photos in Photoshop with color overlays",how-to-stylize-your-photos-in-photoshop-with-color-overlays,https://res.cloudinary.com/dj11e209p/image/upload/v1753832986/courses/vg4gi7nlekemzzqb8yqe.jpg,0,True,176,0,0,0,Beginner,0,"2017-03-30 16:26:36","Graphic Design"
963,"A Complete Guide to Successful Freelance Logo Design Career",be-a-successful-logo-designer,https://res.cloudinary.com/dj11e209p/image/upload/v1753832986/courses/vg4gi7nlekemzzqb8yqe.jpg,0,True,100,0,0,0,Beginner,0,"2015-02-19 03:39:50","Graphic Design"
971,"Photoshop - Tratamento de pele profissional",como-fazer-retoque-de-pele-profissional-em-10-passos,https://res.cloudinary.com/dj11e209p/image/upload/v1753832986/courses/vg4gi7nlekemzzqb8yqe.jpg,0,True,97,0,0,0,Intermediate,0,"2017-06-06 14:22:28","Graphic Design"
974,"Cómo Diseñar Logos",como-disenar-logos,https://res.cloudinary.com/dj11e209p/image/upload/v1753832986/courses/vg4gi7nlekemzzqb8yqe.jpg,0,True,52,0,0,0,Beginner,0,"2015-03-05 19:16:43","Graphic Design"
975,"Photoshop Avançado - Pós Produção e fusão com 3D",photoshop-avancado-pos-producao-e-fusao-com-3d,https://res.cloudinary.com/dj11e209p/image/upload/v1753832986/courses/vg4gi7nlekemzzqb8yqe.jpg,0,True,167,0,0,0,Advanced,0,"2017-07-03 01:15:29","Graphic Design"
978,"Professional Logo Design in Adobe Illustrator",professional-logo-design-crash-course,https://res.cloudinary.com/dj11e209p/image/upload/v1753832986/courses/vg4gi7nlekemzzqb8yqe.jpg,0,True,51,0,0,0,Beginner,0,"2015-01-22 11:18:06","Graphic Design"
981,"Start Making Comics with Manga Studio 5  Clip Studio Paint",start-making-comics,https://res.cloudinary.com/dj11e209p/image/upload/v1753832986/courses/vg4gi7nlekemzzqb8yqe.jpg,0,True,60,0,0,0,Beginner,0,"2016-06-21 02:49:47","Graphic Design"
982,"Photoshop Quickstart Guide to Digital Sketching",photoshop-quickstart-guide-to-digital-sketching,https://res.cloudinary.com/dj11e209p/image/upload/v1753832986/courses/vg4gi7nlekemzzqb8yqe.jpg,0,True,40,0,0,0,Beginner,0,"2015-09-17 18:46:40","Graphic Design"
983,"Logo Design - Design a Logo in Photoshop for beginners",logo-design-photoshop,https://res.cloudinary.com/dj11e209p/image/upload/v1753832986/courses/vg4gi7nlekemzzqb8yqe.jpg,0,True,122,0,0,0,Beginner,0,"2016-12-02 18:27:20","Graphic Design"
986,"Learn Photoshop CC Essentials",learn-photoshop-cc-essentials,https://res.cloudinary.com/dj11e209p/image/upload/v1753832986/courses/vg4gi7nlekemzzqb8yqe.jpg,0,True,37,0,0,0,Beginner,0,"2015-05-06 00:47:09","Graphic Design"
987,"Text based Logo Design for Business Using Adobe Photoshop",text-based-logo-design-using-adobe-photoshop,https://res.cloudinary.com/dj11e209p/image/upload/v1753832986/courses/vg4gi7nlekemzzqb8yqe.jpg,0,True,124,0,0,0,Beginner,0,"2015-08-03 22:10:33","Graphic Design"
992,"FLAT ICON DESIGN IN POWERPOINT",flat-icon-design-powerpoint,https://res.cloudinary.com/dj11e209p/image/upload/v1753832986/courses/vg4gi7nlekemzzqb8yqe.jpg,0,True,73,0,0,0,Beginner,0,"2016-05-03 00:54:17","Graphic Design"
1002,"Essential Skills for Designers - Mastering the Pen Tool",pen-tool,https://res.cloudinary.com/dj11e209p/image/upload/v1753832986/courses/vg4gi7nlekemzzqb8yqe.jpg,0,True,28,0,0,0,Beginner,0,"2013-05-13 12:59:21","Graphic Design"
1005,"History of Art and Design from XV to XXI century",history-of-design-abc,https://res.cloudinary.com/dj11e209p/image/upload/v1753832986/courses/vg4gi7nlekemzzqb8yqe.jpg,0,True,71,0,0,0,Beginner,0,"2016-10-24 15:44:34","Graphic Design"
1008,"Create Beautiful Compelling Social Media Banners With Canva",stunning-images-for-social-media-with-canva,https://res.cloudinary.com/dj11e209p/image/upload/v1753832986/courses/vg4gi7nlekemzzqb8yqe.jpg,0,True,128,0,0,0,Beginner,0,"2015-10-14 22:01:19","Graphic Design"
1014,"Learn 2D Cell Shading in Photoshop",3dmotive-learn-2d-cell-shading-in-photoshop,https://res.cloudinary.com/dj11e209p/image/upload/v1753832986/courses/vg4gi7nlekemzzqb8yqe.jpg,0,True,42,0,0,0,Intermediate,0,"2016-03-14 16:25:09","Graphic Design"
1019,"Flat Design - Create Beautiful Flat Graphics In Photoshop",flat-design-graphics-photoshop,https://res.cloudinary.com/dj11e209p/image/upload/v1753832986/courses/vg4gi7nlekemzzqb8yqe.jpg,0,True,141,0,0,0,Beginner,0,"2016-03-20 20:57:08","Graphic Design"
1020,"Logo Portfolio in 1 Hour in Wordpress",logoportfolio,https://res.cloudinary.com/dj11e209p/image/upload/v1753832986/courses/vg4gi7nlekemzzqb8yqe.jpg,0,True,149,0,0,0,Beginner,0,"2016-12-06 22:13:44","Graphic Design"
1021,"Complete Digital Painting Training with Corel Painter",digital-portrait-painting,https://res.cloudinary.com/dj11e209p/image/upload/v1753832986/courses/vg4gi7nlekemzzqb8yqe.jpg,0,True,67,0,0,0,Beginner,0,"2015-02-09 13:36:24","Graphic Design"
1022,"How to Design Simple Promotional Materials in Photoshop",how-to-design-simple-promotional-materials-in-photoshop,https://res.cloudinary.com/dj11e209p/image/upload/v1753832986/courses/vg4gi7nlekemzzqb8yqe.jpg,0,True,184,0,0,0,Beginner,0,"2017-04-04 21:04:48","Graphic Design"
1026,"Quote Images for Pinterest, Facebook, & Instagram",viral-images-pinterest-facebook-instagram,https://res.cloudinary.com/dj11e209p/image/upload/v1753832986/courses/vg4gi7nlekemzzqb8yqe.jpg,0,True,98,0,0,0,Beginner,0,"2015-09-24 19:47:45","Graphic Design"
1028,"Diseño de logo para principiantes",logo_para_principiantes,https://res.cloudinary.com/dj11e209p/image/upload/v1753832986/courses/vg4gi7nlekemzzqb8yqe.jpg,0,True,200,0,0,0,Beginner,0,"2015-03-23 17:37:40","Graphic Design"
1029,"After Effects - Alles rund um das Tracking",spannende-after-effects-techniken,https://res.cloudinary.com/dj11e209p/image/upload/v1753832986/courses/vg4gi7nlekemzzqb8yqe.jpg,0,True,23,0,0,0,Beginner,0,"2016-09-13 16:14:44","Graphic Design"
1031,"Uso Básico de Adobe Photoshop",uso-basico-de-adobe-photoshop,https://res.cloudinary.com/dj11e209p/image/upload/v1753832986/courses/vg4gi7nlekemzzqb8yqe.jpg,0,True,76,0,0,0,Beginner,0,"2016-02-08 19:47:44","Graphic Design"
1034,"Letras en Adobe Illustrator",letras-en-adobe-illustrator,https://res.cloudinary.com/dj11e209p/image/upload/v1753832986/courses/vg4gi7nlekemzzqb8yqe.jpg,0,True,19,0,0,0,Beginner,0,"2014-04-04 21:23:23","Graphic Design"
1035,"Si eres nuevo en Photoshop...Este es tu curso Nº1",photoshopcurso1,https://res.cloudinary.com/dj11e209p/image/upload/v1753832986/courses/vg4gi7nlekemzzqb8yqe.jpg,0,True,46,0,0,0,Beginner,0,"2014-06-17 15:15:28","Graphic Design"
1036,"Intro to Illustrator",intro-to-illustrator,https://res.cloudinary.com/dj11e209p/image/upload/v1753832986/courses/vg4gi7nlekemzzqb8yqe.jpg,0,True,19,0,0,0,Beginner,0,"2014-07-20 11:12:36","Graphic Design"
1038,"Corel Draw X8 Başlangıç Eğitimi (YENİ)",coreldraw-x8-temel-egitimi-yeni,https://res.cloudinary.com/dj11e209p/image/upload/v1753832986/courses/vg4gi7nlekemzzqb8yqe.jpg,0,True,127,0,0,0,Beginner,0,"2017-06-21 19:35:10","Graphic Design"
1040,"8 Stunden professionelles Cinema 4D Training",professionelle-3d-modelle-leicht-verstandlich-erstellen,https://res.cloudinary.com/dj11e209p/image/upload/v1753832986/courses/vg4gi7nlekemzzqb8yqe.jpg,0,True,191,0,0,0,Beginner,0,"2016-03-22 20:51:28","Graphic Design"
1042,"Portrait Typography in Photoshop - Anyone can do Typography",portrait-typography-in-photoshop-anyone-can-do-typography,https://res.cloudinary.com/dj11e209p/image/upload/v1753832986/courses/vg4gi7nlekemzzqb8yqe.jpg,0,True,61,0,0,0,Beginner,0,"2017-03-06 18:24:49","Graphic Design"
1047,"Adobe Illustrator Advanced Vector Artwork",adobe-illustrator-advance-vector-artwork,https://res.cloudinary.com/dj11e209p/image/upload/v1753832986/courses/vg4gi7nlekemzzqb8yqe.jpg,0,True,113,0,0,0,Beginner,0,"2017-02-06 23:07:33","Graphic Design"
1050,Lettering,saibala-lettering,https://res.cloudinary.com/dj11e209p/image/upload/v1753832986/courses/vg4gi7nlekemzzqb8yqe.jpg,0,True,120,0,0,0,Beginner,0,"2016-03-24 21:12:01","Graphic Design"
1059,"Designing an eBook Cover that Sells",designing-an-ebook-cover,https://res.cloudinary.com/dj11e209p/image/upload/v1753832986/courses/vg4gi7nlekemzzqb8yqe.jpg,0,True,171,0,0,0,Beginner,0,"2015-05-08 21:54:13","Graphic Design"
1062,"Create your own Photoshop brush preset!",create-autumn-leaf-brushes,https://res.cloudinary.com/dj11e209p/image/upload/v1753832986/courses/vg4gi7nlekemzzqb8yqe.jpg,0,True,128,0,0,0,Beginner,0,"2016-11-18 01:59:31","Graphic Design"
1064,"How to illustrate in Flash ",how-to-illustrate-in-flash,https://res.cloudinary.com/dj11e209p/image/upload/v1753832986/courses/vg4gi7nlekemzzqb8yqe.jpg,0,True,97,0,0,0,Beginner,0,"2015-08-04 20:39:47","Graphic Design"
1066,"Turn your animated greeting card carousel into a music video",turn-your-animated-greeting-card-carousel-into-a-music-video,https://res.cloudinary.com/dj11e209p/image/upload/v1753832986/courses/vg4gi7nlekemzzqb8yqe.jpg,0,True,151,0,0,0,Intermediate,0,"2016-07-01 18:35:17","Graphic Design"
1067,"Mastering Photoshop Elements 15 Made Easy Training Tutorial",mastering-photoshop-elements-15-made-easy-training-tutorial,https://res.cloudinary.com/dj11e209p/image/upload/v1753832986/courses/vg4gi7nlekemzzqb8yqe.jpg,0,True,56,0,0,0,Beginner,0,"2017-02-03 21:32:31","Graphic Design"
1069,"Learn to Draw Pretty Faces for Comic Books",learn-to-draw-pretty-faces-for-comic-books,https://res.cloudinary.com/dj11e209p/image/upload/v1753832986/courses/vg4gi7nlekemzzqb8yqe.jpg,0,True,44,0,0,0,Beginner,0,"2016-08-08 21:01:21","Graphic Design"
1071,"Bestseller!! Learn Illustrator CC in 1 Hour",1hourillustrator,https://res.cloudinary.com/dj11e209p/image/upload/v1753832986/courses/vg4gi7nlekemzzqb8yqe.jpg,0,True,2,0,0,0,Beginner,0,"2015-07-28 20:22:14","Graphic Design"
1072,"Learn Professional Book-Cover Designing Photoshop 4 Beginner",learn-professional-book-cover-designing-photoshop,https://res.cloudinary.com/dj11e209p/image/upload/v1753832986/courses/vg4gi7nlekemzzqb8yqe.jpg,0,True,187,0,0,0,Beginner,0,"2017-06-13 16:13:33","Graphic Design"
1074,"Book Covers and Graphic Design with PowerPoint 20132016365",book-cover-design-with-microsoft-powerpoint-2013,https://res.cloudinary.com/dj11e209p/image/upload/v1753832986/courses/vg4gi7nlekemzzqb8yqe.jpg,0,True,96,0,0,0,Beginner,0,"2015-06-03 16:52:27","Graphic Design"
1078,"Whiteboard Animation, Beginner To Expert - In 1 Hour!",whiteboardanimation,https://res.cloudinary.com/dj11e209p/image/upload/v1753832986/courses/vg4gi7nlekemzzqb8yqe.jpg,0,True,25,0,0,0,Beginner,0,"2017-03-14 20:52:30","Graphic Design"
1079,"Advanced Graphic Design-Photoshop CC 2014 for Photographers",advanced-graphic-design-photoshop-cc-2014-for-photographers,https://res.cloudinary.com/dj11e209p/image/upload/v1753832986/courses/vg4gi7nlekemzzqb8yqe.jpg,0,True,49,0,0,0,Beginner,0,"2014-12-19 05:55:57","Graphic Design"
1091,"Create Beveled Lettering in Adobe Illustrator",create-beveled-lettering,https://res.cloudinary.com/dj11e209p/image/upload/v1753832986/courses/vg4gi7nlekemzzqb8yqe.jpg,0,True,172,0,0,0,Intermediate,0,"2017-02-26 17:17:59","Graphic Design"
1093,"Adobe photoshop The  Flying Land compositing",adobe-photoshop-the-flying-land-compositing,https://res.cloudinary.com/dj11e209p/image/upload/v1753832986/courses/vg4gi7nlekemzzqb8yqe.jpg,0,True,183,0,0,0,Beginner,0,"2017-02-20 16:40:15","Graphic Design"
1094,"Learn Mobile App Design in Photoshop",design-iosandroid-icons,https://res.cloudinary.com/dj11e209p/image/upload/v1753832986/courses/vg4gi7nlekemzzqb8yqe.jpg,0,True,142,0,0,0,Beginner,0,"2015-01-07 00:46:01","Graphic Design"
1096,"Mastering Text Animation in After Effect",master-text-animation-in-ae,https://res.cloudinary.com/dj11e209p/image/upload/v1753832986/courses/vg4gi7nlekemzzqb8yqe.jpg,0,True,174,0,0,0,Intermediate,0,"2017-02-26 19:49:26","Graphic Design"
1097,"How to Design A 2D Character in Illustrator",2d-character-in-illustrator,https://res.cloudinary.com/dj11e209p/image/upload/v1753832986/courses/vg4gi7nlekemzzqb8yqe.jpg,0,True,70,0,0,0,Beginner,0,"2017-02-08 22:04:43","Graphic Design"
1099,"Adobe Photoshop CC for Photographers Advanced",adobe-photoshop-cc-for-photographers-advanced,https://res.cloudinary.com/dj11e209p/image/upload/v1753832986/courses/vg4gi7nlekemzzqb8yqe.jpg,0,True,45,0,0,0,Advanced,0,"2017-01-19 22:12:04","Graphic Design"
1100,"Adobe InDesign Tips and Tricks",adobe-indesign-best-tutorials,https://res.cloudinary.com/dj11e209p/image/upload/v1753832986/courses/vg4gi7nlekemzzqb8yqe.jpg,0,True,16,0,0,0,Beginner,0,"2015-06-22 23:37:56","Graphic Design"
1101,"Photoshop CC Training - Creating Fantastic Album Cover Art",photoshop-cc-training-creating-fantastic-album-cover-art,https://res.cloudinary.com/dj11e209p/image/upload/v1753832986/courses/vg4gi7nlekemzzqb8yqe.jpg,0,True,91,0,0,0,Beginner,0,"2016-12-21 19:40:11","Graphic Design"
1102,"Low Poly Portrait Illustration",low-poly-portrait-illustration,https://res.cloudinary.com/dj11e209p/image/upload/v1753832986/courses/vg4gi7nlekemzzqb8yqe.jpg,0,True,126,0,0,0,Beginner,0,"2015-08-04 18:48:18","Graphic Design"
1106,"An Easy Introduction to Adobe Photoshop",an-easy-introduction-to-adobe-photoshop,https://res.cloudinary.com/dj11e209p/image/upload/v1753832986/courses/vg4gi7nlekemzzqb8yqe.jpg,0,True,11,0,0,0,Beginner,0,"2015-07-07 00:14:56","Graphic Design"
1110,"How to Draw Pinups and Sexy Women",how-to-draw-pinups,https://res.cloudinary.com/dj11e209p/image/upload/v1753832986/courses/vg4gi7nlekemzzqb8yqe.jpg,0,True,24,0,0,0,Intermediate,0,"2013-11-19 03:05:51","Graphic Design"
1113,"Icon & Logo Symbol Design in Adobe Illustrator",icondesign,https://res.cloudinary.com/dj11e209p/image/upload/v1753832986/courses/vg4gi7nlekemzzqb8yqe.jpg,0,True,193,0,0,0,Beginner,0,"2016-11-23 22:57:18","Graphic Design"
1114,"Sketchbook Pro for Beginners",learn-sketchbook-pro-in-a-weekend,https://res.cloudinary.com/dj11e209p/image/upload/v1753832986/courses/vg4gi7nlekemzzqb8yqe.jpg,0,True,170,0,0,0,Beginner,0,"2016-04-01 00:18:17","Graphic Design"
1115,"Photoshop CC 2017 Full Course",photoshop-cc-2017-full-course,https://res.cloudinary.com/dj11e209p/image/upload/v1753832986/courses/vg4gi7nlekemzzqb8yqe.jpg,0,True,113,0,0,0,Beginner,0,"2017-04-25 17:12:10","Graphic Design"
1116,"Mobile App Design in Photoshop from Scratch - UI & UX DESIGN",mobile-app-design-in-photoshop-complete-music-app-design,https://res.cloudinary.com/dj11e209p/image/upload/v1753832986/courses/vg4gi7nlekemzzqb8yqe.jpg,0,True,144,0,0,0,Beginner,0,"2016-12-28 19:24:07","Graphic Design"
1125,"A Beginners Guide to creating Vector Graphics With Photoshop",beginners-guide-course-to-vector-graphics-with-adobe-photoshop-course,https://res.cloudinary.com/dj11e209p/image/upload/v1753832986/courses/vg4gi7nlekemzzqb8yqe.jpg,0,True,115,0,0,0,Beginner,0,"2015-04-05 18:48:19","Graphic Design"
1126,"Adobe Photoshop CS6 para Iniciantes",adobe-photoshop-cs6-para-iniciantes,https://res.cloudinary.com/dj11e209p/image/upload/v1753832986/courses/vg4gi7nlekemzzqb8yqe.jpg,0,True,110,0,0,0,Beginner,0,"2017-02-17 20:25:49","Graphic Design"
1129,"Criando um poster com foto colagem digital",criando-poster-digital-foto-colagem,https://res.cloudinary.com/dj11e209p/image/upload/v1753832986/courses/vg4gi7nlekemzzqb8yqe.jpg,0,True,36,0,0,0,Beginner,0,"2017-05-25 11:25:50","Graphic Design"
1131,"Interiores Sostenibles 101",interiores-sostenibles-101,https://res.cloudinary.com/dj11e209p/image/upload/v1753832986/courses/vg4gi7nlekemzzqb8yqe.jpg,0,True,90,0,0,0,Beginner,0,"2017-04-15 18:43:37","Graphic Design"
1136,"Smashing Photoshop CCCS",smashing-photoshop,https://res.cloudinary.com/dj11e209p/image/upload/v1753832986/courses/vg4gi7nlekemzzqb8yqe.jpg,0,True,68,0,0,0,Beginner,0,"2016-04-26 23:02:01","Graphic Design"
1140,"Adobe Illustrator CC - From scratch ",adobe-illustrator-cc-from-scratch,https://res.cloudinary.com/dj11e209p/image/upload/v1753832986/courses/vg4gi7nlekemzzqb8yqe.jpg,0,True,73,0,0,0,Beginner,0,"2015-06-26 18:43:13","Graphic Design"
1143,"Learn to create Text fire effect in Adobe Photoshop ",learn-to-create-text-fire-effect-in-adobe-photoshop,https://res.cloudinary.com/dj11e209p/image/upload/v1753832986/courses/vg4gi7nlekemzzqb8yqe.jpg,0,True,87,0,0,0,Beginner,0,"2014-12-19 23:19:47","Graphic Design"
1144,"Professional Business Logo Design Using Free Online Tools",professional-business-logo-design-using-free-online-tools,https://res.cloudinary.com/dj11e209p/image/upload/v1753832986/courses/vg4gi7nlekemzzqb8yqe.jpg,0,True,192,0,0,0,Beginner,0,"2016-10-31 16:09:48","Graphic Design"
1145,"Beginners Guide to Kindle Ebook Covers Design With Fireworks",beginners-guide-to-kindle-ebook-covers-design-with-fireworks,https://res.cloudinary.com/dj11e209p/image/upload/v1753832986/courses/vg4gi7nlekemzzqb8yqe.jpg,0,True,85,0,0,0,Beginner,0,"2017-06-19 19:26:46","Graphic Design"
1149,"photoshop - CURSO DE PHOTOSHOP DO BÁSICO AO AVANÇADO",photoshop-do-basico-ao-avancado,https://res.cloudinary.com/dj11e209p/image/upload/v1753832986/courses/vg4gi7nlekemzzqb8yqe.jpg,0,True,141,0,0,0,Beginner,0,"2017-02-06 17:22:18","Graphic Design"
1150,"Photoshop - Revelando os segredos das Fusões",curso-de-photoshop-gratuito,https://res.cloudinary.com/dj11e209p/image/upload/v1753832986/courses/vg4gi7nlekemzzqb8yqe.jpg,0,True,184,0,0,0,Advanced,0,"2017-06-08 11:10:08","Graphic Design"
1153,"Digital Art for Beginners",digital-art-101-from-beginner-to-pro,https://res.cloudinary.com/dj11e209p/image/upload/v1753832986/courses/vg4gi7nlekemzzqb8yqe.jpg,0,True,110,0,0,0,Beginner,0,"2016-02-14 23:43:10","Graphic Design"
1157,"Adobe Illustrator CC 2017 for beginners",adobe-illustrator-cc-2017,https://res.cloudinary.com/dj11e209p/image/upload/v1753832986/courses/vg4gi7nlekemzzqb8yqe.jpg,0,True,135,0,0,0,Beginner,0,"2017-01-31 22:13:11","Graphic Design"
1160,"Learn to Create a Mandala with Adobe Illustrator",learn-to-create-a-mandala-with-adobe-illustrator,https://res.cloudinary.com/dj11e209p/image/upload/v1753832986/courses/vg4gi7nlekemzzqb8yqe.jpg,0,True,49,0,0,0,Beginner,0,"2017-04-24 19:24:51","Graphic Design"
1161,"15  Motion Graphic Elements in After Effect (Series 2)",15-motion-graphic-elements-in-after-effect-series-2,https://res.cloudinary.com/dj11e209p/image/upload/v1753832986/courses/vg4gi7nlekemzzqb8yqe.jpg,0,True,109,0,0,0,Intermediate,0,"2017-04-11 04:27:34","Graphic Design"
1162,"Fantasy map design",fantasy-map-design,https://res.cloudinary.com/dj11e209p/image/upload/v1753832986/courses/vg4gi7nlekemzzqb8yqe.jpg,0,True,13,0,0,0,Beginner,0,"2017-03-16 16:31:23","Graphic Design"
1167,"Getting the Life of an Instructional Designer",getting-the-life-of-an-instructional-designer,https://res.cloudinary.com/dj11e209p/image/upload/v1753832986/courses/vg4gi7nlekemzzqb8yqe.jpg,0,True,172,0,0,0,Beginner,0,"2017-05-01 00:12:09","Graphic Design"
1169,"How to create gif animation in photoshop",how-to-create-gif-animation-in-photoshop,https://res.cloudinary.com/dj11e209p/image/upload/v1753832986/courses/vg4gi7nlekemzzqb8yqe.jpg,0,True,50,0,0,0,Beginner,0,"2015-06-02 19:06:24","Graphic Design"
1172,"How To Design A Fortune 500 Logo in Illustrator",logo-logo-design-logos-logo-maker-graphic-design-logo-creator,https://res.cloudinary.com/dj11e209p/image/upload/v1753832986/courses/vg4gi7nlekemzzqb8yqe.jpg,0,True,99,0,0,0,Intermediate,0,"2016-01-24 22:45:26","Graphic Design"
1174,"Mastering Logo Design - 20 Projects step-by-step",mastering-logo-designing-20-projects-step-by-step,https://res.cloudinary.com/dj11e209p/image/upload/v1753832986/courses/vg4gi7nlekemzzqb8yqe.jpg,0,True,118,0,0,0,Beginner,0,"2016-09-25 17:57:11","Graphic Design"
1175,"Learn Adobe Photoshop from scratch to professional",learn-adobe-photoshop-hot-skill-of-today,https://res.cloudinary.com/dj11e209p/image/upload/v1753832986/courses/vg4gi7nlekemzzqb8yqe.jpg,0,True,133,0,0,0,Beginner,0,"2017-04-05 21:50:14","Graphic Design"
1180,"Photoshop CC Eğitim Seti (YENİ)",photoshop-cc-egitim-seti-yeni,https://res.cloudinary.com/dj11e209p/image/upload/v1753832986/courses/vg4gi7nlekemzzqb8yqe.jpg,0,True,2,0,0,0,Beginner,0,"2017-03-30 22:26:26","Graphic Design"
1182,"Adobe Illustrator Course in Urdu Basics Level Training",adobe-illustrator-course-in-urdu-basics-level-training,https://res.cloudinary.com/dj11e209p/image/upload/v1753832986/courses/vg4gi7nlekemzzqb8yqe.jpg,0,True,76,0,0,0,Beginner,0,"2016-01-19 17:22:59","Graphic Design"
1184,"Aula de Photoshop - Aprenda como recortar imagens",aula-de-photoshop-aprenda-como-recortar-imagens,https://res.cloudinary.com/dj11e209p/image/upload/v1753832986/courses/vg4gi7nlekemzzqb8yqe.jpg,0,True,79,0,0,0,Beginner,0,"2017-07-03 00:56:30","Graphic Design"
1187,"Learn to code in Python and learn Adobe Photoshop today!",learn-to-code-in-python-and-learn-adobe-photoshop-today,https://res.cloudinary.com/dj11e209p/image/upload/v1753832986/courses/vg4gi7nlekemzzqb8yqe.jpg,0,True,185,0,0,0,Beginner,0,"2015-07-08 00:15:12","Graphic Design"
1188,"How to draw Caricatures",how-to-draw-caricatures,https://res.cloudinary.com/dj11e209p/image/upload/v1753832986/courses/vg4gi7nlekemzzqb8yqe.jpg,0,True,180,0,0,0,Beginner,0,"2013-08-21 16:58:27","Graphic Design"
1193,"How to Make a Custom Graphic ",customgraphicsforbusiness,https://res.cloudinary.com/dj11e209p/image/upload/v1753832986/courses/vg4gi7nlekemzzqb8yqe.jpg,0,True,162,0,0,0,Beginner,0,"2013-10-24 04:16:41","Graphic Design"
1194,"Create Flat Designs with Inkscape ",create-flat-designs-with-inkscape,https://res.cloudinary.com/dj11e209p/image/upload/v1753832986/courses/vg4gi7nlekemzzqb8yqe.jpg,0,True,193,0,0,0,Beginner,0,"2016-02-14 21:56:08","Graphic Design"
1196,"Adobe Illustrator Vectors For Hand Letterers",adobe-illustrator-vectors-for-hand-letterers,https://res.cloudinary.com/dj11e209p/image/upload/v1753832986/courses/vg4gi7nlekemzzqb8yqe.jpg,0,True,119,0,0,0,Beginner,0,"2016-10-21 18:50:38","Graphic Design"
1198,"Promotional Design Master Class",promotional-design-master-class,https://res.cloudinary.com/dj11e209p/image/upload/v1753832986/courses/vg4gi7nlekemzzqb8yqe.jpg,0,True,172,0,0,0,Beginner,0,"2016-12-24 05:22:40","Graphic Design"
1200,"Photoshop JumpStart",photoshop-jumpstart,https://res.cloudinary.com/dj11e209p/image/upload/v1753832986/courses/vg4gi7nlekemzzqb8yqe.jpg,0,True,41,0,0,0,Beginner,0,"2015-07-02 21:41:25","Graphic Design"
1208,"Motion Graphic With After Effect From Scratch in 5 Hours",motion-graphic-with-ae,https://res.cloudinary.com/dj11e209p/image/upload/v1753832986/courses/vg4gi7nlekemzzqb8yqe.jpg,0,True,18,0,0,0,Beginner,0,"2016-06-01 17:40:56","Graphic Design"
1211,"Zombie Apocalypse Photoshop Actions",zombie-apocalypse-photoshop-actions,https://res.cloudinary.com/dj11e209p/image/upload/v1753832986/courses/vg4gi7nlekemzzqb8yqe.jpg,0,True,139,0,0,0,Beginner,0,"2016-09-26 22:19:48","Graphic Design"
1214,"How to draw professional manga artwork by Punix",punix_drawface,https://res.cloudinary.com/dj11e209p/image/upload/v1753832986/courses/vg4gi7nlekemzzqb8yqe.jpg,0,True,35,0,0,0,Beginner,0,"2017-04-17 22:55:46","Graphic Design"
1221,"Plantillas Powerpoint para Publicar en Mercadolibre y Ebay",publicacion-rapida-y-profesional-en-mercadolibre,https://res.cloudinary.com/dj11e209p/image/upload/v1753832986/courses/vg4gi7nlekemzzqb8yqe.jpg,0,True,98,0,0,0,Beginner,0,"2015-06-08 15:32:34","Graphic Design"
1222,"Crie seu Cartão de Visita no CorelDRAW X8",crie-seu-cartao-de-visita-no-coreldraw-x8,https://res.cloudinary.com/dj11e209p/image/upload/v1753832986/courses/vg4gi7nlekemzzqb8yqe.jpg,0,True,102,0,0,0,Beginner,0,"2017-03-02 17:04:04","Graphic Design"
1225,"Enhance your chroma key with an animated Slides background",enhance-your-chroma-key-with-an-animated-slides-background,https://res.cloudinary.com/dj11e209p/image/upload/v1753832986/courses/vg4gi7nlekemzzqb8yqe.jpg,0,True,5,0,0,0,Intermediate,0,"2016-07-04 18:50:33","Graphic Design"
1226,"The Complete Motion Graphic Course",complete-motion-graphic-course,https://res.cloudinary.com/dj11e209p/image/upload/v1753832986/courses/vg4gi7nlekemzzqb8yqe.jpg,0,True,42,0,0,0,Beginner,0,"2017-02-01 23:42:53","Graphic Design"
1227,"Making Corporate Flyers in Photoshop",making-corporate-flyers-in-photoshop,https://res.cloudinary.com/dj11e209p/image/upload/v1753832986/courses/vg4gi7nlekemzzqb8yqe.jpg,0,True,106,0,0,0,Beginner,0,"2016-02-05 19:58:53","Graphic Design"
1228,"Rock-Solid Brands",rock-solid-brands,https://res.cloudinary.com/dj11e209p/image/upload/v1753832986/courses/vg4gi7nlekemzzqb8yqe.jpg,0,True,140,0,0,0,Beginner,0,"2016-02-17 17:06:32","Graphic Design"
1229,"Typographic Poster Design - From Sketch to Vector",typographic-poster-design-from-sketch-to-vector,https://res.cloudinary.com/dj11e209p/image/upload/v1753832986/courses/vg4gi7nlekemzzqb8yqe.jpg,0,True,176,0,0,0,Intermediate,0,"2015-10-08 17:21:31","Graphic Design"
1238,"Design while you learn InDesign CC",design-while-you-learn-indesign-cc,https://res.cloudinary.com/dj11e209p/image/upload/v1753832986/courses/vg4gi7nlekemzzqb8yqe.jpg,0,True,135,0,0,0,Beginner,0,"2014-04-07 17:28:14","Graphic Design"
1239,"R Graph Essentials",r-graph-essentials,https://res.cloudinary.com/dj11e209p/image/upload/v1753832986/courses/vg4gi7nlekemzzqb8yqe.jpg,0,True,65,0,0,0,Beginner,0,"2015-01-21 07:26:49","Graphic Design"
1240,"Car Sketching with Simple Analog Tools",car-sketching-with-markers,https://res.cloudinary.com/dj11e209p/image/upload/v1753832986/courses/vg4gi7nlekemzzqb8yqe.jpg,0,True,153,0,0,0,Beginner,0,"2016-08-29 18:50:57","Graphic Design"
1241,"Drawing Anime & Manga Style",drawing-anime-and-manga-style,https://res.cloudinary.com/dj11e209p/image/upload/v1753832986/courses/vg4gi7nlekemzzqb8yqe.jpg,0,True,163,0,0,0,Beginner,0,"2015-07-10 23:16:44","Graphic Design"
1242,"Inkscape 101 for Beginners - Design Vector Graphics",inkscape-101-for-beginners-design-vector-graphics,https://res.cloudinary.com/dj11e209p/image/upload/v1753832986/courses/vg4gi7nlekemzzqb8yqe.jpg,0,True,75,0,0,0,Beginner,0,"2016-06-13 18:28:02","Graphic Design"
1245,"Architectural Drawing For Creatives",architectural-drawing-for-website-and-logo-designers,https://res.cloudinary.com/dj11e209p/image/upload/v1753832986/courses/vg4gi7nlekemzzqb8yqe.jpg,0,True,48,0,0,0,Beginner,0,"2017-06-21 15:35:08","Graphic Design"
1246,"Adobe Photoshop (Complete Beginner)",learn-adobe-photoshop-complete-beginner-to-a-fricken-master,https://res.cloudinary.com/dj11e209p/image/upload/v1753832986/courses/vg4gi7nlekemzzqb8yqe.jpg,0,True,134,0,0,0,Beginner,0,"2015-12-09 17:17:38","Graphic Design"
1248,"create stunning Photoshop compositions in minutes",create-impressive-photoshop-compositions-in-minutes,https://res.cloudinary.com/dj11e209p/image/upload/v1753832986/courses/vg4gi7nlekemzzqb8yqe.jpg,0,True,59,0,0,0,Beginner,0,"2017-06-07 19:24:37","Graphic Design"
1252,"Add realistic car paint to your pencil drawing in Photoshop!",colorize-your-pencil-drawing-in-photoshop,https://res.cloudinary.com/dj11e209p/image/upload/v1753832986/courses/vg4gi7nlekemzzqb8yqe.jpg,0,True,80,0,0,0,Beginner,0,"2017-02-02 19:03:50","Graphic Design"
1255,"Step by Step Gif animation in Photoshop",step-by-step-gif-animation-in-photoshop,https://res.cloudinary.com/dj11e209p/image/upload/v1753832986/courses/vg4gi7nlekemzzqb8yqe.jpg,0,True,115,0,0,0,Beginner,0,"2015-06-08 18:40:03","Graphic Design"
1256,"Adobe - Create a professional logo step-by-step (Farming)",adobe-create-a-professional-logo-step-by-step-farming,https://res.cloudinary.com/dj11e209p/image/upload/v1753832986/courses/vg4gi7nlekemzzqb8yqe.jpg,0,True,184,0,0,0,Beginner,0,"2016-08-18 23:51:44","Graphic Design"
1259,"Silhouettes that Sells",silhouettes-that-sells,https://res.cloudinary.com/dj11e209p/image/upload/v1753832986/courses/vg4gi7nlekemzzqb8yqe.jpg,0,True,22,0,0,0,Beginner,0,"2017-03-23 21:08:59","Graphic Design"
1260,"How to design professional PowerPoint business presentation",how-to-design-professional-animated-powerpoint-presentation,https://res.cloudinary.com/dj11e209p/image/upload/v1753832986/courses/vg4gi7nlekemzzqb8yqe.jpg,0,True,114,0,0,0,Beginner,0,"2014-11-11 19:49:41","Graphic Design"
1263,"eBook Cover Design",ebooks-cover-design,https://res.cloudinary.com/dj11e209p/image/upload/v1753832986/courses/vg4gi7nlekemzzqb8yqe.jpg,0,True,23,0,0,0,Intermediate,0,"2014-11-04 20:56:51","Graphic Design"
1266,"Amazing Graphic Design for Beginners",amazing-graphic-design-for-beginners,https://res.cloudinary.com/dj11e209p/image/upload/v1753832986/courses/vg4gi7nlekemzzqb8yqe.jpg,0,True,183,0,0,0,Beginner,0,"2015-07-08 19:58:01","Graphic Design"
1268,"Instant Harmonica - Christmas. Play Jingle Bells Part 1 now",instant-harmonica-christmas-play-jingle-bells-part-1-now,https://res.cloudinary.com/dj11e209p/image/upload/v1753832986/courses/vg4gi7nlekemzzqb8yqe.jpg,0,True,101,0,0,0,Beginner,0,"2015-12-11 18:42:43","Musical Instruments"
1281,"Guitar for Beginners - Learn the Basics",learnguitar,https://res.cloudinary.com/dj11e209p/image/upload/v1753832986/courses/vg4gi7nlekemzzqb8yqe.jpg,0,True,89,0,0,0,Beginner,0,"2015-06-12 22:33:53","Musical Instruments"
1286,"Improvise On The Piano In 30 Minutes",improvise-on-the-piano-in-30-minutes,https://res.cloudinary.com/dj11e209p/image/upload/v1753832986/courses/vg4gi7nlekemzzqb8yqe.jpg,0,True,196,0,0,0,Beginner,0,"2016-08-18 18:24:45","Musical Instruments"
1290,"Instant Harmonica - play two Star Wars themes in 30 minutes ",instant-harmonica-play-two-star-wars-themes-in-30-minutes,https://res.cloudinary.com/dj11e209p/image/upload/v1753832986/courses/vg4gi7nlekemzzqb8yqe.jpg,0,True,16,0,0,0,Beginner,0,"2015-07-28 16:49:56","Musical Instruments"
1292,"Learn To Play The Piano Using Pop, R&B and Gospel Chords",learn-to-play-the-piano-using-pop-rb-and-gospel-chords,https://res.cloudinary.com/dj11e209p/image/upload/v1753832986/courses/vg4gi7nlekemzzqb8yqe.jpg,0,True,84,0,0,0,Beginner,0,"2013-10-15 18:13:46","Musical Instruments"
1295,"How to Play Piano - Your First Lesson!",how-to-play-piano-course,https://res.cloudinary.com/dj11e209p/image/upload/v1753832986/courses/vg4gi7nlekemzzqb8yqe.jpg,0,True,124,0,0,0,Beginner,0,"2017-06-24 04:47:09","Musical Instruments"
1298,"Percussive Fingerstyle Guitar",percussive-fingerstyle-course,https://res.cloudinary.com/dj11e209p/image/upload/v1753832986/courses/vg4gi7nlekemzzqb8yqe.jpg,0,True,23,0,0,0,Intermediate,0,"2015-02-02 18:04:46","Musical Instruments"
1302,"Instant Harmonica - play Scarborough Fair in 8 easy lectures",instant-harmonica-play-scarborough-fair-in-8-easy-lectures,https://res.cloudinary.com/dj11e209p/image/upload/v1753832986/courses/vg4gi7nlekemzzqb8yqe.jpg,0,True,68,0,0,0,Beginner,0,"2015-07-24 22:22:30","Musical Instruments"
1311,"Beginner Guitar Lessons by Paul Gronow",beginner-guitar-lessons-by-paul-gronow,https://res.cloudinary.com/dj11e209p/image/upload/v1753832986/courses/vg4gi7nlekemzzqb8yqe.jpg,0,True,184,0,0,0,Beginner,0,"2016-03-02 17:16:23","Musical Instruments"
1314,"Didgeridoo - from zero to HERO! Part One - beginning",didgeridoo-beginners,https://res.cloudinary.com/dj11e209p/image/upload/v1753832986/courses/vg4gi7nlekemzzqb8yqe.jpg,0,True,133,0,0,0,Beginner,0,"2016-07-02 14:47:33","Musical Instruments"
1318,"Piano Improvisation from Day One",piano-improvisation-from-day-one,https://res.cloudinary.com/dj11e209p/image/upload/v1753832986/courses/vg4gi7nlekemzzqb8yqe.jpg,0,True,115,0,0,0,Beginner,0,"2013-03-01 07:39:22","Musical Instruments"
1324,"Free Beginner Electric Guitar Lessons",beginner-electric-guitar-lessons,https://res.cloudinary.com/dj11e209p/image/upload/v1753832986/courses/vg4gi7nlekemzzqb8yqe.jpg,0,True,186,0,0,0,Beginner,0,"2012-06-15 17:00:33","Musical Instruments"
1325,"101 Awesome Rockabilly Guitar Licks",101-awesome-rockabilly-guitar-licks,https://res.cloudinary.com/dj11e209p/image/upload/v1753832986/courses/vg4gi7nlekemzzqb8yqe.jpg,0,True,10,0,0,0,Intermediate,0,"2016-08-10 20:58:18","Musical Instruments"
1326,"Instant Harmonica - Basic 12 Bar Blues course, easy and fun!",instant-harmonica-basic-12-bar-blues-course-easy-and-fun,https://res.cloudinary.com/dj11e209p/image/upload/v1753832986/courses/vg4gi7nlekemzzqb8yqe.jpg,0,True,93,0,0,0,Beginner,0,"2017-03-29 00:36:48","Musical Instruments"
1333,"CAGED System for Guitar (Guitar Lessons from Lutz Academy)",caged-system-for-guitar,https://res.cloudinary.com/dj11e209p/image/upload/v1753832986/courses/vg4gi7nlekemzzqb8yqe.jpg,0,True,27,0,0,0,Beginner,0,"2016-07-25 17:08:52","Musical Instruments"
1336,"How To Play Blues Guitar - Broonzy & McGhee Blues Lessons",swing-acoustic-blues-guitar-lessons,https://res.cloudinary.com/dj11e209p/image/upload/v1753832986/courses/vg4gi7nlekemzzqb8yqe.jpg,0,True,21,0,0,0,Intermediate,0,"2013-11-23 12:27:56","Musical Instruments"
1339,"Learn basics of South Indian Carnatic Flute Step by Step ",carnatic-flute,https://res.cloudinary.com/dj11e209p/image/upload/v1753832986/courses/vg4gi7nlekemzzqb8yqe.jpg,0,True,175,0,0,0,Beginner,0,"2015-04-15 16:33:43","Musical Instruments"
1341,"Piano Music Theory (Back To Basics) by JFilt",piano-music-theory-back-to-basics-by-jfilt,https://res.cloudinary.com/dj11e209p/image/upload/v1753832986/courses/vg4gi7nlekemzzqb8yqe.jpg,0,True,96,0,0,0,Beginner,0,"2017-02-13 23:03:35","Musical Instruments"
1346,"Introduction to Piano - By PGN Piano!",introductiontopiano,https://res.cloudinary.com/dj11e209p/image/upload/v1753832986/courses/vg4gi7nlekemzzqb8yqe.jpg,0,True,156,0,0,0,Beginner,0,"2015-08-16 20:38:49","Musical Instruments"
1349,"Guitar Lessons - String Bending And Vibrato Essentials",guitar-lessons-string-bending-and-vibrato-essentials,https://res.cloudinary.com/dj11e209p/image/upload/v1753832986/courses/vg4gi7nlekemzzqb8yqe.jpg,0,True,173,0,0,0,Beginner,0,"2016-02-15 17:04:24","Musical Instruments"
1350,"Make Your Own Ukulele",make-ukulele,https://res.cloudinary.com/dj11e209p/image/upload/v1753832986/courses/vg4gi7nlekemzzqb8yqe.jpg,0,True,36,0,0,0,Beginner,0,"2016-08-29 18:53:27","Musical Instruments"
1356,"Drumming for Beginners - Simple Way To Learn How To Drum",drumming-for-beginners-learn-how-to-drum-course,https://res.cloudinary.com/dj11e209p/image/upload/v1753832986/courses/vg4gi7nlekemzzqb8yqe.jpg,0,True,30,0,0,0,Beginner,0,"2016-03-02 18:06:21","Musical Instruments"
1357,"Get great playing HARMONICA - a fun new leisure time hobby !",benhewlettharmonicatuitionb1,https://res.cloudinary.com/dj11e209p/image/upload/v1753832986/courses/vg4gi7nlekemzzqb8yqe.jpg,0,True,101,0,0,0,Beginner,0,"2014-02-12 17:15:13","Musical Instruments"
1358,"Jazz Guitar Tips, Tricks and Licks",jazz-guitar-tips-tricks-and-licks,https://res.cloudinary.com/dj11e209p/image/upload/v1753832986/courses/vg4gi7nlekemzzqb8yqe.jpg,0,True,92,0,0,0,Intermediate,0,"2017-05-01 02:32:12","Musical Instruments"
1361,"Blues Bass - Quick Start Guide",blues-bass-quick-start-guide,https://res.cloudinary.com/dj11e209p/image/upload/v1753832986/courses/vg4gi7nlekemzzqb8yqe.jpg,0,True,165,0,0,0,Beginner,0,"2016-11-24 22:40:05","Musical Instruments"
1362,"How to speak Pianish (beginner level)",pianish101,https://res.cloudinary.com/dj11e209p/image/upload/v1753832986/courses/vg4gi7nlekemzzqb8yqe.jpg,0,True,121,0,0,0,Beginner,0,"2014-08-25 13:52:11","Musical Instruments"
1366,"Discover the fun of Spoon playing, a beginners course",learn-to-play-spoons,https://res.cloudinary.com/dj11e209p/image/upload/v1753832986/courses/vg4gi7nlekemzzqb8yqe.jpg,0,True,197,0,0,0,Beginner,0,"2015-06-25 22:54:11","Musical Instruments"
1370,"Get started playing blues harmonica",get-started-playing-blues-harmonica,https://res.cloudinary.com/dj11e209p/image/upload/v1753832986/courses/vg4gi7nlekemzzqb8yqe.jpg,0,True,29,0,0,0,Beginner,0,"2015-03-30 22:01:08","Musical Instruments"
1373,"Step by Step Tabla Course- Indian Drums",indian-classical-tabla,https://res.cloudinary.com/dj11e209p/image/upload/v1753832986/courses/vg4gi7nlekemzzqb8yqe.jpg,0,True,143,0,0,0,Beginner,0,"2016-01-18 18:17:05","Musical Instruments"
1376,"Learn To Play The Drums",learndrums,https://res.cloudinary.com/dj11e209p/image/upload/v1753832986/courses/vg4gi7nlekemzzqb8yqe.jpg,0,True,31,0,0,0,Beginner,0,"2015-05-28 16:46:33","Musical Instruments"
1377,"Play Piano in 30 Days! - Start Playing NOW!",flyingstart,https://res.cloudinary.com/dj11e209p/image/upload/v1753832986/courses/vg4gi7nlekemzzqb8yqe.jpg,0,True,79,0,0,0,Beginner,0,"2015-07-26 18:08:47","Musical Instruments"
1379,"Pianoforall - Incredible New Way To Learn Piano & Keyboard",pianoforall-incredible-new-way-to-learn-piano-keyboard,https://res.cloudinary.com/dj11e209p/image/upload/v1753832986/courses/vg4gi7nlekemzzqb8yqe.jpg,0,True,20,0,0,0,Beginner,0,"2014-08-07 06:27:51","Musical Instruments"
1381,"Modern Rock Guitar Techniques",modern-rock-guitar-techniques,https://res.cloudinary.com/dj11e209p/image/upload/v1753832986/courses/vg4gi7nlekemzzqb8yqe.jpg,0,True,159,0,0,0,Intermediate,0,"2016-12-08 16:21:16","Musical Instruments"
1384,"How to play Piano - Go from a BeginnerIntermediate to a Pro",how-to-play-piano-go-from-a-beginnerintermediate-to-a-pro,https://res.cloudinary.com/dj11e209p/image/upload/v1753832986/courses/vg4gi7nlekemzzqb8yqe.jpg,0,True,112,0,0,0,Beginner,0,"2016-10-16 18:25:57","Musical Instruments"
1385,"Guitar Super System Level 2",guitarsupersystemlevel2,https://res.cloudinary.com/dj11e209p/image/upload/v1753832986/courses/vg4gi7nlekemzzqb8yqe.jpg,0,True,143,0,0,0,Advanced,0,"2015-11-30 21:49:37","Musical Instruments"
1389,"CAGED Pentatonic System for Guitar - Level 1",caged-system-guitar-level-1,https://res.cloudinary.com/dj11e209p/image/upload/v1753832986/courses/vg4gi7nlekemzzqb8yqe.jpg,0,True,35,0,0,0,Beginner,0,"2016-07-28 03:33:36","Musical Instruments"
1393,"How To Play Guitar - For Absolute Beginners",how-to-play-guitar-for-absolute-beginners,https://res.cloudinary.com/dj11e209p/image/upload/v1753832986/courses/vg4gi7nlekemzzqb8yqe.jpg,0,True,145,0,0,0,Beginner,0,"2017-05-01 21:48:41","Musical Instruments"
1394,"Learn How to Improvise on Guitar in 30 Days",learn-how-to-improvise-on-guitar,https://res.cloudinary.com/dj11e209p/image/upload/v1753832986/courses/vg4gi7nlekemzzqb8yqe.jpg,0,True,39,0,0,0,Beginner,0,"2016-10-25 20:21:51","Musical Instruments"
1395,"Play Piano 8 - Play Over the Rainbow by Ear & Free Improvise",play-piano-8-play-over-the-rainbow-by-ear-free-improvise,https://res.cloudinary.com/dj11e209p/image/upload/v1753832986/courses/vg4gi7nlekemzzqb8yqe.jpg,0,True,98,0,0,0,Beginner,0,"2016-11-14 19:17:21","Musical Instruments"
1400,"Electric Guitar for Beginners - RockStarter Level 1",electric-guitar-for-beginners-rockstarter-level-1,https://res.cloudinary.com/dj11e209p/image/upload/v1753832986/courses/vg4gi7nlekemzzqb8yqe.jpg,0,True,180,0,0,0,Beginner,0,"2017-03-30 16:37:29","Musical Instruments"
1408,"Guitar Chord Mastery!Turn Your Brain Into A Chord Encyclopia",total-fretboard-mastery,https://res.cloudinary.com/dj11e209p/image/upload/v1753832986/courses/vg4gi7nlekemzzqb8yqe.jpg,0,True,127,0,0,0,Intermediate,0,"2014-05-19 00:26:06","Musical Instruments"
1410,"A new approach to piano and playing songs for beginners",contemporary-piano,https://res.cloudinary.com/dj11e209p/image/upload/v1753832986/courses/vg4gi7nlekemzzqb8yqe.jpg,0,True,57,0,0,0,Beginner,0,"2013-08-11 20:39:24","Musical Instruments"
1416,"Learn to Read & Write Music to play Piano & more instruments",the-complete-guide-to-how-to-read-write-music,https://res.cloudinary.com/dj11e209p/image/upload/v1753832986/courses/vg4gi7nlekemzzqb8yqe.jpg,0,True,104,0,0,0,Beginner,0,"2016-12-27 19:52:54","Musical Instruments"
1421,"Fun Ukulele Strumming Course",fun-ukulele-strumming-course,https://res.cloudinary.com/dj11e209p/image/upload/v1753832986/courses/vg4gi7nlekemzzqb8yqe.jpg,0,True,74,0,0,0,Beginner,0,"2017-02-02 18:41:15","Musical Instruments"
1422,"The Professional Bass Masterclass",the-professional-bass-masterclass,https://res.cloudinary.com/dj11e209p/image/upload/v1753832986/courses/vg4gi7nlekemzzqb8yqe.jpg,0,True,27,0,0,0,Beginner,0,"2016-10-24 18:22:57","Musical Instruments"
1425,"Beginner Level Popular Piano Program - Month 1",beginner-level-popular-piano-program-month-1,https://res.cloudinary.com/dj11e209p/image/upload/v1753832986/courses/vg4gi7nlekemzzqb8yqe.jpg,0,True,57,0,0,0,Beginner,0,"2016-05-24 17:31:13","Musical Instruments"
1428,"Awesome Lead Guitar 1",awesome-lead-guitar,https://res.cloudinary.com/dj11e209p/image/upload/v1753832986/courses/vg4gi7nlekemzzqb8yqe.jpg,0,True,44,0,0,0,Beginner,0,"2015-12-15 17:54:31","Musical Instruments"
1434,"Beginner Step by Step Keharwa Theka Tabla Course",step-by-step-keharwa-theka-tabla-course-3-bonus-fillers,https://res.cloudinary.com/dj11e209p/image/upload/v1753832986/courses/vg4gi7nlekemzzqb8yqe.jpg,0,True,169,0,0,0,Beginner,0,"2016-02-22 17:09:58","Musical Instruments"
1437,"The 8020 Beginner Guitar Course",the-8020-beginner-guitar-course,https://res.cloudinary.com/dj11e209p/image/upload/v1753832986/courses/vg4gi7nlekemzzqb8yqe.jpg,0,True,193,0,0,0,Beginner,0,"2016-04-28 18:21:33","Musical Instruments"
1442,"Learn Flute FAST!",learn-flute-fast,https://res.cloudinary.com/dj11e209p/image/upload/v1753832986/courses/vg4gi7nlekemzzqb8yqe.jpg,0,True,105,0,0,0,Beginner,0,"2015-06-02 19:50:16","Musical Instruments"
1443,"Guitar Lessons - Soloing With Arpeggios - Essential Guide ",guitar-lessons-soloing-with-arpeggios-essential-guide,https://res.cloudinary.com/dj11e209p/image/upload/v1753832986/courses/vg4gi7nlekemzzqb8yqe.jpg,0,True,66,0,0,0,Intermediate,0,"2016-02-13 20:32:55","Musical Instruments"
1445,"Instant Harmonica - play Somewhere Over the Rainbow now!",instant-harmonica-play-somewhere-over-the-rainbow-now,https://res.cloudinary.com/dj11e209p/image/upload/v1753832986/courses/vg4gi7nlekemzzqb8yqe.jpg,0,True,20,0,0,0,Beginner,0,"2016-01-04 21:22:38","Musical Instruments"
1449,"Trombone Lessons For Beginners",the-music-coach-online-trombone-lesson-program,https://res.cloudinary.com/dj11e209p/image/upload/v1753832986/courses/vg4gi7nlekemzzqb8yqe.jpg,0,True,121,0,0,0,Beginner,0,"2016-04-14 17:33:44","Musical Instruments"
1451,"How To Play Guitar - Everything You Need To Know To Start",guitar101,https://res.cloudinary.com/dj11e209p/image/upload/v1753832986/courses/vg4gi7nlekemzzqb8yqe.jpg,0,True,8,0,0,0,Beginner,0,"2015-07-21 18:25:38","Musical Instruments"
1452,"Trombone Pro Series - Fall in love with the Trombone",trombone-pro-series,https://res.cloudinary.com/dj11e209p/image/upload/v1753832986/courses/vg4gi7nlekemzzqb8yqe.jpg,0,True,38,0,0,0,Beginner,0,"2016-04-22 23:49:11","Musical Instruments"
1453,"Learn How To Play 25 Classic Hip Hop Songs Ch.2",learn-how-to-play-25-hip-hop-classic-songs-ch2,https://res.cloudinary.com/dj11e209p/image/upload/v1753832986/courses/vg4gi7nlekemzzqb8yqe.jpg,0,True,64,0,0,0,Beginner,0,"2017-05-23 23:51:34","Musical Instruments"
1454,"Learn to play tunes by ear on harmonica - no written music",benhewlettharmonicatuitionint4,https://res.cloudinary.com/dj11e209p/image/upload/v1753832986/courses/vg4gi7nlekemzzqb8yqe.jpg,0,True,26,0,0,0,Intermediate,0,"2014-03-23 15:23:01","Musical Instruments"
1455,"Fingerpicking for Guitar",fingerpicking-for-guitar,https://res.cloudinary.com/dj11e209p/image/upload/v1753832986/courses/vg4gi7nlekemzzqb8yqe.jpg,0,True,61,0,0,0,Beginner,0,"2016-09-14 16:38:02","Musical Instruments"
1457,"Piano Unbound. Piano learning method, a course for beginners",piano-unbound,https://res.cloudinary.com/dj11e209p/image/upload/v1753832986/courses/vg4gi7nlekemzzqb8yqe.jpg,0,True,41,0,0,0,Beginner,0,"2017-04-25 14:57:21","Musical Instruments"
1459,"Piano Lessons For The Hip Hop Fan",piano-lessons-for-the-hip-hop-fan,https://res.cloudinary.com/dj11e209p/image/upload/v1753832986/courses/vg4gi7nlekemzzqb8yqe.jpg,0,True,55,0,0,0,Intermediate,0,"2014-05-12 13:38:56","Musical Instruments"
1465,"The Theory & Practice of Modes on the Guitar",thefretbuzzmodes,https://res.cloudinary.com/dj11e209p/image/upload/v1753832986/courses/vg4gi7nlekemzzqb8yqe.jpg,0,True,34,0,0,0,Intermediate,0,"2014-04-04 15:14:37","Musical Instruments"
1470,"Escalas Pentatónicas para guitarristas",escalas-pentatonicas-para-guitarristas,https://res.cloudinary.com/dj11e209p/image/upload/v1753832986/courses/vg4gi7nlekemzzqb8yqe.jpg,0,True,78,0,0,0,Beginner,0,"2017-06-02 15:54:33","Musical Instruments"
1480,"Aprende a tocar el saxofón como siempre has querido",aprende-a-tocar-el-saxofon-tips-para-saxofonistas,https://res.cloudinary.com/dj11e209p/image/upload/v1753832986/courses/vg4gi7nlekemzzqb8yqe.jpg,0,True,42,0,0,0,Beginner,0,"2014-05-16 17:23:28","Musical Instruments"
1482,"Aprende a tocar flauta transversal sin complicaciones",aprende-a-tocar-flauta-transversal-curso-en-video,https://res.cloudinary.com/dj11e209p/image/upload/v1753832986/courses/vg4gi7nlekemzzqb8yqe.jpg,0,True,116,0,0,0,Beginner,0,"2014-05-19 16:51:41","Musical Instruments"
1484,"Curso de Violão Prático",harmonia-tonal,https://res.cloudinary.com/dj11e209p/image/upload/v1753832986/courses/vg4gi7nlekemzzqb8yqe.jpg,0,True,140,0,0,0,Beginner,0,"2017-04-12 08:28:40","Musical Instruments"
1487,"Guitar Lesson - Five Steps to Learn Barre Chords",five-steps-to-learn-barre-chords,https://res.cloudinary.com/dj11e209p/image/upload/v1753832986/courses/vg4gi7nlekemzzqb8yqe.jpg,0,True,127,0,0,0,Beginner,0,"2015-03-15 18:06:30","Musical Instruments"
1491,"Instant Harmonica - play the great Irish tune Molly Malone!",instant-harmonica-play-the-irish-tune-molly-molone-today,https://res.cloudinary.com/dj11e209p/image/upload/v1753832986/courses/vg4gi7nlekemzzqb8yqe.jpg,0,True,5,0,0,0,Beginner,0,"2015-07-23 20:14:45","Musical Instruments"
1492,"Arpeggios for Guitar made Easy! Dominate the Fretboard",arpeggios-for-guitar-made-easy,https://res.cloudinary.com/dj11e209p/image/upload/v1753832986/courses/vg4gi7nlekemzzqb8yqe.jpg,0,True,79,0,0,0,Beginner,0,"2017-05-02 16:26:45","Musical Instruments"
1495,"Learn Lion (Saroo) Soundtrack On The Piano By Ear",learn-lion-saroo-soundtrack-on-the-piano-by-ear,https://res.cloudinary.com/dj11e209p/image/upload/v1753832986/courses/vg4gi7nlekemzzqb8yqe.jpg,0,True,200,0,0,0,Beginner,0,"2017-04-24 19:51:27","Musical Instruments"
1499,"Get Piano Skills TODAY!!! ",how-to-play-piano2,https://res.cloudinary.com/dj11e209p/image/upload/v1753832986/courses/vg4gi7nlekemzzqb8yqe.jpg,0,True,68,0,0,0,Beginner,0,"2014-11-05 18:40:00","Musical Instruments"
1501,"Piano With Willie Building Technique with Scales Vol. 2",piano-with-willie-technique-builder-vol-2,https://res.cloudinary.com/dj11e209p/image/upload/v1753832986/courses/vg4gi7nlekemzzqb8yqe.jpg,0,True,138,0,0,0,Beginner,0,"2016-04-13 06:29:50","Musical Instruments"
1502,"How to Sing and Play the Guitar (at the same time)",how-to-sing-and-play-the-guitar-at-the-same-time,https://res.cloudinary.com/dj11e209p/image/upload/v1753832986/courses/vg4gi7nlekemzzqb8yqe.jpg,0,True,32,0,0,0,Beginner,0,"2016-07-18 19:42:57","Musical Instruments"
1504,"Rhythm to Rock Drum Lesson 5",rhythm-to-rock-drum-lesson-5,https://res.cloudinary.com/dj11e209p/image/upload/v1753832986/courses/vg4gi7nlekemzzqb8yqe.jpg,0,True,35,0,0,0,Beginner,0,"2014-08-18 22:26:24","Musical Instruments"
1515,"Curso de Violão Popular",curso-de-violao,https://res.cloudinary.com/dj11e209p/image/upload/v1753832986/courses/vg4gi7nlekemzzqb8yqe.jpg,0,True,136,0,0,0,Beginner,0,"2016-01-27 23:12:19","Musical Instruments"
1517,"Super-Curso de Guitarra Práctico Para Principiantes",super-curso-de-guitarra-practico-para-principiantes,https://res.cloudinary.com/dj11e209p/image/upload/v1753832986/courses/vg4gi7nlekemzzqb8yqe.jpg,0,True,140,0,0,0,Beginner,0,"2014-06-30 12:29:38","Musical Instruments"
1518,"Explosão Pentatônica",explosao-pentatonica,https://res.cloudinary.com/dj11e209p/image/upload/v1753832986/courses/vg4gi7nlekemzzqb8yqe.jpg,0,True,141,0,0,0,Beginner,0,"2016-12-22 14:13:13","Musical Instruments"
1526,"Master the Euphonium with Simple, Intermediate Instruction!",intermediate-euphonium,https://res.cloudinary.com/dj11e209p/image/upload/v1753832986/courses/vg4gi7nlekemzzqb8yqe.jpg,0,True,96,0,0,0,Intermediate,0,"2015-04-16 16:29:41","Musical Instruments"
1532,"Suonare la Chitarra",suonare-la-chitarra,https://res.cloudinary.com/dj11e209p/image/upload/v1753832986/courses/vg4gi7nlekemzzqb8yqe.jpg,0,True,32,0,0,0,Beginner,0,"2017-06-21 17:19:26","Musical Instruments"
1533,"Aprende todos los secretos de la guitarra flamenca",aprender-a-tocar-la-guitarra-flamenca,https://res.cloudinary.com/dj11e209p/image/upload/v1753832986/courses/vg4gi7nlekemzzqb8yqe.jpg,0,True,198,0,0,0,Beginner,0,"2014-05-07 21:26:44","Musical Instruments"
1534,"Aprende cómo tocar el Bajo Sexto",aprende-como-tocar-el-bajo-sexto-curso-en-video,https://res.cloudinary.com/dj11e209p/image/upload/v1753832986/courses/vg4gi7nlekemzzqb8yqe.jpg,0,True,193,0,0,0,Beginner,0,"2014-05-19 16:46:59","Musical Instruments"
1535,"Coach Guitar - Apprendre la GUITARE facile avec des COULEURS",coach-guitar-apprendre-la-guitare-facile-avec-des-couleurs,https://res.cloudinary.com/dj11e209p/image/upload/v1753832986/courses/vg4gi7nlekemzzqb8yqe.jpg,0,True,182,0,0,0,Beginner,0,"2016-12-27 14:51:32","Musical Instruments"
1536,"Sistema Completo De Guitarra Rítmica Para Principiantes",sistema-completo-de-guitarra-ritmica-para-principiantes,https://res.cloudinary.com/dj11e209p/image/upload/v1753832986/courses/vg4gi7nlekemzzqb8yqe.jpg,0,True,88,0,0,0,Beginner,0,"2016-02-27 23:31:36","Musical Instruments"
1537,"Curso de batería online de Patricio Iglesias (Santa Sabina)",cursodebateriaonlinedepatricioiglesias,https://res.cloudinary.com/dj11e209p/image/upload/v1753832986/courses/vg4gi7nlekemzzqb8yqe.jpg,0,True,14,0,0,0,Intermediate,0,"2017-03-28 18:15:08","Musical Instruments"
1538,"Learn Piano with Beyer, 15 Minutes Challenge",playpianowithbeyer,https://res.cloudinary.com/dj11e209p/image/upload/v1753832986/courses/vg4gi7nlekemzzqb8yqe.jpg,0,True,175,0,0,0,Beginner,0,"2016-07-21 23:18:55","Musical Instruments"
1542,"Instant Harmonica - play The Lion Sleeps Tonight - today!",instant-harmonica-play-the-lion-sleeps-tonight-today,https://res.cloudinary.com/dj11e209p/image/upload/v1753832986/courses/vg4gi7nlekemzzqb8yqe.jpg,0,True,35,0,0,0,Beginner,0,"2015-08-21 21:37:53","Musical Instruments"
1545,"Rhythm to Rock Drum Lessons",drum-lesson-1-quarter-notes,https://res.cloudinary.com/dj11e209p/image/upload/v1753832986/courses/vg4gi7nlekemzzqb8yqe.jpg,0,True,150,0,0,0,Beginner,0,"2014-02-02 20:57:55","Musical Instruments"
1547,"Learn to improvise on your harmonica - in nice easy steps",benhewlettharmonicatuitionb4,https://res.cloudinary.com/dj11e209p/image/upload/v1753832986/courses/vg4gi7nlekemzzqb8yqe.jpg,0,True,19,0,0,0,Beginner,0,"2014-03-16 18:28:46","Musical Instruments"
1548,"Learning Electric Guitar for Absolute Beginners",electricguitarforabsolutebeginners,https://res.cloudinary.com/dj11e209p/image/upload/v1753832986/courses/vg4gi7nlekemzzqb8yqe.jpg,0,True,155,0,0,0,Beginner,0,"2015-05-04 21:47:44","Musical Instruments"
1551,"Beginner Guitar Essentials",beginner-guitar-essentials,https://res.cloudinary.com/dj11e209p/image/upload/v1753832986/courses/vg4gi7nlekemzzqb8yqe.jpg,0,True,189,0,0,0,Beginner,0,"2015-08-06 18:39:34","Musical Instruments"
1552,"Rhythm to Rock Drum Lesson 4",rhythm-to-rock-drum-lesson-4,https://res.cloudinary.com/dj11e209p/image/upload/v1753832986/courses/vg4gi7nlekemzzqb8yqe.jpg,0,True,157,0,0,0,Beginner,0,"2014-08-18 22:06:31","Musical Instruments"
1555,"The Ultimate Method for Learning Modern Piano & Keyboards",pianoandsynths,https://res.cloudinary.com/dj11e209p/image/upload/v1753832986/courses/vg4gi7nlekemzzqb8yqe.jpg,0,True,119,0,0,0,Beginner,0,"2014-11-03 19:25:35","Musical Instruments"
1560,"Aprende a tocar los mejores solos en la guitarra eléctrica",aprende-a-tocar-los-mejores-solos-en-la-guitarra-electrica,https://res.cloudinary.com/dj11e209p/image/upload/v1753832986/courses/vg4gi7nlekemzzqb8yqe.jpg,0,True,77,0,0,0,Beginner,0,"2014-05-07 21:18:09","Musical Instruments"
1563,"Aprende a tocar el clarinete.  ",aprende-a-tocar-el-clarinete-curso-en-video,https://res.cloudinary.com/dj11e209p/image/upload/v1753832986/courses/vg4gi7nlekemzzqb8yqe.jpg,0,True,70,0,0,0,Beginner,0,"2014-05-19 17:00:39","Musical Instruments"
1564,"Ahora aprende a tocar jazz en el piano",ahora-aprende-a-tocar-jazz-en-el-piano,https://res.cloudinary.com/dj11e209p/image/upload/v1753832986/courses/vg4gi7nlekemzzqb8yqe.jpg,0,True,150,0,0,0,Beginner,0,"2014-05-09 19:55:55","Musical Instruments"
1565,"Aprende a tocar el contrabajo sin complicaciones",aprende-a-tocar-el-contrabajo-sin-complicaciones,https://res.cloudinary.com/dj11e209p/image/upload/v1753832986/courses/vg4gi7nlekemzzqb8yqe.jpg,0,True,160,0,0,0,Beginner,0,"2014-05-19 17:02:52","Musical Instruments"
1568,"Curso de Teclado",curso-de-teclado-gospel-modulo-1,https://res.cloudinary.com/dj11e209p/image/upload/v1753832986/courses/vg4gi7nlekemzzqb8yqe.jpg,0,True,184,0,0,0,Beginner,0,"2016-05-16 18:46:15","Musical Instruments"
1569,"Guitarra Acústica en Siete Días",guitarra-acustica-en-siete-dias,https://res.cloudinary.com/dj11e209p/image/upload/v1753832986/courses/vg4gi7nlekemzzqb8yqe.jpg,0,True,108,0,0,0,Beginner,0,"2016-01-29 20:38:03","Musical Instruments"
1572,"Piano With Willie Building Technique with Scales Vol. 4",piano-with-willie-technique-builder-vol-4,https://res.cloudinary.com/dj11e209p/image/upload/v1753832986/courses/vg4gi7nlekemzzqb8yqe.jpg,0,True,147,0,0,0,Beginner,0,"2016-04-12 23:21:42","Musical Instruments"
1577,"Easy Piano - learn and play along",easy-piano-learn-and-play-along,https://res.cloudinary.com/dj11e209p/image/upload/v1753832986/courses/vg4gi7nlekemzzqb8yqe.jpg,0,True,20,0,0,0,Beginner,0,"2014-05-14 01:21:57","Musical Instruments"
1581,"30 Day Guitar Jump Start for Success",30-day-guitar-jump-start-for-success,https://res.cloudinary.com/dj11e209p/image/upload/v1753832986/courses/vg4gi7nlekemzzqb8yqe.jpg,0,True,172,0,0,0,Beginner,0,"2017-05-24 17:03:41","Musical Instruments"
1584,"Drum Set for Beginners",drum-set-for-beginners,https://res.cloudinary.com/dj11e209p/image/upload/v1753832986/courses/vg4gi7nlekemzzqb8yqe.jpg,0,True,96,0,0,0,Beginner,0,"2013-10-02 02:34:36","Musical Instruments"
1585,"Guitar Lessons - Economy Picking Essentials",guitar-lessons-economy-picking-essentials,https://res.cloudinary.com/dj11e209p/image/upload/v1753832986/courses/vg4gi7nlekemzzqb8yqe.jpg,0,True,43,0,0,0,Intermediate,0,"2016-02-15 18:55:28","Musical Instruments"
1586,"Blues Guitar Lessons - Blues Guitar - Robert Johnson",robert-johnson-scrapper-blackwell-guitar-lessons,https://res.cloudinary.com/dj11e209p/image/upload/v1753832986/courses/vg4gi7nlekemzzqb8yqe.jpg,0,True,89,0,0,0,Intermediate,0,"2013-10-07 15:34:58","Musical Instruments"
1592,"Easy Piano for Kids - Complete Beginner Piano Course",easy-piano-for-kids-pinogi,https://res.cloudinary.com/dj11e209p/image/upload/v1753832986/courses/vg4gi7nlekemzzqb8yqe.jpg,0,True,68,0,0,0,Beginner,0,"2015-06-26 22:34:55","Musical Instruments"
1594,"Clarinet Pro Series - Fall in love with the Clarinet",clarinet-pro-series,https://res.cloudinary.com/dj11e209p/image/upload/v1753832986/courses/vg4gi7nlekemzzqb8yqe.jpg,0,True,19,0,0,0,Beginner,0,"2016-04-08 22:28:18","Musical Instruments"
1595,"Poldark TV series Soundtracks for Piano-Quicklessons",poldark-tv-series-soundtracks-for-piano-quicklessons,https://res.cloudinary.com/dj11e209p/image/upload/v1753832986/courses/vg4gi7nlekemzzqb8yqe.jpg,0,True,171,0,0,0,Beginner,0,"2017-03-16 22:39:09","Musical Instruments"
1597,"Building Up To Barre Chords",building-up-to-barre-chords,https://res.cloudinary.com/dj11e209p/image/upload/v1753832986/courses/vg4gi7nlekemzzqb8yqe.jpg,0,True,91,0,0,0,Beginner,0,"2017-03-16 22:57:47","Musical Instruments"
1605,"Ultimate Beginner Guitar Guide - Both Acoustic & Electric ",ultimate-beginner-guitar-guide,https://res.cloudinary.com/dj11e209p/image/upload/v1753832986/courses/vg4gi7nlekemzzqb8yqe.jpg,0,True,153,0,0,0,Beginner,0,"2016-02-16 17:19:38","Musical Instruments"
1608,"Euphonium Pro Series - Fall in love with the Euphonium",euphonium-pro-series,https://res.cloudinary.com/dj11e209p/image/upload/v1753832986/courses/vg4gi7nlekemzzqb8yqe.jpg,0,True,130,0,0,0,Beginner,0,"2016-05-24 16:46:58","Musical Instruments"
1609,"Total beginner to intermediate guitar - Learn to play by ear",beginner-guitar-learn-to-play-by-ear,https://res.cloudinary.com/dj11e209p/image/upload/v1753832986/courses/vg4gi7nlekemzzqb8yqe.jpg,0,True,188,0,0,0,Beginner,0,"2015-10-16 17:11:30","Musical Instruments"
1616,"Castañuelas por Sevillanas - Curso del toque de castañuelas",castanuelas-por-sevillanas,https://res.cloudinary.com/dj11e209p/image/upload/v1753832986/courses/vg4gi7nlekemzzqb8yqe.jpg,0,True,26,0,0,0,Beginner,0,"2016-02-12 14:41:40","Musical Instruments"
1617,"Aprende a tocar Música Cristiana en el piano y teclado",aprende-a-tocar-musica-cristiana-en-el-piano-y-teclado,https://res.cloudinary.com/dj11e209p/image/upload/v1753832986/courses/vg4gi7nlekemzzqb8yqe.jpg,0,True,194,0,0,0,Beginner,0,"2014-05-16 17:02:00","Musical Instruments"
1618,"Easy Guitar Songwriting And Harmony",easy-guitar-songwriting,https://res.cloudinary.com/dj11e209p/image/upload/v1753832986/courses/vg4gi7nlekemzzqb8yqe.jpg,0,True,193,0,0,0,Beginner,0,"2017-03-14 16:24:13","Musical Instruments"
1622,"Rhythm to Rock Drum Lessons 3",rhythm-to-rock-drum-lessons-3,https://res.cloudinary.com/dj11e209p/image/upload/v1753832986/courses/vg4gi7nlekemzzqb8yqe.jpg,0,True,74,0,0,0,Beginner,0,"2014-07-18 02:11:57","Musical Instruments"
1625,"Beginning Flute Lessons",beginning-flute-lessons,https://res.cloudinary.com/dj11e209p/image/upload/v1753832986/courses/vg4gi7nlekemzzqb8yqe.jpg,0,True,103,0,0,0,Beginner,0,"2013-05-29 23:20:37","Musical Instruments"
1627,"Pop and Jazz Keyboards and Harmony (beginner level)",pop-and-jazz-keyboards-and-harmony-beginner-level,https://res.cloudinary.com/dj11e209p/image/upload/v1753832986/courses/vg4gi7nlekemzzqb8yqe.jpg,0,True,159,0,0,0,Beginner,0,"2016-07-12 19:26:29","Musical Instruments"
1638,"Getting Started with Power Chords",getting-started-with-power-chords,https://res.cloudinary.com/dj11e209p/image/upload/v1753832986/courses/vg4gi7nlekemzzqb8yqe.jpg,0,True,32,0,0,0,Beginner,0,"2015-12-17 20:36:08","Musical Instruments"
1641,"Guitar for Christmas!",guitar-for-christmas,https://res.cloudinary.com/dj11e209p/image/upload/v1753832986/courses/vg4gi7nlekemzzqb8yqe.jpg,0,True,10,0,0,0,Beginner,0,"2014-11-30 20:48:59","Musical Instruments"
1647,"88 Logic - The Essential Guide To Learning Piano",88-logic-the-ultimate-course-for-learning-piano,https://res.cloudinary.com/dj11e209p/image/upload/v1753832986/courses/vg4gi7nlekemzzqb8yqe.jpg,0,True,161,0,0,0,Beginner,0,"2015-01-13 15:45:05","Musical Instruments"
1652,"Practice guitar with no previous experience and become a pro",practice-guitar-with-no-previous-experience-and-become-a-pro,https://res.cloudinary.com/dj11e209p/image/upload/v1753832986/courses/vg4gi7nlekemzzqb8yqe.jpg,0,True,55,0,0,0,Beginner,0,"2017-01-13 17:26:06","Musical Instruments"
1653,"The Music Coach Online Spirit Drum Course",the-music-coach-online-spirit-drum-course-i,https://res.cloudinary.com/dj11e209p/image/upload/v1753832986/courses/vg4gi7nlekemzzqb8yqe.jpg,0,True,25,0,0,0,Beginner,0,"2017-05-04 16:44:06","Musical Instruments"
1658,"Learn Pirates of the Caribbean by Ear on the Piano",learn-pirates-of-the-caribbean-by-ear-on-the-piano,https://res.cloudinary.com/dj11e209p/image/upload/v1753832986/courses/vg4gi7nlekemzzqb8yqe.jpg,0,True,115,0,0,0,Beginner,0,"2017-05-22 17:14:43","Musical Instruments"
1660,"Tune that Sour Note on Your Piano",how-to-tune-your-own-piano,https://res.cloudinary.com/dj11e209p/image/upload/v1753832986/courses/vg4gi7nlekemzzqb8yqe.jpg,0,True,137,0,0,0,Beginner,0,"2017-06-20 21:46:40","Musical Instruments"
1662,"Learn to Play Piano Like a Pro - Easy Piano Course 1",learn-to-play-piano-like-a-pro,https://res.cloudinary.com/dj11e209p/image/upload/v1753832986/courses/vg4gi7nlekemzzqb8yqe.jpg,0,True,161,0,0,0,Beginner,0,"2017-05-30 00:19:02","Musical Instruments"
1669,"Funk Rhythm Guitar Techniques",funk-rhythm-guitar-techniques,https://res.cloudinary.com/dj11e209p/image/upload/v1753832986/courses/vg4gi7nlekemzzqb8yqe.jpg,0,True,14,0,0,0,Beginner,0,"2016-02-17 18:12:40","Musical Instruments"
1672,"Guitar Looper Basic Training",guitar-looper-basic-training,https://res.cloudinary.com/dj11e209p/image/upload/v1753832986/courses/vg4gi7nlekemzzqb8yqe.jpg,0,True,143,0,0,0,Beginner,0,"2016-02-29 17:06:36","Musical Instruments"
1673,"Instant Harmonica - play the Drunken Sailor sea shanty now! ",instant-harmonica-play-the-drunken-sailor-sea-shanty-now,https://res.cloudinary.com/dj11e209p/image/upload/v1753832986/courses/vg4gi7nlekemzzqb8yqe.jpg,0,True,194,0,0,0,Beginner,0,"2015-10-18 22:42:50","Musical Instruments"
1679,"Curso de piano 101 - Tocando partituras y acordes -",curso-de-piano-101-tocando-partituras-y-acordes,https://res.cloudinary.com/dj11e209p/image/upload/v1753832986/courses/vg4gi7nlekemzzqb8yqe.jpg,0,True,111,0,0,0,Beginner,0,"2016-10-28 16:32:47","Musical Instruments"
1682,"Curso de ejercicios técnicos al piano Vol.2",curso-de-ejercicios-tecnicos-al-piano-vol2,https://res.cloudinary.com/dj11e209p/image/upload/v1753832986/courses/vg4gi7nlekemzzqb8yqe.jpg,0,True,27,0,0,0,Beginner,0,"2017-05-29 15:58:53","Musical Instruments"
1686,"Guitar - Rock - BeginnerIntermediate with Marc Seal",guitar-rock-beginner-intermediate-with-marc-seal,https://res.cloudinary.com/dj11e209p/image/upload/v1753832986/courses/vg4gi7nlekemzzqb8yqe.jpg,0,True,110,0,0,0,Beginner,0,"2012-10-07 00:47:57","Musical Instruments"
1694,"Add Slide To Your Guitar Playing",add-slide-to-your-guitar-playing,https://res.cloudinary.com/dj11e209p/image/upload/v1753832986/courses/vg4gi7nlekemzzqb8yqe.jpg,0,True,41,0,0,0,Beginner,0,"2014-05-28 17:32:53","Musical Instruments"
1696,"Play tunes on harmonica and learn how to bend some notes",benhewlettharmonicatuitionb3,https://res.cloudinary.com/dj11e209p/image/upload/v1753832986/courses/vg4gi7nlekemzzqb8yqe.jpg,0,True,147,0,0,0,Beginner,0,"2014-03-09 22:32:54","Musical Instruments"
1699,"Learn Oud 2",oud-lessons,https://res.cloudinary.com/dj11e209p/image/upload/v1753832986/courses/vg4gi7nlekemzzqb8yqe.jpg,0,True,27,0,0,0,Intermediate,0,"2015-09-10 19:39:22","Musical Instruments"
1700,"The Essentials of Acoustic Guitar Strumming Patterns",strumming-mastery,https://res.cloudinary.com/dj11e209p/image/upload/v1753832986/courses/vg4gi7nlekemzzqb8yqe.jpg,0,True,80,0,0,0,Beginner,0,"2015-07-01 22:48:40","Musical Instruments"
1706,"Aprende diferentes ritmos con la guitarra rítmica",curso-de-guitarra-electrica-guitarra-ritmica,https://res.cloudinary.com/dj11e209p/image/upload/v1753832986/courses/vg4gi7nlekemzzqb8yqe.jpg,0,True,45,0,0,0,Beginner,0,"2014-05-07 21:32:43","Musical Instruments"
1713,"Curso de guitarra para principiantes.",curso-de-guitarra-para-principiantes2,https://res.cloudinary.com/dj11e209p/image/upload/v1753832986/courses/vg4gi7nlekemzzqb8yqe.jpg,0,True,4,0,0,0,Beginner,0,"2015-06-11 15:55:19","Musical Instruments"
1716,"Aprende a tocar jazz, salsa y blues en el piano",aprende-a-tocar-jazz-salsa-y-blues-en-el-piano,https://res.cloudinary.com/dj11e209p/image/upload/v1753832986/courses/vg4gi7nlekemzzqb8yqe.jpg,0,True,133,0,0,0,Beginner,0,"2014-05-19 15:55:12","Musical Instruments"
1717,"Learn Web Designing & HTML5CSS3 Essentials in 4-Hours",build-beautiful-html5-website,https://res.cloudinary.com/dj11e209p/image/upload/v1753832986/courses/vg4gi7nlekemzzqb8yqe.jpg,0,True,167,0,0,0,Beginner,0,"2013-01-03 00:55:31","Web Development"
1719,"Projects in HTML5",projects-in-html5,https://res.cloudinary.com/dj11e209p/image/upload/v1753832986/courses/vg4gi7nlekemzzqb8yqe.jpg,0,True,79,0,0,0,Intermediate,0,"2014-06-17 05:43:50","Web Development"
1720,"Build Your Own Backend REST API using Django REST Framework",django-python,https://res.cloudinary.com/dj11e209p/image/upload/v1753832986/courses/vg4gi7nlekemzzqb8yqe.jpg,0,True,75,0,0,0,Intermediate,0,"2017-04-27 19:21:11","Web Development"
1722,"Web Development Masterclass - Complete Certificate Course",web-development-masterclass-complete-certificate-course,https://res.cloudinary.com/dj11e209p/image/upload/v1753832986/courses/vg4gi7nlekemzzqb8yqe.jpg,0,True,134,0,0,0,Beginner,0,"2016-10-12 03:14:13","Web Development"
1723,"Spring Boot Tutorial For Beginners",spring-boot-tutorial-for-beginners,https://res.cloudinary.com/dj11e209p/image/upload/v1753832986/courses/vg4gi7nlekemzzqb8yqe.jpg,0,True,24,0,0,0,Beginner,0,"2017-01-23 15:13:53","Web Development"
1729,"How To Make A Wordpress Website 2017 - Divi Theme Tutorial",how-to-make-a-wordpress-website-2017-divi-theme-tutorial-for-beginners,https://res.cloudinary.com/dj11e209p/image/upload/v1753832986/courses/vg4gi7nlekemzzqb8yqe.jpg,0,True,199,0,0,0,Beginner,0,"2017-01-26 17:16:27","Web Development"
1734,"Build Enterprise Applications with Angular 2 (and Angular 4)",angular2-advanced,https://res.cloudinary.com/dj11e209p/image/upload/v1753832986/courses/vg4gi7nlekemzzqb8yqe.jpg,0,True,167,0,0,0,Intermediate,0,"2016-11-22 14:55:35","Web Development"
1735,"Accelerated JavaScript Training",javascript-bootcamp-2016,https://res.cloudinary.com/dj11e209p/image/upload/v1753832986/courses/vg4gi7nlekemzzqb8yqe.jpg,0,True,82,0,0,0,Beginner,0,"2016-07-12 18:23:35","Web Development"
1738,"The Complete WordPress Website Business Course",the-complete-wordpress-website-business-course,https://res.cloudinary.com/dj11e209p/image/upload/v1753832986/courses/vg4gi7nlekemzzqb8yqe.jpg,0,True,99,0,0,0,Beginner,0,"2016-11-01 23:50:51","Web Development"
1743,"The Complete Wordpress Course - Build Your Own Website Today",wordpresscourse,https://res.cloudinary.com/dj11e209p/image/upload/v1753832986/courses/vg4gi7nlekemzzqb8yqe.jpg,0,True,80,0,0,0,Beginner,0,"2015-08-25 00:03:06","Web Development"
1746,"Build a Single Page Application with jQuery & AJAX",jquery-ajax,https://res.cloudinary.com/dj11e209p/image/upload/v1753832986/courses/vg4gi7nlekemzzqb8yqe.jpg,0,True,90,0,0,0,Intermediate,0,"2017-02-18 01:13:09","Web Development"
1758,"Complete JQuery And JQuery UI Course For Beginner",complete-jquery-and-jquery-ui-course-for-beginner,https://res.cloudinary.com/dj11e209p/image/upload/v1753832986/courses/vg4gi7nlekemzzqb8yqe.jpg,0,True,148,0,0,0,Intermediate,0,"2016-10-27 21:56:49","Web Development"
1759,"Learn JavaScript for Web Development",javascript-learn-javascript-essentials-and-build-project,https://res.cloudinary.com/dj11e209p/image/upload/v1753832986/courses/vg4gi7nlekemzzqb8yqe.jpg,0,True,173,0,0,0,Intermediate,0,"2016-10-12 16:41:11","Web Development"
1764,"Develop Your First App in an Hour",develop-your-first-app-in-an-hour,https://res.cloudinary.com/dj11e209p/image/upload/v1753832986/courses/vg4gi7nlekemzzqb8yqe.jpg,0,True,36,0,0,0,Beginner,0,"2016-05-17 17:22:35","Web Development"
1766,"Master JavaScript Programming, 3 Projects Included !!",master-javascript-programming-extended-course,https://res.cloudinary.com/dj11e209p/image/upload/v1753832986/courses/vg4gi7nlekemzzqb8yqe.jpg,0,True,11,0,0,0,Beginner,0,"2017-06-27 23:16:24","Web Development"
1767,"HTML CSS Learn to create a website from scratch",html-css-learn-to-create-a-website-from-scratch,https://res.cloudinary.com/dj11e209p/image/upload/v1753832986/courses/vg4gi7nlekemzzqb8yqe.jpg,0,True,134,0,0,0,Beginner,0,"2016-08-04 21:40:35","Web Development"
1769,"Complete React JS web developer with ES6 - Build 10 projects",complete-react-js-course,https://res.cloudinary.com/dj11e209p/image/upload/v1753832986/courses/vg4gi7nlekemzzqb8yqe.jpg,0,True,161,0,0,0,Beginner,0,"2017-03-22 20:09:26","Web Development"
1770,"Complete WordPress Theme Developer Course With Bootstrap",the-complete-wordpress-theme-developer-course,https://res.cloudinary.com/dj11e209p/image/upload/v1753832986/courses/vg4gi7nlekemzzqb8yqe.jpg,0,True,164,0,0,0,Beginner,0,"2016-07-01 20:06:13","Web Development"
1777,"Build a Responsive Website with HTML5, CSS3 and Bootstrap 4",build-a-responsive-website-with-html5-css3-and-bootstrap-4,https://res.cloudinary.com/dj11e209p/image/upload/v1753832986/courses/vg4gi7nlekemzzqb8yqe.jpg,0,True,130,0,0,0,Beginner,0,"2016-08-09 17:53:33","Web Development"
1778,"CSS Development (with CSS3!)",css-development-with-css3,https://res.cloudinary.com/dj11e209p/image/upload/v1753832986/courses/vg4gi7nlekemzzqb8yqe.jpg,0,True,72,0,0,0,Beginner,0,"2012-10-31 16:39:49","Web Development"
1779,"Angular 2 & TypeScript Beginner Web Development",angular2,https://res.cloudinary.com/dj11e209p/image/upload/v1753832986/courses/vg4gi7nlekemzzqb8yqe.jpg,0,True,20,0,0,0,Beginner,0,"2016-11-14 00:44:48","Web Development"
1781,"Server API Development in Swift, Kitura, & Bluemix",swift-kitura,https://res.cloudinary.com/dj11e209p/image/upload/v1753832986/courses/vg4gi7nlekemzzqb8yqe.jpg,0,True,199,0,0,0,Beginner,0,"2017-03-08 23:09:32","Web Development"
1782,"React VR - Creating Virtual Reality Apps",react-vr,https://res.cloudinary.com/dj11e209p/image/upload/v1753832986/courses/vg4gi7nlekemzzqb8yqe.jpg,0,True,71,0,0,0,Beginner,0,"2017-05-17 20:36:49","Web Development"
1784,"React and Flux Web Development for Beginners",react-flux,https://res.cloudinary.com/dj11e209p/image/upload/v1753832986/courses/vg4gi7nlekemzzqb8yqe.jpg,0,True,40,0,0,0,Beginner,0,"2015-12-15 20:30:28","Web Development"
1787,"How to Make an Online Portfolio Website from Scratch ",how-to-make-a-portfolio-website-photographers-designers,https://res.cloudinary.com/dj11e209p/image/upload/v1753832986/courses/vg4gi7nlekemzzqb8yqe.jpg,0,True,178,0,0,0,Beginner,0,"2015-10-02 22:59:15","Web Development"
1790,"Joomla 3 - The Basics",joomla-3-the-basics,https://res.cloudinary.com/dj11e209p/image/upload/v1753832986/courses/vg4gi7nlekemzzqb8yqe.jpg,0,True,106,0,0,0,Beginner,0,"2014-02-12 01:54:02","Web Development"
1791,"Wordpress - Create an Outstanding Website in 2 hours",wordpress-business-website,https://res.cloudinary.com/dj11e209p/image/upload/v1753832986/courses/vg4gi7nlekemzzqb8yqe.jpg,0,True,21,0,0,0,Beginner,0,"2015-10-28 22:45:22","Web Development"
1800,"Quickstart AngularJS",quickstart-angularjs,https://res.cloudinary.com/dj11e209p/image/upload/v1753832986/courses/vg4gi7nlekemzzqb8yqe.jpg,0,True,89,0,0,0,Beginner,0,"2014-11-22 12:42:22","Web Development"
1806,"HTML5 CSS3 JQUERY Single Page Website Project from Scratch",html5-css3-jquery-single-page-website-project-from-scratch,https://res.cloudinary.com/dj11e209p/image/upload/v1753832986/courses/vg4gi7nlekemzzqb8yqe.jpg,0,True,11,0,0,0,Beginner,0,"2016-02-03 19:22:22","Web Development"
1809,"EMMET Faster HTML & CSS workflow - Best Tool For Developers ",emmet-start-coding-html-and-css-fast-and-easy,https://res.cloudinary.com/dj11e209p/image/upload/v1753832986/courses/vg4gi7nlekemzzqb8yqe.jpg,0,True,153,0,0,0,Beginner,0,"2015-04-09 16:36:06","Web Development"
1818,"Learn and Understand React",learn-and-understand-react-and-redux-i,https://res.cloudinary.com/dj11e209p/image/upload/v1753832986/courses/vg4gi7nlekemzzqb8yqe.jpg,0,True,138,0,0,0,Beginner,0,"2017-03-23 16:20:05","Web Development"
1820,"Learn to use JSON",learn-to-use-json,https://res.cloudinary.com/dj11e209p/image/upload/v1753832986/courses/vg4gi7nlekemzzqb8yqe.jpg,0,True,156,0,0,0,Beginner,0,"2016-03-11 18:30:18","Web Development"
1822,"Build A Complete CRUD Application With PHP, MYSQL & JQUERY",build-a-complete-crud-application-with-php-mysql-jquery,https://res.cloudinary.com/dj11e209p/image/upload/v1753832986/courses/vg4gi7nlekemzzqb8yqe.jpg,0,True,47,0,0,0,Beginner,0,"2016-11-01 15:30:36","Web Development"
1825,"PHP Fundamentals - Start Earning The Top Dollars You Deserve",php-fundamentals,https://res.cloudinary.com/dj11e209p/image/upload/v1753832986/courses/vg4gi7nlekemzzqb8yqe.jpg,0,True,75,0,0,0,Beginner,0,"2016-04-05 16:50:51","Web Development"
1828,"Sublime Text for Rapid Web Development",sublime-text-for-rapid-web-development,https://res.cloudinary.com/dj11e209p/image/upload/v1753832986/courses/vg4gi7nlekemzzqb8yqe.jpg,0,True,181,0,0,0,Beginner,0,"2017-01-19 23:07:26","Web Development"
1830,"Angular 2 Complete E-Commerce App Course - Java,Spring,MySQL",build-angular-2-complete-e-comerce-app-java-spring-mysql,https://res.cloudinary.com/dj11e209p/image/upload/v1753832986/courses/vg4gi7nlekemzzqb8yqe.jpg,0,True,59,0,0,0,Beginner,0,"2017-03-27 16:46:54","Web Development"
1832,"Projects in AngularJS - Learn by building 10 Projects",learn-angularjs-development,https://res.cloudinary.com/dj11e209p/image/upload/v1753832986/courses/vg4gi7nlekemzzqb8yqe.jpg,0,True,37,0,0,0,Beginner,0,"2015-06-25 19:00:56","Web Development"
1835,"Angular 4 Front To Back",angular-4-front-to-back,https://res.cloudinary.com/dj11e209p/image/upload/v1753832986/courses/vg4gi7nlekemzzqb8yqe.jpg,0,True,66,0,0,0,Beginner,0,"2017-07-06 15:04:55","Web Development"
1836,"Modern Web Development with SASS, Gulp, NPM & Web Workflows",modern-web-development-with-sass-gulp-npm-web-workflows,https://res.cloudinary.com/dj11e209p/image/upload/v1753832986/courses/vg4gi7nlekemzzqb8yqe.jpg,0,True,46,0,0,0,Beginner,0,"2016-12-31 03:11:31","Web Development"
1838,"Angular 4 - Concepts, Code and Collective Wisdom",angular-2-concepts-code-and-collective-wisdom,https://res.cloudinary.com/dj11e209p/image/upload/v1753832986/courses/vg4gi7nlekemzzqb8yqe.jpg,0,True,10,0,0,0,Intermediate,0,"2016-04-20 16:29:03","Web Development"
1839,"Learn E-Commerce Website in PHP & MySQL From Scratch!",ecommerce-website-in-php-mysqli,https://res.cloudinary.com/dj11e209p/image/upload/v1753832986/courses/vg4gi7nlekemzzqb8yqe.jpg,0,True,182,0,0,0,Beginner,0,"2014-08-10 10:27:28","Web Development"
1840,"HTML and HTML5 For Beginners 2016",html-and-html5-for-beginners-2016,https://res.cloudinary.com/dj11e209p/image/upload/v1753832986/courses/vg4gi7nlekemzzqb8yqe.jpg,0,True,193,0,0,0,Beginner,0,"2016-08-11 22:16:30","Web Development"
1843,"Serverless Architecture on Amazon Web Services",serverless-architecture-on-aws,https://res.cloudinary.com/dj11e209p/image/upload/v1753832986/courses/vg4gi7nlekemzzqb8yqe.jpg,0,True,170,0,0,0,Intermediate,0,"2016-11-30 00:11:26","Web Development"
1846,"jQuery Fundamentals Powerful Bootcamp for beginners",jquery-fundamentals-bootcamp-learn-how-to-use-jquery,https://res.cloudinary.com/dj11e209p/image/upload/v1753832986/courses/vg4gi7nlekemzzqb8yqe.jpg,0,True,11,0,0,0,Beginner,0,"2015-08-04 18:54:44","Web Development"
1852,"Javascript from Beginner to Advanced Level",javascript-from-beginner-to-advanced-level,https://res.cloudinary.com/dj11e209p/image/upload/v1753832986/courses/vg4gi7nlekemzzqb8yqe.jpg,0,True,92,0,0,0,Beginner,0,"2016-12-19 14:40:00","Web Development"
1853,"AJAX Development",ajax-development,https://res.cloudinary.com/dj11e209p/image/upload/v1753832986/courses/vg4gi7nlekemzzqb8yqe.jpg,0,True,76,0,0,0,Beginner,0,"2012-05-15 18:03:43","Web Development"
1854,"Interaction Design Specialist For Web Developers",interaction-design-specialist-for-web-developers,https://res.cloudinary.com/dj11e209p/image/upload/v1753832986/courses/vg4gi7nlekemzzqb8yqe.jpg,0,True,129,0,0,0,Beginner,0,"2016-07-04 22:11:35","Web Development"
1861,"Create a Dynamic User Registration Form from scratch",create-a-dynamic-user-registration-form-from-scratch,https://res.cloudinary.com/dj11e209p/image/upload/v1753832986/courses/vg4gi7nlekemzzqb8yqe.jpg,0,True,24,0,0,0,Beginner,0,"2016-01-09 04:31:40","Web Development"
1864,"Intro to Git",intro-to-git,https://res.cloudinary.com/dj11e209p/image/upload/v1753832986/courses/vg4gi7nlekemzzqb8yqe.jpg,0,True,10,0,0,0,Beginner,0,"2016-06-28 21:17:31","Web Development"
1868,"Learn How To Build A Professional Web Site By Using Joomla",learn-how-to-build-a-professional-web-site-by-using-joomla,https://res.cloudinary.com/dj11e209p/image/upload/v1753832986/courses/vg4gi7nlekemzzqb8yqe.jpg,0,True,113,0,0,0,Beginner,0,"2016-08-11 21:03:21","Web Development"
1872,"The Complete Web Developer Bootcamp - Beginner to Expert",job-ready-web-developer,https://res.cloudinary.com/dj11e209p/image/upload/v1753832986/courses/vg4gi7nlekemzzqb8yqe.jpg,0,True,47,0,0,0,Beginner,0,"2015-01-19 00:23:15","Web Development"
1875,"Become a Web Developer from Scratch",how-to-become-a-web-developer-from-scratch,https://res.cloudinary.com/dj11e209p/image/upload/v1753832986/courses/vg4gi7nlekemzzqb8yqe.jpg,0,True,18,0,0,0,Beginner,0,"2011-11-19 21:51:20","Web Development"
1879,"Ruby on Rails 5 - BDD, RSpec and Capybara",ruby-rails-5-bdd-rspec-capybara,https://res.cloudinary.com/dj11e209p/image/upload/v1753832986/courses/vg4gi7nlekemzzqb8yqe.jpg,0,True,114,0,0,0,Beginner,0,"2016-10-28 00:17:36","Web Development"
1882,"The Complete DevOps Engineer Course 2.0 - Java & Kubernetes",the-complete-devops-engineer-course-20-java-kubernetes,https://res.cloudinary.com/dj11e209p/image/upload/v1753832986/courses/vg4gi7nlekemzzqb8yqe.jpg,0,True,48,0,0,0,Beginner,0,"2016-08-06 20:53:04","Web Development"
1884,"The Complete jQuery Course - From Beginner to Professional!",complete-jquery-developer-course-beginner-to-pro,https://res.cloudinary.com/dj11e209p/image/upload/v1753832986/courses/vg4gi7nlekemzzqb8yqe.jpg,0,True,110,0,0,0,Beginner,0,"2016-06-20 22:59:31","Web Development"
1887,"Javascript for Beginners Learn by Doing Practical Exercises",javascript-for-beginners-introduction-learn-fast-easy,https://res.cloudinary.com/dj11e209p/image/upload/v1753832986/courses/vg4gi7nlekemzzqb8yqe.jpg,0,True,151,0,0,0,Beginner,0,"2015-01-31 02:24:19","Web Development"
1888,"8 Beautiful Ruby on Rails Apps in 30 Days & TDD - Immersive ",8-beautiful-ruby-on-rails-apps-in-30-days,https://res.cloudinary.com/dj11e209p/image/upload/v1753832986/courses/vg4gi7nlekemzzqb8yqe.jpg,0,True,89,0,0,0,Beginner,0,"2016-03-08 07:36:40","Web Development"
1891,"Start Web Development with GIS Map in JavaScript",start-web-development-with-gis-map-in-javascript,https://res.cloudinary.com/dj11e209p/image/upload/v1753832986/courses/vg4gi7nlekemzzqb8yqe.jpg,0,True,137,0,0,0,Beginner,0,"2016-02-28 23:43:19","Web Development"
1894,"Mastering CSS 3.0 Selectors",css3-selectors,https://res.cloudinary.com/dj11e209p/image/upload/v1753832986/courses/vg4gi7nlekemzzqb8yqe.jpg,0,True,181,0,0,0,Intermediate,0,"2017-02-22 21:57:35","Web Development"
1895,"WordPress Backup And Restore Fundamentals",wordpress-backup-and-restore-fundamentals,https://res.cloudinary.com/dj11e209p/image/upload/v1753832986/courses/vg4gi7nlekemzzqb8yqe.jpg,0,True,148,0,0,0,Intermediate,0,"2014-06-24 19:23:44","Web Development"
1898,"Angular 2 Crash Course with TypeScript",angular-2-crash-course,https://res.cloudinary.com/dj11e209p/image/upload/v1753832986/courses/vg4gi7nlekemzzqb8yqe.jpg,0,True,174,0,0,0,Beginner,0,"2016-06-14 19:26:06","Web Development"
1899,"Boost your website speed without any coding!",boost-your-website-speed-without-any-coding,https://res.cloudinary.com/dj11e209p/image/upload/v1753832986/courses/vg4gi7nlekemzzqb8yqe.jpg,0,True,119,0,0,0,Beginner,0,"2017-05-14 17:14:48","Web Development"
1906,"Build Flat Responsive Website from Scratch - Complete Course",build-flat-responsive-website-from-scratch-complete-course,https://res.cloudinary.com/dj11e209p/image/upload/v1753832986/courses/vg4gi7nlekemzzqb8yqe.jpg,0,True,43,0,0,0,Beginner,0,"2013-12-04 13:33:41","Web Development"
1907,"Wordpress for Beginners - Build a Live Website from Scratch",wordpress_for_beginners,https://res.cloudinary.com/dj11e209p/image/upload/v1753832986/courses/vg4gi7nlekemzzqb8yqe.jpg,0,True,173,0,0,0,Beginner,0,"2015-09-09 17:53:26","Web Development"
1908,"Essential JavaScript, jQuery and AngularJS Training",essential-javascript-jquery-angularjs-training,https://res.cloudinary.com/dj11e209p/image/upload/v1753832986/courses/vg4gi7nlekemzzqb8yqe.jpg,0,True,198,0,0,0,Intermediate,0,"2015-07-09 22:41:32","Web Development"
1911,"Kids Coding - Beginners CSS",kids-coding-beginners-css,https://res.cloudinary.com/dj11e209p/image/upload/v1753832986/courses/vg4gi7nlekemzzqb8yqe.jpg,0,True,2,0,0,0,Beginner,0,"2013-07-25 19:55:43","Web Development"
1914,"Ruby On Rails For Web Development",ruby-on-rails-for-web-development,https://res.cloudinary.com/dj11e209p/image/upload/v1753832986/courses/vg4gi7nlekemzzqb8yqe.jpg,0,True,177,0,0,0,Beginner,0,"2014-12-17 19:01:59","Web Development"
1915,"Create eye-catching WordPress website from scratch",create-eye-catching-wordpress-website-from-scratch,https://res.cloudinary.com/dj11e209p/image/upload/v1753832986/courses/vg4gi7nlekemzzqb8yqe.jpg,0,True,123,0,0,0,Beginner,0,"2016-12-28 19:04:14","Web Development"
1919,"CSS and CSS3 For Absolute Beginners",css-and-css3-for-absolute-beginners,https://res.cloudinary.com/dj11e209p/image/upload/v1753832986/courses/vg4gi7nlekemzzqb8yqe.jpg,0,True,121,0,0,0,Beginner,0,"2013-11-01 17:12:45","Web Development"
1926,"Learn CSS Transition and Animation ",css-transition-and-animation,https://res.cloudinary.com/dj11e209p/image/upload/v1753832986/courses/vg4gi7nlekemzzqb8yqe.jpg,0,True,117,0,0,0,Beginner,0,"2015-05-27 17:51:19","Web Development"
1927,"Learn JavaScript from scratch",learn-javascript-from-scratch,https://res.cloudinary.com/dj11e209p/image/upload/v1753832986/courses/vg4gi7nlekemzzqb8yqe.jpg,0,True,58,0,0,0,Beginner,0,"2015-07-30 19:00:52","Web Development"
1931,"JavaScript Tutorial",lets-learn-javascript-by-coding,https://res.cloudinary.com/dj11e209p/image/upload/v1753832986/courses/vg4gi7nlekemzzqb8yqe.jpg,0,True,188,0,0,0,Beginner,0,"2016-10-17 15:07:49","Web Development"
1933,"The Complete front end web developer Bootcamp - 14 projects",complete-front-end-web-developer-bootcamp,https://res.cloudinary.com/dj11e209p/image/upload/v1753832986/courses/vg4gi7nlekemzzqb8yqe.jpg,0,True,34,0,0,0,Beginner,0,"2016-08-12 00:30:51","Web Development"
1935,"In Depth Web Development Made Easy",in-depth-web-development-from-scratch,https://res.cloudinary.com/dj11e209p/image/upload/v1753832986/courses/vg4gi7nlekemzzqb8yqe.jpg,0,True,139,0,0,0,Beginner,0,"2015-10-30 16:55:44","Web Development"
1939,"JavaScript Complete for beginners with real world Apps",javascript-complete-and-comprehensive,https://res.cloudinary.com/dj11e209p/image/upload/v1753832986/courses/vg4gi7nlekemzzqb8yqe.jpg,0,True,51,0,0,0,Beginner,0,"2016-02-02 21:35:54","Web Development"
1943,"How To Setup a Micro-Blog in 3 Easy Steps",setup-your-own-micro-blog-in-3-easy-steps,https://res.cloudinary.com/dj11e209p/image/upload/v1753832986/courses/vg4gi7nlekemzzqb8yqe.jpg,0,True,183,0,0,0,Beginner,0,"2015-03-20 18:49:20","Web Development"
1945,"Wordpress for Non-Technical People",wordpress-for-non-technical-people,https://res.cloudinary.com/dj11e209p/image/upload/v1753832986/courses/vg4gi7nlekemzzqb8yqe.jpg,0,True,84,0,0,0,Beginner,0,"2016-11-15 21:51:28","Web Development"
1953,"The Advanced Web Developer Course",the-advanced-web-developer-course,https://res.cloudinary.com/dj11e209p/image/upload/v1753832986/courses/vg4gi7nlekemzzqb8yqe.jpg,0,True,159,0,0,0,Intermediate,0,"2015-06-03 18:21:21","Web Development"
1955,"Learning JavaScript Programming Tutorial. A Definitive Guide",programming-javascript,https://res.cloudinary.com/dj11e209p/image/upload/v1753832986/courses/vg4gi7nlekemzzqb8yqe.jpg,0,True,194,0,0,0,Beginner,0,"2012-11-26 13:51:56","Web Development"
1956,"The Complete JavaScript, HTML and CSS Tutorial For Beginners",the-complete-javascript-html-and-css-tutorial-for-beginners,https://res.cloudinary.com/dj11e209p/image/upload/v1753832986/courses/vg4gi7nlekemzzqb8yqe.jpg,0,True,122,0,0,0,Beginner,0,"2017-06-29 16:13:18","Web Development"
1957,"Build Modern Responsive Website With HTML5, CSS3 & Bootstrap",build-modern-responsive-website-with-html5-css3-bootstrap,https://res.cloudinary.com/dj11e209p/image/upload/v1753832986/courses/vg4gi7nlekemzzqb8yqe.jpg,0,True,36,0,0,0,Beginner,0,"2017-02-08 05:44:46","Web Development"
1962,"JavaScript Step by Step how to apply it to your web pages",javascript-fundamentals-bootcamp-learn-how-to-use-javascript,https://res.cloudinary.com/dj11e209p/image/upload/v1753832986/courses/vg4gi7nlekemzzqb8yqe.jpg,0,True,88,0,0,0,Beginner,0,"2015-07-26 17:44:17","Web Development"
1965,"Getting Started with WordPress 2016",getting-started-with-wordpress-cms,https://res.cloudinary.com/dj11e209p/image/upload/v1753832986/courses/vg4gi7nlekemzzqb8yqe.jpg,0,True,121,0,0,0,Beginner,0,"2016-04-14 05:38:18","Web Development"
1966,"Learn HTML5 Programming From Scratch",learn-html5-programming-from-scratch,https://res.cloudinary.com/dj11e209p/image/upload/v1753832986/courses/vg4gi7nlekemzzqb8yqe.jpg,0,True,29,0,0,0,Beginner,0,"2013-02-14 07:03:41","Web Development"
1969,"Learn to Setup Websites from Scratch",learn-to-setup-websites-from-scratch,https://res.cloudinary.com/dj11e209p/image/upload/v1753832986/courses/vg4gi7nlekemzzqb8yqe.jpg,0,True,118,0,0,0,Beginner,0,"2014-04-14 11:59:11","Web Development"
1973,"Build a Responsive Website with a Modern Flat Design",build-responsive-website-designs-with-html5-and-css,https://res.cloudinary.com/dj11e209p/image/upload/v1753832986/courses/vg4gi7nlekemzzqb8yqe.jpg,0,True,28,0,0,0,Beginner,0,"2014-03-26 14:23:06","Web Development"
1978,"Hosting your static website on Amazon AWS S3 service",hosting-a-static-website-on-amazon-aws-s3-service,https://res.cloudinary.com/dj11e209p/image/upload/v1753832986/courses/vg4gi7nlekemzzqb8yqe.jpg,0,True,29,0,0,0,Beginner,0,"2017-05-05 23:42:32","Web Development"
1979,"JavaScript Rockstar How to create Incredible Useful code",javascript-projects-from-scratch-step-by-step-guide-to-learn,https://res.cloudinary.com/dj11e209p/image/upload/v1753832986/courses/vg4gi7nlekemzzqb8yqe.jpg,0,True,47,0,0,0,Beginner,0,"2015-10-29 18:30:46","Web Development"
1980,"Spring Core DevOps on AWS",spring-core-devops-on-aws,https://res.cloudinary.com/dj11e209p/image/upload/v1753832986/courses/vg4gi7nlekemzzqb8yqe.jpg,0,True,13,0,0,0,Intermediate,0,"2016-11-15 21:59:55","Web Development"
1982,"Introductory To HTML and CSS",introductory-to-html-and-css,https://res.cloudinary.com/dj11e209p/image/upload/v1753832986/courses/vg4gi7nlekemzzqb8yqe.jpg,0,True,34,0,0,0,Beginner,0,"2016-08-27 21:35:25","Web Development"
1993,"Building a Ruby on Rails Application with Neo4j",building-a-ruby-on-rails-application-with-neo4j,https://res.cloudinary.com/dj11e209p/image/upload/v1753832986/courses/vg4gi7nlekemzzqb8yqe.jpg,0,True,184,0,0,0,Intermediate,0,"2015-08-18 19:23:56","Web Development"
2000,"Create a PHP Contact Form in Bootstrap",bootstrap-php-contact-form,https://res.cloudinary.com/dj11e209p/image/upload/v1753832986/courses/vg4gi7nlekemzzqb8yqe.jpg,0,True,126,0,0,0,Beginner,0,"2015-12-27 17:20:38","Web Development"
2001,"Introduction To Data Analytics Using Microsoft Power BI",data-analytics-powerbi,https://res.cloudinary.com/dj11e209p/image/upload/v1753832986/courses/vg4gi7nlekemzzqb8yqe.jpg,0,True,1,0,0,0,Beginner,0,"2016-07-13 17:36:30","Web Development"
2003,"Learn How to Create Your Own Social Network",create-your-own-social-network,https://res.cloudinary.com/dj11e209p/image/upload/v1753832986/courses/vg4gi7nlekemzzqb8yqe.jpg,0,True,151,0,0,0,Beginner,0,"2015-04-24 23:54:06","Web Development"
2007,"PHP for Beginners",learn-php-via-examples-and-mini-tasks,https://res.cloudinary.com/dj11e209p/image/upload/v1753832986/courses/vg4gi7nlekemzzqb8yqe.jpg,0,True,46,0,0,0,Beginner,0,"2015-07-01 18:55:13","Web Development"
2008,"Make a professional website - 30 Day Guarantee. Discounted!",make-your-own-business-website-beginner-and-intermediate,https://res.cloudinary.com/dj11e209p/image/upload/v1753832986/courses/vg4gi7nlekemzzqb8yqe.jpg,0,True,129,0,0,0,Beginner,0,"2014-06-23 16:03:41","Web Development"
2010,"Build a Website in 30 Minutes",30-minute-website,https://res.cloudinary.com/dj11e209p/image/upload/v1753832986/courses/vg4gi7nlekemzzqb8yqe.jpg,0,True,179,0,0,0,Beginner,0,"2015-11-13 18:02:28","Web Development"
2011,"How to Make a Website Without Coding- WordPress & Web Skills",make-a-website-without-code-wordpress-course,https://res.cloudinary.com/dj11e209p/image/upload/v1753832986/courses/vg4gi7nlekemzzqb8yqe.jpg,0,True,165,0,0,0,Beginner,0,"2015-04-28 17:32:23","Web Development"
2014,"Build Sign Up and Login Forms With Bootstrap Modal",build-sign-up-and-login-forms-with-bootstrap-modal,https://res.cloudinary.com/dj11e209p/image/upload/v1753832986/courses/vg4gi7nlekemzzqb8yqe.jpg,0,True,112,0,0,0,Beginner,0,"2016-11-17 18:55:02","Web Development"
2023,"Get Results - Core Principles of Web Development Tricks Tips",web-development-foundations-base-for-your-coding-environment,https://res.cloudinary.com/dj11e209p/image/upload/v1753832986/courses/vg4gi7nlekemzzqb8yqe.jpg,0,True,67,0,0,0,Beginner,0,"2015-06-23 20:39:16","Web Development"
2027,"JavaScript from Beginner to Expert",javascript-from-beginner-to-expert-bring-life-to-your-site,https://res.cloudinary.com/dj11e209p/image/upload/v1753832986/courses/vg4gi7nlekemzzqb8yqe.jpg,0,True,54,0,0,0,Beginner,0,"2015-05-18 21:54:08","Web Development"
2028,"Build a website HTML5 CSS3 Beginner Course",how-to-build-a-website-html5-css3-beginner-course,https://res.cloudinary.com/dj11e209p/image/upload/v1753832986/courses/vg4gi7nlekemzzqb8yqe.jpg,0,True,177,0,0,0,Beginner,0,"2016-02-02 03:54:47","Web Development"
2032,"Introduction to Coding with Ruby",newbie-to-ruby,https://res.cloudinary.com/dj11e209p/image/upload/v1753832986/courses/vg4gi7nlekemzzqb8yqe.jpg,0,True,157,0,0,0,Beginner,0,"2015-07-22 18:23:06","Web Development"
2039,"Web Hosting Set Up and WordPress Installation For Beginners",web-hosting-wordpress-installation-for-beginners,https://res.cloudinary.com/dj11e209p/image/upload/v1753832986/courses/vg4gi7nlekemzzqb8yqe.jpg,0,True,143,0,0,0,Beginner,0,"2014-04-09 02:58:17","Web Development"
2040,"Ruby on Rails 4---A Test-Driven Approach",ruby-on-rails-4-a-test-driven-approach,https://res.cloudinary.com/dj11e209p/image/upload/v1753832986/courses/vg4gi7nlekemzzqb8yqe.jpg,0,True,185,0,0,0,Beginner,0,"2015-02-17 20:34:13","Web Development"
2041,"JavaScript from Beginner to Advanced",javascript-from-beginner-to-advanced,https://res.cloudinary.com/dj11e209p/image/upload/v1753832986/courses/vg4gi7nlekemzzqb8yqe.jpg,0,True,70,0,0,0,Beginner,0,"2016-12-20 21:32:57","Web Development"
2042,"WordPress Theme Academy with Bootstrap",bootstrap-to-wordpress-build-custom-responsive-themes,https://res.cloudinary.com/dj11e209p/image/upload/v1753832986/courses/vg4gi7nlekemzzqb8yqe.jpg,0,True,20,0,0,0,Intermediate,0,"2015-09-10 00:48:11","Web Development"
2044,"Learn Bootstrap And Make Responsive Websites",learn-bootstrap-and-make-responsive-websites,https://res.cloudinary.com/dj11e209p/image/upload/v1753832986/courses/vg4gi7nlekemzzqb8yqe.jpg,0,True,191,0,0,0,Beginner,0,"2017-06-11 19:03:19","Web Development"
2048,"Create Complete Sign up System using PHP, jQuery and Ajax",create-sign-up-system-using-jquery-ajax-and-php,https://res.cloudinary.com/dj11e209p/image/upload/v1753832986/courses/vg4gi7nlekemzzqb8yqe.jpg,0,True,158,0,0,0,Beginner,0,"2016-02-15 00:41:18","Web Development"
2050,"Learn Complete WordPress for Building a Professional Sites",learn-complete-wordpress-for-building-a-professional-sites,https://res.cloudinary.com/dj11e209p/image/upload/v1753832986/courses/vg4gi7nlekemzzqb8yqe.jpg,0,True,161,0,0,0,Beginner,0,"2016-06-23 23:38:02","Web Development"
2054,"Build Your Startup with No Coding (Design, Develop & Ship)",buildastartup,https://res.cloudinary.com/dj11e209p/image/upload/v1753832986/courses/vg4gi7nlekemzzqb8yqe.jpg,0,True,40,0,0,0,Beginner,0,"2016-06-03 00:16:34","Web Development"
2059,"Javascript for beginners",java-script-quick-beginner-introduction,https://res.cloudinary.com/dj11e209p/image/upload/v1753832986/courses/vg4gi7nlekemzzqb8yqe.jpg,0,True,77,0,0,0,Beginner,0,"2015-10-01 17:14:38","Web Development"
2062,"Create, Update and Manage Your Own Website Using Drupal 7",getting-to-know-drupal,https://res.cloudinary.com/dj11e209p/image/upload/v1753832986/courses/vg4gi7nlekemzzqb8yqe.jpg,0,True,159,0,0,0,Beginner,0,"2013-10-16 21:22:35","Web Development"
2063,"Learn HTML - The programming language to build a webpage!",takethefirststep,https://res.cloudinary.com/dj11e209p/image/upload/v1753832986/courses/vg4gi7nlekemzzqb8yqe.jpg,0,True,172,0,0,0,Beginner,0,"2016-01-17 18:25:23","Web Development"
2065,"Introduction to CSS Development",refactoru-intro-to-css,https://res.cloudinary.com/dj11e209p/image/upload/v1753832986/courses/vg4gi7nlekemzzqb8yqe.jpg,0,True,152,0,0,0,Beginner,0,"2014-08-18 23:33:20","Web Development"
2067,"Build an HTML5 and CSS3 Website in 35 Minutes",build-an-html5-and-css3-website-in-35-minutes,https://res.cloudinary.com/dj11e209p/image/upload/v1753832986/courses/vg4gi7nlekemzzqb8yqe.jpg,0,True,36,0,0,0,Beginner,0,"2015-03-10 21:52:42","Web Development"
2068,"1 hour jQuery",1-hour-jquery,https://res.cloudinary.com/dj11e209p/image/upload/v1753832986/courses/vg4gi7nlekemzzqb8yqe.jpg,0,True,60,0,0,0,Beginner,0,"2013-08-03 14:20:52","Web Development"
2069,"The WpFASTER WordPress Speed Optimization Master Course",make-your-wordpress-sites-fastest-in-world,https://res.cloudinary.com/dj11e209p/image/upload/v1753832986/courses/vg4gi7nlekemzzqb8yqe.jpg,0,True,111,0,0,0,Beginner,0,"2015-04-13 20:49:19","Web Development"
2070,"The complete HTML5 course",learn-html-by-building-websites,https://res.cloudinary.com/dj11e209p/image/upload/v1753832986/courses/vg4gi7nlekemzzqb8yqe.jpg,0,True,101,0,0,0,Beginner,0,"2015-12-02 18:47:34","Web Development"
2074,"Crash Course - Learn to Create a PHP MVC Framework",crash-course-learn-to-create-a-php-mvc-framework,https://res.cloudinary.com/dj11e209p/image/upload/v1753832986/courses/vg4gi7nlekemzzqb8yqe.jpg,0,True,54,0,0,0,Beginner,0,"2016-05-01 18:04:29","Web Development"
2077,"MongooseJS Essentials - Learn MongoDB for Node.js",mongoosejs-essentials,https://res.cloudinary.com/dj11e209p/image/upload/v1753832986/courses/vg4gi7nlekemzzqb8yqe.jpg,0,True,67,0,0,0,Beginner,0,"2016-03-12 16:04:28","Web Development"
2078,"Regular Expressions for Beginners - Universal",regular-expressions-for-beginners-universal,https://res.cloudinary.com/dj11e209p/image/upload/v1753832986/courses/vg4gi7nlekemzzqb8yqe.jpg,0,True,161,0,0,0,Beginner,0,"2017-01-20 00:54:56","Web Development"
2084,"The Complete Wordpress Theme Development Guide",the-complete-wordpress-theme-development-guide,https://res.cloudinary.com/dj11e209p/image/upload/v1753832986/courses/vg4gi7nlekemzzqb8yqe.jpg,0,True,161,0,0,0,Beginner,0,"2017-05-19 05:52:32","Web Development"
2086,"Learn Jquery from Scratch 2-Hour Training ",jquery_complete,https://res.cloudinary.com/dj11e209p/image/upload/v1753832986/courses/vg4gi7nlekemzzqb8yqe.jpg,0,True,188,0,0,0,Beginner,0,"2015-07-16 00:40:57","Web Development"
2088,"Learn PHP CodeIgniter Framework with AJAX and Bootstrap",learn-php-codeigniter-framework-with-ajax-and-bootstrap,https://res.cloudinary.com/dj11e209p/image/upload/v1753832986/courses/vg4gi7nlekemzzqb8yqe.jpg,0,True,96,0,0,0,Beginner,0,"2016-09-13 16:14:43","Web Development"
2089,"The Complete Guide to JavaScript Development",the-complete-javascript-development-course,https://res.cloudinary.com/dj11e209p/image/upload/v1753832986/courses/vg4gi7nlekemzzqb8yqe.jpg,0,True,46,0,0,0,Beginner,0,"2016-01-25 04:46:37","Web Development"
2090,"Basic HTML CSS and Web Design",basic-html-css-web-design,https://res.cloudinary.com/dj11e209p/image/upload/v1753832986/courses/vg4gi7nlekemzzqb8yqe.jpg,0,True,80,0,0,0,Beginner,0,"2016-02-19 18:10:13","Web Development"
2091,"Build Professional WordPress Website",wordpress-no-coding,https://res.cloudinary.com/dj11e209p/image/upload/v1753832986/courses/vg4gi7nlekemzzqb8yqe.jpg,0,True,103,0,0,0,Beginner,0,"2015-01-14 09:02:00","Web Development"
2092,"Ultimate CSS3 Course - From Beginners To Professional",ultimate-css3-course,https://res.cloudinary.com/dj11e209p/image/upload/v1753832986/courses/vg4gi7nlekemzzqb8yqe.jpg,0,True,172,0,0,0,Beginner,0,"2016-10-13 22:36:36","Web Development"
2096,"PHP with PDO - ULTIMATE Crash Course",php-with-pdo-ultimate-crash-course,https://res.cloudinary.com/dj11e209p/image/upload/v1753832986/courses/vg4gi7nlekemzzqb8yqe.jpg,0,True,33,0,0,0,Beginner,0,"2015-12-06 23:01:34","Web Development"
2100,"Learn Laravel PHP Framework Building Multi User SEO Blog APP",learn-laravel-php-framework-building-multi-user-seo-blog-app,https://res.cloudinary.com/dj11e209p/image/upload/v1753832986/courses/vg4gi7nlekemzzqb8yqe.jpg,0,True,193,0,0,0,Beginner,0,"2017-01-04 23:51:26","Web Development"
2101,"Javascript Specialist",javascript-specialist,https://res.cloudinary.com/dj11e209p/image/upload/v1753832986/courses/vg4gi7nlekemzzqb8yqe.jpg,0,True,21,0,0,0,Beginner,0,"2017-02-23 00:54:07","Web Development"
2107,"jQuery for Beginners - Create Website Animations Easily",jquery-for-beginners-fundamentals-training-tutorial-course,https://res.cloudinary.com/dj11e209p/image/upload/v1753832986/courses/vg4gi7nlekemzzqb8yqe.jpg,0,True,16,0,0,0,Beginner,0,"2015-03-24 00:40:39","Web Development"
2109,"Install a Wordpress Theme the Correct Way & Charge Others",how-to-install-a-wordpress-theme-the-right-way,https://res.cloudinary.com/dj11e209p/image/upload/v1753832986/courses/vg4gi7nlekemzzqb8yqe.jpg,0,True,43,0,0,0,Beginner,0,"2015-09-20 18:51:51","Web Development"
2114,"How to create awesome website and e-commerce in 1 hour",how-to-create-awesome-websites-and-e-commerce-in-1-hour,https://res.cloudinary.com/dj11e209p/image/upload/v1753832986/courses/vg4gi7nlekemzzqb8yqe.jpg,0,True,180,0,0,0,Beginner,0,"2016-07-18 16:56:23","Web Development"
2115,"Joomla for Beginners - Learn how to build a website with CMS",joomla-for-beginners-build-a-website-with-joomla-cms,https://res.cloudinary.com/dj11e209p/image/upload/v1753832986/courses/vg4gi7nlekemzzqb8yqe.jpg,0,True,36,0,0,0,Beginner,0,"2017-01-23 22:41:08","Web Development"
2118,"Rock Solid Wordpress Security - Secure Web Development",rock-solid-wordpress-security-secure-wordpress-easily,https://res.cloudinary.com/dj11e209p/image/upload/v1753832986/courses/vg4gi7nlekemzzqb8yqe.jpg,0,True,46,0,0,0,Beginner,0,"2014-12-28 01:13:28","Web Development"
2130,"Master Angular 4 by Example - Build 7 Awesome Apps!",learn-angular-4,https://res.cloudinary.com/dj11e209p/image/upload/v1753832986/courses/vg4gi7nlekemzzqb8yqe.jpg,0,True,40,0,0,0,Beginner,0,"2017-05-01 22:06:23","Web Development"
2136,"Build A Weather App With Ajax Using Open Weather Map API",build-a-weather-app-with-ajax-using-open-weather-map-api,https://res.cloudinary.com/dj11e209p/image/upload/v1753832986/courses/vg4gi7nlekemzzqb8yqe.jpg,0,True,166,0,0,0,Beginner,0,"2016-12-01 21:49:26","Web Development"
2138,"Learn and Earn with HTML & CSS",learn-and-earn-with-html-css,https://res.cloudinary.com/dj11e209p/image/upload/v1753832986/courses/vg4gi7nlekemzzqb8yqe.jpg,0,True,141,0,0,0,Beginner,0,"2016-03-11 20:11:22","Web Development"
2145,"Bootstrap 4 Theme Development Masterclass",bootstrap-theme-development-masterclass,https://res.cloudinary.com/dj11e209p/image/upload/v1753832986/courses/vg4gi7nlekemzzqb8yqe.jpg,0,True,99,0,0,0,Beginner,0,"2017-02-24 02:29:03","Web Development"
2147,"Web Design Creating websites from scratch",web-design-creating-websites-from-scratch,https://res.cloudinary.com/dj11e209p/image/upload/v1753832986/courses/vg4gi7nlekemzzqb8yqe.jpg,0,True,110,0,0,0,Beginner,0,"2016-09-19 22:32:38","Web Development"
2151,"JavaScript for Beginning Web Developers",learn-javascript-programming,https://res.cloudinary.com/dj11e209p/image/upload/v1753832986/courses/vg4gi7nlekemzzqb8yqe.jpg,0,True,65,0,0,0,Beginner,0,"2014-01-16 18:07:39","Web Development"
2157,"Code a Responsive Website Using HTML5 and CSS for Beginners",how-to-code-a-responsive-website-using-html5-and-css,https://res.cloudinary.com/dj11e209p/image/upload/v1753832986/courses/vg4gi7nlekemzzqb8yqe.jpg,0,True,168,0,0,0,Beginner,0,"2014-01-09 17:51:10","Web Development"
2158,"AngularJS for the Real World - Learn by creating a WebApp",angularjs-for-the-real-world-learn-to-create-a-webapp,https://res.cloudinary.com/dj11e209p/image/upload/v1753832986/courses/vg4gi7nlekemzzqb8yqe.jpg,0,True,26,0,0,0,Beginner,0,"2015-09-07 17:54:39","Web Development"
2160,"Advanced Node.js Development",refactoru-adv-nodejs,https://res.cloudinary.com/dj11e209p/image/upload/v1753832986/courses/vg4gi7nlekemzzqb8yqe.jpg,0,True,114,0,0,0,Advanced,0,"2014-08-28 03:35:30","Web Development"
2161,"ASP.NET MVC 5 Project - Facebook Clone",aspnet-mvc-5-project-facebook-clone,https://res.cloudinary.com/dj11e209p/image/upload/v1753832986/courses/vg4gi7nlekemzzqb8yqe.jpg,0,True,5,0,0,0,Beginner,0,"2017-02-09 04:38:46","Web Development"
2166,"Build A Web App with VueJS, Spring Framework and MongoDB",build-a-message-board-app-with-vue-spring-and-mongodb,https://res.cloudinary.com/dj11e209p/image/upload/v1753832986/courses/vg4gi7nlekemzzqb8yqe.jpg,0,True,99,0,0,0,Beginner,0,"2016-11-30 21:59:37","Web Development"
2167,"Improved SEO with Rich Snippets and MicroData",improved-seo-with-rich-snippets-and-microdata,https://res.cloudinary.com/dj11e209p/image/upload/v1753832986/courses/vg4gi7nlekemzzqb8yqe.jpg,0,True,1,0,0,0,Intermediate,0,"2014-06-09 10:35:40","Web Development"
2168,"Become a HTML and CSS Developer - Build a Responsive Site",learn-to-code-in-html-and-css,https://res.cloudinary.com/dj11e209p/image/upload/v1753832986/courses/vg4gi7nlekemzzqb8yqe.jpg,0,True,62,0,0,0,Beginner,0,"2016-05-26 04:46:39","Web Development"
2170,"Install Wordpress",learn-how-to-install-wordpress,https://res.cloudinary.com/dj11e209p/image/upload/v1753832986/courses/vg4gi7nlekemzzqb8yqe.jpg,0,True,104,0,0,0,Beginner,0,"2015-11-06 22:04:41","Web Development"
2177,"Building An E-Commerce Store Using Java Spring Framework",building-an-e-commerce-store-using-java-spring-framework,https://res.cloudinary.com/dj11e209p/image/upload/v1753832986/courses/vg4gi7nlekemzzqb8yqe.jpg,0,True,105,0,0,0,Beginner,0,"2016-02-01 17:27:04","Web Development"
2179,"PHP MVC Framework CodeIgniter Tutorial for Beginners Project",php-mvc-framework-codeigniter-tutorial-for-beginners-project,https://res.cloudinary.com/dj11e209p/image/upload/v1753832986/courses/vg4gi7nlekemzzqb8yqe.jpg,0,True,59,0,0,0,Beginner,0,"2015-08-28 00:29:28","Web Development"
2180,"JavaScript - Become Higly Paid Front End Developer",javascript-become-higly-paid-front-end-developer,https://res.cloudinary.com/dj11e209p/image/upload/v1753832986/courses/vg4gi7nlekemzzqb8yqe.jpg,0,True,106,0,0,0,Beginner,0,"2017-04-17 16:39:08","Web Development"
2181,"Object Oriented Programming (OOP) in PHP - Build An OOP Site",object-oriented-programming-in-php,https://res.cloudinary.com/dj11e209p/image/upload/v1753832986/courses/vg4gi7nlekemzzqb8yqe.jpg,0,True,7,0,0,0,Beginner,0,"2014-06-17 07:34:03","Web Development"
2183,"Web Development Essential Skills - Complete HTML and CSS",complete-html5-css3-course-newbie-to-pro,https://res.cloudinary.com/dj11e209p/image/upload/v1753832986/courses/vg4gi7nlekemzzqb8yqe.jpg,0,True,87,0,0,0,Beginner,0,"2015-09-29 21:30:21","Web Development"
2184,"Laravel Account Activation Project",laravel-account-activation-project,https://res.cloudinary.com/dj11e209p/image/upload/v1753832986/courses/vg4gi7nlekemzzqb8yqe.jpg,0,True,150,0,0,0,Beginner,0,"2016-12-07 20:41:15","Web Development"
2190,"Javascript - From Beginner to Pro-Build real world JS apps",javascript-from-beginner-to-pro-best-course,https://res.cloudinary.com/dj11e209p/image/upload/v1753832986/courses/vg4gi7nlekemzzqb8yqe.jpg,0,True,29,0,0,0,Beginner,0,"2016-12-11 21:16:42","Web Development"
2193,"Full stack Universal React with Redux, Node js and MongoDB",full-stack-universal-react-with-redux-express-and-mongodb,https://res.cloudinary.com/dj11e209p/image/upload/v1753832986/courses/vg4gi7nlekemzzqb8yqe.jpg,0,True,104,0,0,0,Intermediate,0,"2017-05-08 21:59:53","Web Development"
2196,"Create Your First Wordpress Site in Under an Hour",how-to-install-wordpress-,https://res.cloudinary.com/dj11e209p/image/upload/v1753832986/courses/vg4gi7nlekemzzqb8yqe.jpg,0,True,12,0,0,0,Beginner,0,"2016-03-30 00:41:00","Web Development"
2199,"Building HTML5 Canvas projects from scratch",building-html5-canvas-projects-from-scratch,https://res.cloudinary.com/dj11e209p/image/upload/v1753832986/courses/vg4gi7nlekemzzqb8yqe.jpg,0,True,80,0,0,0,Beginner,0,"2016-03-03 20:36:35","Web Development"
2201,"Earn Big Profits With Web Development, Simple and Easy!",earn-big-profits-by-building-simple-and-easy-websites,https://res.cloudinary.com/dj11e209p/image/upload/v1753832986/courses/vg4gi7nlekemzzqb8yqe.jpg,0,True,193,0,0,0,Beginner,0,"2017-01-18 22:48:53","Web Development"
2203,"Professional Python Web Development Using Flask",python-flask-course,https://res.cloudinary.com/dj11e209p/image/upload/v1753832986/courses/vg4gi7nlekemzzqb8yqe.jpg,0,True,44,0,0,0,Beginner,0,"2015-03-04 00:10:36","Web Development"
2206,"jQuery UI In Depth",jquery-ui-in-depth,https://res.cloudinary.com/dj11e209p/image/upload/v1753832986/courses/vg4gi7nlekemzzqb8yqe.jpg,0,True,123,0,0,0,Beginner,0,"2013-07-28 18:48:28","Web Development"
2208,"Learn To Build A Google Map App Using Angular 2",learn-to-build-a-google-map-app-using-angular-2,https://res.cloudinary.com/dj11e209p/image/upload/v1753832986/courses/vg4gi7nlekemzzqb8yqe.jpg,0,True,133,0,0,0,Beginner,0,"2016-11-21 15:07:46","Web Development"
2210,"Learn HTML in 59 Minutes - Your intro to front-end dev",learn-html-in-59-minutes,https://res.cloudinary.com/dj11e209p/image/upload/v1753832986/courses/vg4gi7nlekemzzqb8yqe.jpg,0,True,4,0,0,0,Beginner,0,"2015-07-14 21:37:16","Web Development"
2214,"Critical Web Dev Skills & Tools for the Non-Tech Hustler",critical-web-dev-skills-tools-for-the-non-tech-hustler,https://res.cloudinary.com/dj11e209p/image/upload/v1753832986/courses/vg4gi7nlekemzzqb8yqe.jpg,0,True,168,0,0,0,Beginner,0,"2016-12-20 22:39:30","Web Development"
2220,"First Web Application with Spring Boot",spring-boot-first-web-application,https://res.cloudinary.com/dj11e209p/image/upload/v1753832986/courses/vg4gi7nlekemzzqb8yqe.jpg,0,True,105,0,0,0,Beginner,0,"2017-01-27 16:45:13","Web Development"
2227,"Professional RESTful API Design using Python Flask",restful-api-flask-course,https://res.cloudinary.com/dj11e209p/image/upload/v1753832986/courses/vg4gi7nlekemzzqb8yqe.jpg,0,True,16,0,0,0,Intermediate,0,"2017-01-11 21:15:25","Web Development"
2228,"HTML5 APIs For JavaScript - A Course For Web Developers ",html5-apis-for-javascript-a-course-for-web-developers,https://res.cloudinary.com/dj11e209p/image/upload/v1753832986/courses/vg4gi7nlekemzzqb8yqe.jpg,0,True,66,0,0,0,Beginner,0,"2012-11-30 17:33:41","Web Development"
2230,"Comprehensive JavaScript Programming",comprehensive-javascript-programming,https://res.cloudinary.com/dj11e209p/image/upload/v1753832986/courses/vg4gi7nlekemzzqb8yqe.jpg,0,True,8,0,0,0,Beginner,0,"2013-11-26 23:59:20","Web Development"
2231,"Security for your WordPress site",security-for-your-wordpress-site,https://res.cloudinary.com/dj11e209p/image/upload/v1753832986/courses/vg4gi7nlekemzzqb8yqe.jpg,0,True,77,0,0,0,Beginner,0,"2017-02-09 03:23:24","Web Development"
2238,"Build Websites from Scratch with HTML & CSS",build-website-scratch,https://res.cloudinary.com/dj11e209p/image/upload/v1753832986/courses/vg4gi7nlekemzzqb8yqe.jpg,0,True,130,0,0,0,Beginner,0,"2013-09-25 15:59:09","Web Development"
2239,"PHP for Beginners -Become a PHP Master - Project Included",php-for-complete-beginners-includes-msql-object-oriented,https://res.cloudinary.com/dj11e209p/image/upload/v1753832986/courses/vg4gi7nlekemzzqb8yqe.jpg,0,True,159,0,0,0,Beginner,0,"2015-02-14 00:54:08","Web Development"
2241,"The Complete Ruby on Rails Developer Course",the-complete-ruby-on-rails-developer-course,https://res.cloudinary.com/dj11e209p/image/upload/v1753832986/courses/vg4gi7nlekemzzqb8yqe.jpg,0,True,29,0,0,0,Beginner,0,"2015-10-23 20:29:25","Web Development"
2242,"Docker Technologies for DevOps and Developers",docker-tutorial-for-devops-run-docker-containers,https://res.cloudinary.com/dj11e209p/image/upload/v1753832986/courses/vg4gi7nlekemzzqb8yqe.jpg,0,True,194,0,0,0,Beginner,0,"2016-08-29 19:02:30","Web Development"
2245,"AngularJS For .Net Developers From Scratch",angularjs-for-dotnet-developers-from-scratch,https://res.cloudinary.com/dj11e209p/image/upload/v1753832986/courses/vg4gi7nlekemzzqb8yqe.jpg,0,True,85,0,0,0,Intermediate,0,"2016-03-09 20:03:42","Web Development"
2246,"HTML and CSS BootCamp for Beginners",html-and-css-bootcamp-for-beginners,https://res.cloudinary.com/dj11e209p/image/upload/v1753832986/courses/vg4gi7nlekemzzqb8yqe.jpg,0,True,97,0,0,0,Beginner,0,"2017-01-20 22:20:41","Web Development"
2249,"Build WordPress Plugin to extend Beaver Builder",build-wordpress-plugin-to-extend-beaver-builder,https://res.cloudinary.com/dj11e209p/image/upload/v1753832986/courses/vg4gi7nlekemzzqb8yqe.jpg,0,True,106,0,0,0,Intermediate,0,"2016-07-04 23:13:45","Web Development"
2251,"Vue JS 2 - The Complete Guide (incl. Vue Router & Vuex)",vuejs-2-the-complete-guide,https://res.cloudinary.com/dj11e209p/image/upload/v1753832986/courses/vg4gi7nlekemzzqb8yqe.jpg,0,True,90,0,0,0,Beginner,0,"2016-11-08 18:55:21","Web Development"
2258,"ExpressJS Fundamentals",expressjs-fundamentals,https://res.cloudinary.com/dj11e209p/image/upload/v1753832986/courses/vg4gi7nlekemzzqb8yqe.jpg,0,True,166,0,0,0,Beginner,0,"2016-01-11 18:53:48","Web Development"
2259,"REST WCF Service in ASP.NET",rest-wcf-service-in-aspnet,https://res.cloudinary.com/dj11e209p/image/upload/v1753832986/courses/vg4gi7nlekemzzqb8yqe.jpg,0,True,161,0,0,0,Beginner,0,"2016-06-08 17:28:16","Web Development"
2260,"Projects in Node.js - Learn by Example",projects-in-nodejs,https://res.cloudinary.com/dj11e209p/image/upload/v1753832986/courses/vg4gi7nlekemzzqb8yqe.jpg,0,True,133,0,0,0,Beginner,0,"2016-04-24 18:29:26","Web Development"
2261,"Building Data Visualizations with D3 and Angular 2",building-data-visualizations-with-d3-and-angular-2,https://res.cloudinary.com/dj11e209p/image/upload/v1753832986/courses/vg4gi7nlekemzzqb8yqe.jpg,0,True,74,0,0,0,Beginner,0,"2017-02-23 14:19:16","Web Development"
2263,"Learn Spring Framework Practically - Hands On Recipies",learn-spring-framework-practically-hands-on-recipies,https://res.cloudinary.com/dj11e209p/image/upload/v1753832986/courses/vg4gi7nlekemzzqb8yqe.jpg,0,True,190,0,0,0,Beginner,0,"2016-08-11 05:58:08","Web Development"
2270,"Advanced React and Redux",react-redux-tutorial,https://res.cloudinary.com/dj11e209p/image/upload/v1753832986/courses/vg4gi7nlekemzzqb8yqe.jpg,0,True,197,0,0,0,Intermediate,0,"2016-03-12 22:13:46","Web Development"
2272,"Angular Styling & Animations (for Angular 2 and Angular 4)",angular-styling-animations-for-angular-2-and-angular-4,https://res.cloudinary.com/dj11e209p/image/upload/v1753832986/courses/vg4gi7nlekemzzqb8yqe.jpg,0,True,95,0,0,0,Intermediate,0,"2017-03-28 00:01:39","Web Development"
2273,"The Complete ASP.NET MVC 5 Course",the-complete-aspnet-mvc-5-course,https://res.cloudinary.com/dj11e209p/image/upload/v1753832986/courses/vg4gi7nlekemzzqb8yqe.jpg,0,True,76,0,0,0,Beginner,0,"2016-05-16 17:04:54","Web Development"
2274,"Create a Simple Photo Gallery with Dropzonejs, Slick and PHP",create-a-simple-photo-gallery-with-dropzonejs-slick-and-php,https://res.cloudinary.com/dj11e209p/image/upload/v1753832986/courses/vg4gi7nlekemzzqb8yqe.jpg,0,True,162,0,0,0,Beginner,0,"2017-03-07 15:40:37","Web Development"
2275,"WordPress in under an hour - Createmanage your own website!",learn-wordpress-in-57-minutes,https://res.cloudinary.com/dj11e209p/image/upload/v1753832986/courses/vg4gi7nlekemzzqb8yqe.jpg,0,True,35,0,0,0,Beginner,0,"2015-07-15 00:21:56","Web Development"
2280,"PSD to HTML5CSS3 using Twitter Bootstrap 3! ",psd-to-html5css3-using-twitter-bootstrap-3,https://res.cloudinary.com/dj11e209p/image/upload/v1753832986/courses/vg4gi7nlekemzzqb8yqe.jpg,0,True,70,0,0,0,Beginner,0,"2015-02-25 21:35:25","Web Development"
2283,"Big Data and Apache Hadoop for Developers - Fundamentals",learn-big-data-and-apache-hadoop-for-developers-online,https://res.cloudinary.com/dj11e209p/image/upload/v1753832986/courses/vg4gi7nlekemzzqb8yqe.jpg,0,True,125,0,0,0,Intermediate,0,"2013-12-10 09:14:57","Web Development"
2284,"RESTful Services with ASP.NET Web API",restful-services-with-aspnet-web-api,https://res.cloudinary.com/dj11e209p/image/upload/v1753832986/courses/vg4gi7nlekemzzqb8yqe.jpg,0,True,161,0,0,0,Beginner,0,"2014-11-21 10:28:47","Web Development"
2286,"Administering Microsoft SQL Server 2012 Databases - 70-462",administering-microsoft-sql-server-2012-databases-70-462,https://res.cloudinary.com/dj11e209p/image/upload/v1753832986/courses/vg4gi7nlekemzzqb8yqe.jpg,0,True,25,0,0,0,Beginner,0,"2015-03-23 00:20:29","Web Development"
2304,"HTML and CSS for Absolute Beginners",html-and-css-for-absolute-beginners-with-examples,https://res.cloudinary.com/dj11e209p/image/upload/v1753832986/courses/vg4gi7nlekemzzqb8yqe.jpg,0,True,139,0,0,0,Beginner,0,"2017-01-20 17:02:27","Web Development"
2310,"Introduction to Modern Programming with PHP",introduction-to-modern-programming-with-php,https://res.cloudinary.com/dj11e209p/image/upload/v1753832986/courses/vg4gi7nlekemzzqb8yqe.jpg,0,True,68,0,0,0,Beginner,0,"2015-08-27 19:20:42","Web Development"
2312,"Create WordPress Plugins",create-wordpress-plugins,https://res.cloudinary.com/dj11e209p/image/upload/v1753832986/courses/vg4gi7nlekemzzqb8yqe.jpg,0,True,91,0,0,0,Beginner,0,"2016-04-08 21:24:12","Web Development"
2313,"Build and Deploy a LAMP server on AWS",build-and-deploy-a-lamp-server-on-aws,https://res.cloudinary.com/dj11e209p/image/upload/v1753832986/courses/vg4gi7nlekemzzqb8yqe.jpg,0,True,132,0,0,0,Beginner,0,"2017-06-19 23:33:54","Web Development"
2316,"How To Build And Make A Wordpress Website From Scratch 2017",how-to-build-and-make-a-wordpress-website-from-scratch-2017,https://res.cloudinary.com/dj11e209p/image/upload/v1753832986/courses/vg4gi7nlekemzzqb8yqe.jpg,0,True,2,0,0,0,Beginner,0,"2017-01-24 04:59:20","Web Development"
2318,"Angular Material - Quickstart",styling-angular-applications-with-angular-material,https://res.cloudinary.com/dj11e209p/image/upload/v1753832986/courses/vg4gi7nlekemzzqb8yqe.jpg,0,True,84,0,0,0,Beginner,0,"2017-03-09 22:12:32","Web Development"
2319,"HTML and CSS for Beginners - Build a Website & Launch ONLINE",html-and-css-for-beginners-crash-course-learn-fast-easy,https://res.cloudinary.com/dj11e209p/image/upload/v1753832986/courses/vg4gi7nlekemzzqb8yqe.jpg,0,True,187,0,0,0,Beginner,0,"2015-03-19 19:07:12","Web Development"
2326,"Bootstrap Tutorial for Beginners",bootstrap-tutorial-for-beginners,https://res.cloudinary.com/dj11e209p/image/upload/v1753832986/courses/vg4gi7nlekemzzqb8yqe.jpg,0,True,182,0,0,0,Beginner,0,"2016-02-21 16:50:57","Web Development"
2332,"Python Web Programming",python-web-programming,https://res.cloudinary.com/dj11e209p/image/upload/v1753832986/courses/vg4gi7nlekemzzqb8yqe.jpg,0,True,58,0,0,0,Beginner,0,"2015-07-01 21:46:36","Web Development"
2333,"Build a Complete Registration and Login System using PHP MVC",php-mvc-login,https://res.cloudinary.com/dj11e209p/image/upload/v1753832986/courses/vg4gi7nlekemzzqb8yqe.jpg,0,True,114,0,0,0,Beginner,0,"2017-02-23 22:20:23","Web Development"
2335,"React for visual learners",react-for-visual-learners,https://res.cloudinary.com/dj11e209p/image/upload/v1753832986/courses/vg4gi7nlekemzzqb8yqe.jpg,0,True,28,0,0,0,Beginner,0,"2016-07-18 21:41:36","Web Development"
2337,"Master the Art of Web Design with HTML & CSS",html-css-beginners,https://res.cloudinary.com/dj11e209p/image/upload/v1753832986/courses/vg4gi7nlekemzzqb8yqe.jpg,0,True,32,0,0,0,Beginner,0,"2016-12-28 20:23:56","Web Development"
2338,"Sell Courses On Your Own Website - No Coding Required!",sell-courses-on-your-own-website-no-coding-required,https://res.cloudinary.com/dj11e209p/image/upload/v1753832986/courses/vg4gi7nlekemzzqb8yqe.jpg,0,True,199,0,0,0,Beginner,0,"2016-04-18 17:36:30","Web Development"
2346,"Become a Certified Web Developer - Beginner to Expert",jquery101,https://res.cloudinary.com/dj11e209p/image/upload/v1753832986/courses/vg4gi7nlekemzzqb8yqe.jpg,0,True,78,0,0,0,Beginner,0,"2015-04-06 16:38:49","Web Development"
2347,"Complete Bootstrap 4 course - build 3 projects",bootstrap-4-tutorials,https://res.cloudinary.com/dj11e209p/image/upload/v1753832986/courses/vg4gi7nlekemzzqb8yqe.jpg,0,True,64,0,0,0,Beginner,0,"2017-04-07 17:26:02","Web Development"
2351,"PSD To a Creative Landing Page Using Twitter Bootstrap 3",psd-to-responsive-html5-css3-with-bootstrap-3,https://res.cloudinary.com/dj11e209p/image/upload/v1753832986/courses/vg4gi7nlekemzzqb8yqe.jpg,0,True,115,0,0,0,Beginner,0,"2016-04-07 00:04:27","Web Development"
2353,"AngularJS For Beginners",angularjs-for-beginners-udemy,https://res.cloudinary.com/dj11e209p/image/upload/v1753832986/courses/vg4gi7nlekemzzqb8yqe.jpg,0,True,131,0,0,0,Beginner,0,"2015-06-30 20:28:22","Web Development"
2354,"Set up a localhost Web Server for Faster Website Development",localhost-web-server,https://res.cloudinary.com/dj11e209p/image/upload/v1753832986/courses/vg4gi7nlekemzzqb8yqe.jpg,0,True,192,0,0,0,Beginner,0,"2017-06-12 15:12:19","Web Development"
2356,"Build a file hostingsharing site in less than 2 hours ",build-a-file-hosting-site-in-less-than-2-hours,https://res.cloudinary.com/dj11e209p/image/upload/v1753832986/courses/vg4gi7nlekemzzqb8yqe.jpg,0,True,112,0,0,0,Beginner,0,"2014-07-14 18:43:39","Web Development"
2360,"PHP For WordPress Development",php-for-wordpress-development,https://res.cloudinary.com/dj11e209p/image/upload/v1753832986/courses/vg4gi7nlekemzzqb8yqe.jpg,0,True,11,0,0,0,Beginner,0,"2016-04-12 18:00:47","Web Development"
2362,"How to Build an Autocomplete System Like Google",how-to-build-an-autocomplete-system-using-javascript-and-php,https://res.cloudinary.com/dj11e209p/image/upload/v1753832986/courses/vg4gi7nlekemzzqb8yqe.jpg,0,True,183,0,0,0,Beginner,0,"2016-10-12 23:24:28","Web Development"
2364,"Learn Top Ten PHP FrameWorks By Building Projects",learn-top-ten-php-frameworks-by-building-projects,https://res.cloudinary.com/dj11e209p/image/upload/v1753832986/courses/vg4gi7nlekemzzqb8yqe.jpg,0,True,91,0,0,0,Beginner,0,"2016-01-27 18:05:12","Web Development"
2365,"How to Make a Video Blog Website From Scratch w Wordpress ",how-to-make-a-video-blog-website,https://res.cloudinary.com/dj11e209p/image/upload/v1753832986/courses/vg4gi7nlekemzzqb8yqe.jpg,0,True,168,0,0,0,Beginner,0,"2015-10-21 23:31:22","Web Development"
2366,"Build Websites And Apps By Outsourcing",outsourcing-development-work,https://res.cloudinary.com/dj11e209p/image/upload/v1753832986/courses/vg4gi7nlekemzzqb8yqe.jpg,0,True,112,0,0,0,Beginner,0,"2015-07-20 22:16:39","Web Development"
2367,"Learn Ruby on Rails By Building Projects",learn-ruby-on-rails-building-projects,https://res.cloudinary.com/dj11e209p/image/upload/v1753832986/courses/vg4gi7nlekemzzqb8yqe.jpg,0,True,164,0,0,0,Beginner,0,"2014-11-12 09:33:28","Web Development"
2368,"Canvas image Creator HTML5 JavaScript project from Scratch",canvas-image-maker-html5-javascript-project-from-scratch,https://res.cloudinary.com/dj11e209p/image/upload/v1753832986/courses/vg4gi7nlekemzzqb8yqe.jpg,0,True,116,0,0,0,Intermediate,0,"2016-03-06 21:41:43","Web Development"
2369,"Javascript Essentials",javascript-essentials,https://res.cloudinary.com/dj11e209p/image/upload/v1753832986/courses/vg4gi7nlekemzzqb8yqe.jpg,0,True,143,0,0,0,Beginner,0,"2016-01-20 19:08:27","Web Development"
2370,"Learn how to quickly build websites using Wordpress",learn-how-to-quickly-build-websites-using-wordpress,https://res.cloudinary.com/dj11e209p/image/upload/v1753832986/courses/vg4gi7nlekemzzqb8yqe.jpg,0,True,51,0,0,0,Beginner,0,"2014-12-18 12:50:07","Web Development"
2375,"Learn Rails Programming in Less than 2 Hours",learn-rails-programming-in-less-than-2-hours,https://res.cloudinary.com/dj11e209p/image/upload/v1753832986/courses/vg4gi7nlekemzzqb8yqe.jpg,0,True,79,0,0,0,Beginner,0,"2015-09-23 02:21:50","Web Development"
2376,"Wordpress Backup & Restore",wordpress-backup-restore,https://res.cloudinary.com/dj11e209p/image/upload/v1753832986/courses/vg4gi7nlekemzzqb8yqe.jpg,0,True,47,0,0,0,Beginner,0,"2016-09-15 17:20:21","Web Development"
2378,"Build Modern Websites Super Fast",build-modern-websites-in-1-hour,https://res.cloudinary.com/dj11e209p/image/upload/v1753832986/courses/vg4gi7nlekemzzqb8yqe.jpg,0,True,113,0,0,0,Beginner,0,"2016-03-10 00:04:59","Web Development"
2385,"Core HTML How to get online quickly HTML to HTML5 ",web-development-introduction-html-html5-course,https://res.cloudinary.com/dj11e209p/image/upload/v1753832986/courses/vg4gi7nlekemzzqb8yqe.jpg,0,True,190,0,0,0,Beginner,0,"2015-08-21 18:53:23","Web Development"
2386,"Building Websites JavaScript and the DOM",building-websites-learn-javascript-and-the-dom,https://res.cloudinary.com/dj11e209p/image/upload/v1753832986/courses/vg4gi7nlekemzzqb8yqe.jpg,0,True,19,0,0,0,Beginner,0,"2016-09-26 14:48:26","Web Development"
2388,"The Complete E-Commerce Web Developer Course 5.0",e-commerce-web-developer-course,https://res.cloudinary.com/dj11e209p/image/upload/v1753832986/courses/vg4gi7nlekemzzqb8yqe.jpg,0,True,49,0,0,0,Beginner,0,"2016-09-13 16:12:58","Web Development"
2393,"Mastering Web and Mobile Debugging Using Chrome Dev Tools",mastering-web-and-mobile-debugging-using-chrome-dev-tools,https://res.cloudinary.com/dj11e209p/image/upload/v1753832986/courses/vg4gi7nlekemzzqb8yqe.jpg,0,True,78,0,0,0,Beginner,0,"2016-01-29 21:02:49","Web Development"
2399,"XML XSLT - Crash Course for Beginners",xml-xslt-crash-course-for-beginners,https://res.cloudinary.com/dj11e209p/image/upload/v1753832986/courses/vg4gi7nlekemzzqb8yqe.jpg,0,True,186,0,0,0,Beginner,0,"2017-02-19 18:11:07","Web Development"
2400,"Create Your Own Successful Online School To Sell Courses",create-an-online-school-website-with-joomla,https://res.cloudinary.com/dj11e209p/image/upload/v1753832986/courses/vg4gi7nlekemzzqb8yqe.jpg,0,True,41,0,0,0,Beginner,0,"2014-11-18 04:02:55","Web Development"
2402,"Ruby on Rails a Beginners Guide ",ruby-on-rails-a-beginners-guide-free,https://res.cloudinary.com/dj11e209p/image/upload/v1753832986/courses/vg4gi7nlekemzzqb8yqe.jpg,0,True,98,0,0,0,Beginner,0,"2016-03-18 14:58:53","Web Development"
2404,"Create a Website Similar to Facebook from Scratch!",clone-facebook,https://res.cloudinary.com/dj11e209p/image/upload/v1753832986/courses/vg4gi7nlekemzzqb8yqe.jpg,0,True,18,0,0,0,Beginner,0,"2016-02-09 06:15:07","Web Development"
2406,"Essential HTML, CSS & HTML5 Training",essential-html-css-html5-training,https://res.cloudinary.com/dj11e209p/image/upload/v1753832986/courses/vg4gi7nlekemzzqb8yqe.jpg,0,True,129,0,0,0,Beginner,0,"2015-04-12 22:20:58","Web Development"
2409,"WordPress Plugins Treasure Chest",best-wordpress-plugins-treasure-chest,https://res.cloudinary.com/dj11e209p/image/upload/v1753832986/courses/vg4gi7nlekemzzqb8yqe.jpg,0,True,32,0,0,0,Intermediate,0,"2015-08-06 21:01:21","Web Development"
2427,"PHP - Send and Receive Mobile Text Messages (SMS)",php-send-and-receive-mobile-text-messages-sms,https://res.cloudinary.com/dj11e209p/image/upload/v1753832986/courses/vg4gi7nlekemzzqb8yqe.jpg,0,True,88,0,0,0,Beginner,0,"2016-06-15 23:04:19","Web Development"
2431,"Learn to Use jQuery UI Widgets",learn-to-use-jquery-ui-widgets,https://res.cloudinary.com/dj11e209p/image/upload/v1753832986/courses/vg4gi7nlekemzzqb8yqe.jpg,0,True,33,0,0,0,Beginner,0,"2013-06-23 02:38:19","Web Development"
2436,"Learning CSS3 - A Comprehensive Tutorial For Web Developers",learning-css3,https://res.cloudinary.com/dj11e209p/image/upload/v1753832986/courses/vg4gi7nlekemzzqb8yqe.jpg,0,True,145,0,0,0,Beginner,0,"2012-05-24 21:14:57","Web Development"
2437,"Professional WordPress Theme Development from Scratch",photoshop-psd-to-wordpress-theme-development-from-scratch,https://res.cloudinary.com/dj11e209p/image/upload/v1753832986/courses/vg4gi7nlekemzzqb8yqe.jpg,0,True,149,0,0,0,Beginner,0,"2015-10-13 00:41:30","Web Development"
2443,"Introducing Ionic 2",introducing-ionic-2,https://res.cloudinary.com/dj11e209p/image/upload/v1753832986/courses/vg4gi7nlekemzzqb8yqe.jpg,0,True,75,0,0,0,Beginner,0,"2016-02-08 20:43:47","Web Development"
2446,"Introduction to PHP Slim Microframework",introduction-to-php-slim-microframework,https://res.cloudinary.com/dj11e209p/image/upload/v1753832986/courses/vg4gi7nlekemzzqb8yqe.jpg,0,True,56,0,0,0,Intermediate,0,"2015-08-07 16:53:35","Web Development"
2447,"WordPress Development With NodeJS, Gulp, Composer & More",wordpress-development-with-nodejs-gulpjs-composer-sass-more,https://res.cloudinary.com/dj11e209p/image/upload/v1753832986/courses/vg4gi7nlekemzzqb8yqe.jpg,0,True,21,0,0,0,Intermediate,0,"2016-10-25 13:47:26","Web Development"
2449,"Learn JSON for beginners with JavaScript",json-javascript-course,https://res.cloudinary.com/dj11e209p/image/upload/v1753832986/courses/vg4gi7nlekemzzqb8yqe.jpg,0,True,168,0,0,0,Beginner,0,"2017-06-30 17:40:02","Web Development"
2450,"Ultimate guide to Social Media Web development integration ",ultimate-guide-to-social-media-web-development-integration,https://res.cloudinary.com/dj11e209p/image/upload/v1753832986/courses/vg4gi7nlekemzzqb8yqe.jpg,0,True,40,0,0,0,Beginner,0,"2015-09-20 18:13:38","Web Development"
2457,"All in one HTML CSS and JQuery",all-in-one-html-css-and-jquery,https://res.cloudinary.com/dj11e209p/image/upload/v1753832986/courses/vg4gi7nlekemzzqb8yqe.jpg,0,True,9,0,0,0,Beginner,0,"2017-01-27 22:27:20","Web Development"
2463,"How to create Paypal and Credit card Payment Buttons",how-to-create-paypal-and-credit-card-payment-buttons,https://res.cloudinary.com/dj11e209p/image/upload/v1753832986/courses/vg4gi7nlekemzzqb8yqe.jpg,0,True,62,0,0,0,Beginner,0,"2016-11-17 20:57:25","Web Development"
2464,"Customizr - Learn WordPress with the ultimate creative theme",wpcustomizrcourse,https://res.cloudinary.com/dj11e209p/image/upload/v1753832986/courses/vg4gi7nlekemzzqb8yqe.jpg,0,True,87,0,0,0,Beginner,0,"2016-05-05 19:08:34","Web Development"
2468,"Learn to Make an Animated Image Gallery using HTML5",learn-to-make-an-animated-image-gallery-using-html5,https://res.cloudinary.com/dj11e209p/image/upload/v1753832986/courses/vg4gi7nlekemzzqb8yqe.jpg,0,True,20,0,0,0,Beginner,0,"2014-11-20 11:37:05","Web Development"
2469,"Projects in Foundation Framework - Learn By Building 10 Apps",foundation-framework-course,https://res.cloudinary.com/dj11e209p/image/upload/v1753832986/courses/vg4gi7nlekemzzqb8yqe.jpg,0,True,18,0,0,0,Beginner,0,"2015-07-27 20:56:27","Web Development"
2471,"Foundations of Front-End Web Development",foundations-of-front-end-development,https://res.cloudinary.com/dj11e209p/image/upload/v1753832986/courses/vg4gi7nlekemzzqb8yqe.jpg,0,True,25,0,0,0,Beginner,0,"2014-12-12 21:47:15","Web Development"
2475,"Building Web Applications with Spring MVC",building-web-applications-with-spring-mvc,https://res.cloudinary.com/dj11e209p/image/upload/v1753832986/courses/vg4gi7nlekemzzqb8yqe.jpg,0,True,124,0,0,0,Beginner,0,"2014-12-09 13:34:19","Web Development"
2478,"Master Angular 2 - The No Nonsense Course",angular-2-tutorial,https://res.cloudinary.com/dj11e209p/image/upload/v1753832986/courses/vg4gi7nlekemzzqb8yqe.jpg,0,True,185,0,0,0,Beginner,0,"2016-11-24 04:06:21","Web Development"
2481,"Ultimate JavaScript Strings",js-strings,https://res.cloudinary.com/dj11e209p/image/upload/v1753832986/courses/vg4gi7nlekemzzqb8yqe.jpg,0,True,129,0,0,0,Beginner,0,"2016-07-29 12:53:13","Web Development"
2486,"Learning Axure RP",learning-axure-rp,https://res.cloudinary.com/dj11e209p/image/upload/v1753832986/courses/vg4gi7nlekemzzqb8yqe.jpg,0,True,36,0,0,0,Beginner,0,"2015-04-08 19:29:35","Web Development"
2488,"Kids Coding -Introduction to HTML, CSS and JavaScript",kids-coding-introduction-to-html-css-and-javascript,https://res.cloudinary.com/dj11e209p/image/upload/v1753832986/courses/vg4gi7nlekemzzqb8yqe.jpg,0,True,15,0,0,0,Beginner,0,"2012-11-26 20:00:40","Web Development"
2493,"Build a Chatbot integrated Website using Bootstrap 4",build-a-chatbot-integrated-website-using-bootstrap-4,https://res.cloudinary.com/dj11e209p/image/upload/v1753832986/courses/vg4gi7nlekemzzqb8yqe.jpg,0,True,177,0,0,0,Beginner,0,"2017-04-28 16:54:20","Web Development"
2495,"PSD to Bootstrap 3 for Beginners using HTML & CSS",psd-to-bootstrap,https://res.cloudinary.com/dj11e209p/image/upload/v1753832986/courses/vg4gi7nlekemzzqb8yqe.jpg,0,True,139,0,0,0,Beginner,0,"2015-11-03 21:03:34","Web Development"
2496,"Build Advanced Responsive Websites with Foundation 6 & SASS",foundation-5-sass-learn-by-building-a-complete-website,https://res.cloudinary.com/dj11e209p/image/upload/v1753832986/courses/vg4gi7nlekemzzqb8yqe.jpg,0,True,170,0,0,0,Beginner,0,"2015-07-08 22:31:50","Web Development"
2502,"Bootstrap Bootcamp - Responsive web development- 8 projects",bootstrap-bootcamp-with-projects,https://res.cloudinary.com/dj11e209p/image/upload/v1753832986/courses/vg4gi7nlekemzzqb8yqe.jpg,0,True,48,0,0,0,Beginner,0,"2016-12-12 00:23:57","Web Development"
2508,"JavaScript project Learn to create a memory Game and more",javascript-project-learn-to-create-a-memory-game-and-more,https://res.cloudinary.com/dj11e209p/image/upload/v1753832986/courses/vg4gi7nlekemzzqb8yqe.jpg,0,True,49,0,0,0,Beginner,0,"2015-10-02 17:26:20","Web Development"
2509,"The Complete JavaScript Bootcamp",the-complete-javascript-bootcamp,https://res.cloudinary.com/dj11e209p/image/upload/v1753832986/courses/vg4gi7nlekemzzqb8yqe.jpg,0,True,129,0,0,0,Beginner,0,"2016-06-20 16:56:06","Web Development"
2510,"JavaScript for Absolute Beginners",javascript-for-absolute-beginners,https://res.cloudinary.com/dj11e209p/image/upload/v1753832986/courses/vg4gi7nlekemzzqb8yqe.jpg,0,True,81,0,0,0,Beginner,0,"2014-01-21 03:56:12","Web Development"
2514,"Google Blogger Course",free-blogger-course,https://res.cloudinary.com/dj11e209p/image/upload/v1753832986/courses/vg4gi7nlekemzzqb8yqe.jpg,0,True,6,0,0,0,Intermediate,0,"2017-05-05 16:32:38","Web Development"
2515,"Ajax in JavaScript and JQuery, with PHP - Creating Chat App",ajax-in-javascript-and-jquery-with-php,https://res.cloudinary.com/dj11e209p/image/upload/v1753832986/courses/vg4gi7nlekemzzqb8yqe.jpg,0,True,132,0,0,0,Beginner,0,"2015-07-27 20:23:28","Web Development"
2518,"Build Powerful Websites & Blogs using WordPress - No Coding",powerful-websites-blogs-using-wordpress-no-coding,https://res.cloudinary.com/dj11e209p/image/upload/v1753832986/courses/vg4gi7nlekemzzqb8yqe.jpg,0,True,131,0,0,0,Beginner,0,"2016-04-04 17:54:52","Web Development"
2522,"Display and analyze GIS data on the web with Leaflet.js",display-and-analyze-gis-data-on-the-web,https://res.cloudinary.com/dj11e209p/image/upload/v1753832986/courses/vg4gi7nlekemzzqb8yqe.jpg,0,True,177,0,0,0,Intermediate,0,"2017-06-15 21:17:43","Web Development"
2524,"Responsive Web Design with HTML5 and CSS3 - Introduction",responsive-web-design-with-html5-and-css3-introduction,https://res.cloudinary.com/dj11e209p/image/upload/v1753832986/courses/vg4gi7nlekemzzqb8yqe.jpg,0,True,138,0,0,0,Beginner,0,"2014-01-28 00:45:04","Web Development"
2525,"Angularjs-WebApi2-EFCodeFirst Web App On 3-Tier Architecture",angularjs-webapi2-efcodefirst-web-app-on-3-tier-architecture,https://res.cloudinary.com/dj11e209p/image/upload/v1753832986/courses/vg4gi7nlekemzzqb8yqe.jpg,0,True,41,0,0,0,Intermediate,0,"2017-01-16 21:52:59","Web Development"
2526,"Creating User Authentication System in CodeIgniter",codeigniter-user-authentication-system,https://res.cloudinary.com/dj11e209p/image/upload/v1753832986/courses/vg4gi7nlekemzzqb8yqe.jpg,0,True,163,0,0,0,Beginner,0,"2016-12-22 12:44:26","Web Development"
2527,"How to easily Manage your WordPress Website",manage-wordpress-website,https://res.cloudinary.com/dj11e209p/image/upload/v1753832986/courses/vg4gi7nlekemzzqb8yqe.jpg,0,True,157,0,0,0,Beginner,0,"2014-02-20 17:28:42","Web Development"
2529,"Automate Web Development With Gulp JS",learn-gulp,https://res.cloudinary.com/dj11e209p/image/upload/v1753832986/courses/vg4gi7nlekemzzqb8yqe.jpg,0,True,164,0,0,0,Beginner,0,"2014-08-23 20:11:57","Web Development"
2531,"Become Exceptional in HTML and HTML5",become-exceptional-in-html-html5,https://res.cloudinary.com/dj11e209p/image/upload/v1753832986/courses/vg4gi7nlekemzzqb8yqe.jpg,0,True,5,0,0,0,Beginner,0,"2014-03-21 08:58:42","Web Development"
2533,"WordPress Plugin Development for 2017 - Build 14 Plugins",advanced-wordpress-development-take-control-of-the-back-end,https://res.cloudinary.com/dj11e209p/image/upload/v1753832986/courses/vg4gi7nlekemzzqb8yqe.jpg,0,True,106,0,0,0,Beginner,0,"2015-08-11 20:52:21","Web Development"
2538,"Login and Registration from Scratch with PHP and MySQL",authentication-from-scratch-with-php-and-mysql,https://res.cloudinary.com/dj11e209p/image/upload/v1753832986/courses/vg4gi7nlekemzzqb8yqe.jpg,0,True,83,0,0,0,Intermediate,0,"2012-10-24 09:54:08","Web Development"
2541,"Core Concepts in HTML 5",core-concepts-in-html-5,https://res.cloudinary.com/dj11e209p/image/upload/v1753832986/courses/vg4gi7nlekemzzqb8yqe.jpg,0,True,174,0,0,0,Beginner,0,"2014-07-30 22:16:40","Web Development"
2543,"Learn Facebook Flux Architecture for Web Applications",learn-facebook-flux-architecture-for-web-applications,https://res.cloudinary.com/dj11e209p/image/upload/v1753832986/courses/vg4gi7nlekemzzqb8yqe.jpg,0,True,66,0,0,0,Beginner,0,"2015-11-05 21:16:07","Web Development"
2544,"Create free, fast and secure static website",create-free-fast-and-secure-static-website,https://res.cloudinary.com/dj11e209p/image/upload/v1753832986/courses/vg4gi7nlekemzzqb8yqe.jpg,0,True,84,0,0,0,Beginner,0,"2016-07-21 15:30:23","Web Development"
2545,"Object Orientation in PHP",object-orientation,https://res.cloudinary.com/dj11e209p/image/upload/v1753832986/courses/vg4gi7nlekemzzqb8yqe.jpg,0,True,106,0,0,0,Beginner,0,"2016-02-29 22:40:52","Web Development"
2547,"Querying Microsoft SQL Server 2012 - (Exam No. 70-461)",querying-sql-server-2012-70-461,https://res.cloudinary.com/dj11e209p/image/upload/v1753832986/courses/vg4gi7nlekemzzqb8yqe.jpg,0,True,15,0,0,0,Beginner,0,"2015-03-12 21:20:41","Web Development"
2548,"Modern E-Commerce Store In php & mysqli With Bootstrap",modern-e-commerce-store-in-php-mysqli-with-bootstrap,https://res.cloudinary.com/dj11e209p/image/upload/v1753832986/courses/vg4gi7nlekemzzqb8yqe.jpg,0,True,161,0,0,0,Beginner,0,"2016-12-09 16:18:49","Web Development"
2550,"Introduction to Node.js Development",refactoru-intro-nodejs,https://res.cloudinary.com/dj11e209p/image/upload/v1753832986/courses/vg4gi7nlekemzzqb8yqe.jpg,0,True,162,0,0,0,Advanced,0,"2014-08-28 03:28:55","Web Development"
2553,"HTMLCSS Bootcamp",html-css-code-bootcamp,https://res.cloudinary.com/dj11e209p/image/upload/v1753832986/courses/vg4gi7nlekemzzqb8yqe.jpg,0,True,133,0,0,0,Beginner,0,"2016-10-18 15:11:13","Web Development"
2559,"Simplified Cross Browser Web Testing Using VirtualBox",cross-browser-web-testing-virtualbox,https://res.cloudinary.com/dj11e209p/image/upload/v1753832986/courses/vg4gi7nlekemzzqb8yqe.jpg,0,True,165,0,0,0,Beginner,0,"2016-09-13 00:45:39","Web Development"
2560,"How to Install WordPress From Scratch",install-wordpress,https://res.cloudinary.com/dj11e209p/image/upload/v1753832986/courses/vg4gi7nlekemzzqb8yqe.jpg,0,True,100,0,0,0,Beginner,0,"2014-07-19 23:03:39","Web Development"
2562,"Learn Effective HTML in No Time!",learn-effective-html-in-no-time,https://res.cloudinary.com/dj11e209p/image/upload/v1753832986/courses/vg4gi7nlekemzzqb8yqe.jpg,0,True,20,0,0,0,Beginner,0,"2015-10-12 21:38:50","Web Development"
2564,"create a search engine for your website!",create-a-simple-php-mysql-search-engine,https://res.cloudinary.com/dj11e209p/image/upload/v1753832986/courses/vg4gi7nlekemzzqb8yqe.jpg,0,True,40,0,0,0,Intermediate,0,"2014-07-17 18:28:04","Web Development"
2566,"JavaScript from Scratch for Very Beginners",javascript-basics-for-begginers,https://res.cloudinary.com/dj11e209p/image/upload/v1753832986/courses/vg4gi7nlekemzzqb8yqe.jpg,0,True,118,0,0,0,Beginner,0,"2014-12-22 10:08:19","Web Development"
2573,"Learn Bootstrap 4 The Most Popular HTML5 CSS3 & JS Framework",learn-bootstrap-4-the-most-popular-html5-css3-js-framework,https://res.cloudinary.com/dj11e209p/image/upload/v1753832986/courses/vg4gi7nlekemzzqb8yqe.jpg,0,True,183,0,0,0,Beginner,0,"2017-04-25 00:57:35","Web Development"
2580,"Build Wordpress CMS Clone with Laravel 5",build-blog-cms-with-laravel-5,https://res.cloudinary.com/dj11e209p/image/upload/v1753832986/courses/vg4gi7nlekemzzqb8yqe.jpg,0,True,5,0,0,0,Beginner,0,"2016-12-19 22:00:20","Web Development"
2582,"Beginner Photoshop to HTML5 and CSS3",psd-html5-css3,https://res.cloudinary.com/dj11e209p/image/upload/v1753832986/courses/vg4gi7nlekemzzqb8yqe.jpg,0,True,107,0,0,0,Beginner,0,"2012-07-27 12:54:57","Web Development"
2585,"Building Better APIs with GraphQL",building-better-apis-with-graphql,https://res.cloudinary.com/dj11e209p/image/upload/v1753832986/courses/vg4gi7nlekemzzqb8yqe.jpg,0,True,10,0,0,0,Beginner,0,"2015-11-29 22:02:02","Web Development"
2586,"Learn jQuery from Scratch - Master of JavaScript library",easy-jquery-for-beginner-learn-from-scratch-step-by-step,https://res.cloudinary.com/dj11e209p/image/upload/v1753832986/courses/vg4gi7nlekemzzqb8yqe.jpg,0,True,39,0,0,0,Beginner,0,"2016-06-14 17:36:46","Web Development"
3200,"Complete GST Course",qwe,qwe,2,False,0,0,0,0,Beginner,0,,"Business Finance"
