course_id,course_title,url,is_paid,price,num_subscribers,num_reviews,num_lectures,level,content_duration,published_timestamp,subject
1,"Ultimate Investment Banking Course",ultimate-investment-banking-course,True,18,50,24,3,Beginner,67,"2017-01-18 20:58:58","Business Finance"
2,"Complete GST Course & Certification - Grow Your CA Practice",goods-and-services-tax,True,46,38,15,3,Beginner,37,"2017-03-09 16:34:20","Business Finance"
3,"Financial Modeling for Business Analysts and Consultants",financial-modeling-for-business-analysts-and-consultants,True,5,28,15,3,Intermediate,60,"2016-12-19 19:26:30","Business Finance"
4,"Beginner to Pro - Financial Analysis in Excel 2017",complete-excel-finance-course-from-beginner-to-pro,True,198,24,13,3,Beginner,39,"2017-05-30 20:07:24","Business Finance"
5,"How To Maximize Your Profits Trading Options",how-to-maximize-your-profits-trading-options,True,128,14,6,3,Intermediate,54,"2016-12-13 14:57:18","Business Finance"
6,"Trading Stock Chart Patterns For Immediate, Explosive Gains",trading-chart-patterns-for-immediate-explosive-gains,True,126,0,0,3,Beginner,23,"2015-01-30 22:13:03","Business Finance"
7,"The Only Investment Strategy You Need For Your Retirement",the-only-investment-strategy-you-need-for-your-retirement,True,179,0,0,3,Beginner,58,"2017-04-18 18:13:32","Business Finance"
8,"Trading Options With Money Flow",trading-options-using-money-flow,True,123,0,0,3,Beginner,54,"2016-10-18 22:52:31","Business Finance"
9,"Financial Management Risk and Return For Securities",risk-and-return-finance,True,76,0,0,3,Beginner,46,"2016-02-03 18:04:01","Business Finance"
10,"7 Deadly Mistakes of Investing that Will Slash Your Profits!",7-deadly-mistakes-of-investing,True,175,0,0,3,Beginner,79,"2015-09-21 18:10:34","Business Finance"
11,"Financial Statements Made Easy",intro-to-financial-statements-for-entrepreneurs,True,200,0,0,3,Beginner,43,"2013-06-09 00:21:26","Business Finance"
12,"Winning Forex Trading with Live Forex Trading Examples",forexmacross,True,16,0,0,3,Beginner,75,"2017-06-06 02:54:04","Business Finance"
13,"Forex Traders - Create Your First Trading Robot. No Coding!",launch-your-amazing-forex-robot-in-30-minutes-no-coding,True,17,0,0,3,Beginner,64,"2016-05-02 19:26:48","Business Finance"
14,"Create A Business From Home Trading Stocks Today In 2017",work-from-home-buying-penny-stocks,True,154,0,0,3,Beginner,37,"2015-05-26 17:25:46","Business Finance"
15,"Mastering High Probability Iron Condor Options Trading",mastering-high-probability-iron-condor-options-trading,True,140,0,0,3,Beginner,41,"2017-06-01 05:22:08","Business Finance"
16,"The Complete Short Course on Ethereum",ethereum1,True,8,0,0,3,Beginner,53,"2017-06-11 19:02:03","Business Finance"
17,"Introduction to Finance, Accounting, Modeling and Valuation",introduction-to-accounting-finance-modeling-valuation-by-chris-haroun,True,34,0,0,3,Beginner,58,"2016-06-28 06:12:23","Business Finance"
18,"The Complete Investment Banking Course 2017",the-complete-investment-banking-course-2016,True,190,0,0,3,Beginner,60,"2016-10-10 16:16:26","Business Finance"
19,"The Complete Financial Analyst Course 2017",the-complete-financial-analyst-course,True,5,0,0,3,Beginner,73,"2016-01-21 01:38:48","Business Finance"
20,"Financial Modeling for Startups & Small Businesses",financial-modeling-for-startups-small-businesses,True,164,0,0,3,Beginner,62,"2017-03-29 22:36:05","Business Finance"
21,"Options Trading - How to Win with Weekly Options",work-from-home-setup-your-own-options-trading-business,True,112,0,0,3,Intermediate,31,"2015-10-22 21:54:28","Business Finance"
22,"Three Steps Trading - Live Trading - Real Account",three-steps-trading-live-trading-real-account,True,47,0,0,3,Beginner,36,"2017-05-24 23:02:07","Business Finance"
23,"How I Learned Stock Trading (and How You Can Too)",best-stock-traders,True,170,0,0,3,Advanced,51,"2017-05-02 21:20:54","Business Finance"
24,"Trading Inside Bars - Master 1 Easy Pattern To Be Successful",trading-inside-bars-find-setups-today-make-money-tomorrow,True,67,0,0,3,Intermediate,37,"2015-03-09 00:24:38","Business Finance"
25,"Four Fundamentals of Financial Planning",four-fundamentals-of-financial-planning,True,73,0,0,3,Beginner,52,"2017-02-14 04:42:58","Business Finance"
26,"Options Trading - Calendar Spread Course for Every Trader",options-trading-calendar-spread-course-for-every-trader,True,117,0,0,3,Beginner,53,"2017-04-02 21:46:00","Business Finance"
27,"Learn Accounting. Understand Business.",learn-accounting-understand-business,True,94,0,0,3,Beginner,84,"2014-03-27 17:58:37","Business Finance"
28,"How to Consistently Win Trading Stocks in 30 Days or Less",winningstocktrades,True,41,0,0,3,Intermediate,42,"2016-05-09 05:44:33","Business Finance"
29,"How to Buy Cheap Options - Options Trading Pricing Model",options-black-scholes-model,True,147,0,0,3,Beginner,32,"2017-06-02 18:12:45","Business Finance"
30,"Comprehensive Guide to Financial Markets, Investing &Trading",financial-markets-a-to-z-for-beginners,True,121,0,0,3,Beginner,40,"2016-02-29 18:45:41","Business Finance"
31,"Options Trading Basics (3-Course Bundle)",learn-options-trading-courses,True,121,0,0,3,Beginner,35,"2013-02-25 11:36:06","Business Finance"
32,"How I Make Consistent Returns Trading Options",how-i-make-15-per-month-trading-options,True,143,0,0,3,Beginner,48,"2016-10-05 17:42:52","Business Finance"
33,"The Almost Perfect Options Trading Strategy System - Unique",the-almost-perfect-options-trading-strategy-system-unique,True,20,0,0,3,Beginner,43,"2017-03-03 21:43:05","Business Finance"
34,"Forex Trading -  Learn to Trade Forex Like the Banks",forex-trading-learn-the-same-strategies-used-by-banks,True,139,0,0,3,Beginner,44,"2016-03-30 15:29:03","Business Finance"
35,"The Most Powerful Options Spread Trading Front Ratio Spread",the-most-powerful-options-spread-trading-front-ratio-spread,True,15,0,0,3,Beginner,50,"2017-03-08 21:09:41","Business Finance"
36,"What Finance Job is for You? Explanation of 14 Finance Roles",what-finance-job-is-for-you-explanation-of-14-financial-analyst-roles,True,119,0,0,3,Beginner,51,"2016-05-04 05:22:32","Business Finance"
37,"The Blueprint for Successful Stock Trading",stock-market-millionaire-blueprint,True,79,0,0,3,Beginner,55,"2015-08-13 18:58:05","Business Finance"
38,"Trading for Beginners - Intermediate Level",trading-for-beginners-tier-2,True,168,0,0,3,Beginner,50,"2016-11-09 01:45:20","Business Finance"
39,"Start Trading Stocks Using Technical Analysis!",professional-stock-trader,True,95,0,0,3,Beginner,56,"2016-02-03 17:10:31","Business Finance"
40,"Learn How to Set Up an Incubator Hedge Fund - Step-by-Step",hedge-fund-startup,True,145,0,0,3,Advanced,67,"2017-01-18 20:55:27","Business Finance"
41,"VPS for Forex Trading - Protect Your Forex Robots",forex-vps,True,64,0,0,3,Beginner,65,"2014-09-19 04:07:58","Business Finance"
42,"Basic Excel for Basic Bookkeeping and Accounting",basic-excel-for-basic-bookkeeping,True,180,0,0,3,Beginner,73,"2015-09-10 00:30:48","Business Finance"
43,"How to Create Your Personal Budget",personal-budget,True,162,0,0,3,Beginner,59,"2016-03-21 21:09:49","Business Finance"
44,"FOREX Trading with Price Action",forex-trading-system,True,190,0,0,3,Beginner,47,"2017-03-14 18:30:55","Business Finance"
45,"Emini ES Futures - Advanced Non Directional Options Trading",emini-es-futures-advanced-non-directional-options-trading,True,110,0,0,3,Beginner,77,"2017-01-11 20:48:19","Business Finance"
46,"Forex Trading - Advanced Fundamental Analysis",forex-trading-advanced-fundamental-analysis,True,77,0,0,3,Intermediate,58,"2016-06-30 17:06:46","Business Finance"
47,"How To Invest With Tiny Capital In Stocks ?",howtoinvest5k,True,25,0,0,3,Beginner,51,"2017-05-23 16:07:09","Business Finance"
48,"Intermediate Options trading concepts for Stocks and Options",intermediate-options-trading-concepts-for-stocks-and-options-traders,True,132,0,0,3,Beginner,27,"2015-04-13 20:28:04","Business Finance"
49,"Practical Accounts APP Overview",practical-accounts-app-overview,True,66,0,0,3,Intermediate,40,"2016-10-04 23:38:32","Business Finance"
50,"Bitcoin Profits for Beginners",bitcoin-profits-for-beginners,True,97,0,0,3,Beginner,50,"2017-06-09 17:01:05","Business Finance"
51,"Financial Statements Basics",financial-statements-basics,True,117,0,0,3,Beginner,47,"2016-01-14 18:58:56","Business Finance"
52,"High performance Stock Trading using key Options techniques",high-performance-stock-trading-using-options-trading-techniques,True,102,0,0,3,Beginner,61,"2015-04-12 22:28:45","Business Finance"
53,"Introduction to Financial Statement Analysis",introduction-to-financial-statement-analysis,True,95,0,0,3,Beginner,44,"2016-03-21 17:00:37","Business Finance"
54,"Basics of Economics (College Level)",economics-for-accounting-and-finance-professionals,True,45,0,0,3,Beginner,82,"2015-01-08 13:55:52","Business Finance"
55,"Stock Market Investing for Beginners",the-beginners-guide-to-the-stock-market,True,189,0,0,3,Beginner,57,"2013-12-25 19:53:34","Business Finance"
56,"Straddle Options Trading - Profit in Any Market Direction",straddle-options-trading-profit-in-any-market-direction,True,63,0,0,3,Beginner,75,"2016-10-03 17:32:40","Business Finance"
57,"Fundamentals of Forex Trading",fundamentals-of-forex-trading,True,164,0,0,3,Beginner,39,"2014-08-29 20:10:38","Business Finance"
58,"Website Investing 101 - Buying & Selling Online Businesses",cash-flow-website-investing-buy-sell-online-businesses-digital-assets,True,118,0,0,3,Beginner,66,"2016-08-05 17:03:15","Business Finance"
59,"Practical Accounts & Bookkeeping Automated Overview ",practical-accounts-bookkeeping-automated-overview,True,167,0,0,3,Beginner,51,"2016-01-28 21:43:31","Business Finance"
60,"Live Account - ETF Trading System - Hacking The Stock Market",cracked-wall-street-hacked-the-stock-market-top-secret,True,110,0,0,3,Beginner,39,"2014-12-31 03:29:21","Business Finance"
61,"Stock Market Foundations",how-to-invest-in-the-stock-market-beginners,True,88,0,0,3,Beginner,52,"2014-03-31 21:35:06","Business Finance"
62,"Crash Course on Working Capital Management",crash-course-on-working-capital-management,True,12,0,0,3,Beginner,49,"2015-04-16 17:35:54","Business Finance"
63,"Advanced Accounting A Complete Study for CA  CMA  CFA  CS",branch-accounts-a-complete-analysis,True,89,0,0,3,Beginner,65,"2016-06-03 17:42:27","Business Finance"
64,"How to create a routine Trading",how-to-create-a-trading-routine,True,95,0,0,3,Beginner,42,"2017-05-01 18:50:43","Business Finance"
65,"Introduction to Financial Modeling",financial-modeling-asimplemodel,True,195,0,0,3,Intermediate,52,"2014-05-27 16:22:16","Business Finance"
66,"Quantitative Aptitude for Banking & Competitive Examinations",quantitative-aptitude-for-competitive-examinations-part-i,True,46,0,0,3,Beginner,43,"2017-02-09 19:33:52","Business Finance"
67,"Option Spreads and Credit Spreads Bundle",option-spreads-and-credit-spreads-bundle,True,105,0,0,3,Advanced,55,"2013-03-05 18:27:38","Business Finance"
68,"B Com Accountancy I (Paper ECO 02 IGNOU)",accounts-from-incomplete-records,True,166,0,0,3,Beginner,55,"2016-05-05 23:07:43","Business Finance"
69,"Auditing Basics (Professional Course Level)",basics-of-auditing,True,179,0,0,3,Beginner,83,"2015-02-13 14:37:18","Business Finance"
70,"Learn the basics of preparing accounting statements",basics-of-financial-accounting,True,194,0,0,3,Intermediate,83,"2015-10-13 21:07:22","Business Finance"
71,"Elliott Wave -Forex Trading With The Elliott Wave Theory",forex-trading-with-the-elliot-wave-theory,True,30,0,0,3,Advanced,58,"2016-12-15 15:49:13","Business Finance"
72,"Corporate Finance - A Brief Introduction",finance-a-brief-introduction-and-basics-finance-101,True,165,0,0,3,Beginner,54,"2016-03-04 05:58:09","Business Finance"
73,"Excel functions to analyze and visualize data",basic-excel-functions-to-analyze-large-data,True,175,0,0,3,Intermediate,80,"2015-04-20 18:52:32","Business Finance"
74,"Building Financial Statements in Excel",guide-to-building-financial-statements,True,34,0,0,3,Beginner,55,"2017-06-29 23:34:42","Business Finance"
75,"Transfer Pricing A Complete Analysis",transfer-pricing-a-complete-analysis,True,94,0,0,3,Beginner,78,"2016-12-28 18:19:16","Business Finance"
76,"Forex Trading for Beginners - Basics",complete-forex-trading-for-beginners-in-1-course-basics,True,24,0,0,3,Beginner,46,"2017-04-24 16:42:56","Business Finance"
77,"Basic Bookkeeping Hacks",basic-bookkeeping,True,133,0,0,3,Beginner,42,"2016-06-14 15:43:23","Business Finance"
78,"Complete Trading Plan Course for Stocks & Forex (10 Hours)",killer-trading-plan-6-year-old-can-invest-10-hours-stocks-forex-etf,True,80,0,0,3,Beginner,49,"2017-03-23 05:54:27","Business Finance"
79,"How to Pick The Right Penny Stocks To Invest In 2017",how-to-make-5000month-trading-penny-stocks,True,37,0,0,3,Beginner,45,"2014-07-01 20:04:27","Business Finance"
80,"Top 10 Trading Ideas in the Equities Market",top-10-trading-ideas-in-the-equities-market,True,93,0,0,3,Beginner,69,"2017-05-02 21:59:07","Business Finance"
81,"Intro to Financial Modeling",intro-to-financial-modeling,True,50,0,0,3,Beginner,53,"2016-08-19 20:12:24","Business Finance"
82,"Shark Accounting - Building a Business by the Numbers!",shark-accounting,True,171,0,0,3,Beginner,50,"2014-05-18 19:08:04","Business Finance"
83,"Forex Trading MAKE YOUR FIRST TRADE TODAY!",trade-forex,True,51,0,0,3,Beginner,53,"2016-01-10 21:39:39","Business Finance"
84,"Accounting in 60 Minutes - A Brief Introduction",accounting-in-60-minutes-a-brief-introduction,True,20,0,0,3,Beginner,44,"2013-04-07 21:39:25","Business Finance"
85,"SAP FICO For Beginners - A Guide to SAP Financial Accounts",sap-fico-for-sap-beginners,True,15,0,0,3,Beginner,81,"2016-07-25 16:08:07","Business Finance"
86,"Learn how to double your Forex Trading Account in one trade",learn-how-to-double-your-forex-trading-account-in-one-trade,True,71,0,0,3,Intermediate,69,"2014-10-19 22:04:51","Business Finance"
87,"Save on Your Taxes",save-on-your-taxes,True,130,0,0,3,Beginner,82,"2016-11-16 17:38:38","Business Finance"
88,"EFT for Stock Options Trading Success & Making Better Trades",eft-for-stock-option-trading-success,True,158,0,0,3,Beginner,60,"2015-08-06 19:08:20","Business Finance"
89,"Learn to Trade the Stock Market without Blowing Your Profits",learn-to-trade-the-stock-market-without-blowing-your-profits,True,64,0,0,3,Beginner,43,"2017-05-02 20:53:24","Business Finance"
90,"Get a Credit Repair Publication On Amazon and Live LIFE..",get-a-credit-repair-publication-on-amazon-and-live-life,True,6,0,0,3,Beginner,53,"2017-04-26 18:17:51","Business Finance"
91,"Fundamentals of Accounting",fundamentals-of-accounting,True,96,0,0,3,Beginner,21,"2016-08-31 22:03:44","Business Finance"
92,"RSI, Options Trading & Technical Analysis (3 Course Bundle)",charting-rsi-options-stock-trading-for-beginners-newtechnical-analysis,True,109,0,0,3,Beginner,47,"2017-01-26 22:55:27","Business Finance"
93,"Basics of Mutual Funds for CA  CMA  CS  CFA Exams",basics-of-mutual-funds-for-ca-cma-cs-cfa-exams,True,166,0,0,3,Intermediate,47,"2017-04-24 21:59:45","Business Finance"
94,"Stock Options Day Trading Mindset for Success",stock-options-day-trading-success-mindset,True,59,0,0,3,Beginner,44,"2015-09-29 19:15:24","Business Finance"
95,"Introduction to bookkeeping and Accounting",introduction-to-bookkeeping-and-accounting,True,16,0,0,3,Beginner,48,"2015-08-21 20:33:25","Business Finance"
96,"Learn to Trade The News",learn-to-trade-the-news,True,164,0,0,3,Beginner,34,"2015-07-16 22:03:29","Business Finance"
97,"Value Investing, Taught by Six Superinvestors",investing-stars,True,24,0,0,3,Beginner,56,"2015-06-19 21:22:17","Business Finance"
98,"Trading for everyone - The Independent Investor Course I",trading-for-everyone-the-independent-investor-course,True,200,0,0,3,Beginner,53,"2015-10-08 20:23:36","Business Finance"
99,"Accounting Basics in 66 Minutes (absolutely for beginners)",accounting-through-visual-presentation,True,101,0,0,3,Beginner,54,"2015-03-08 21:13:13","Business Finance"
100,"Analysis of Company Financial Statements",analysis-of-company-financial-statements,True,192,0,0,3,Beginner,58,"2016-12-07 20:19:37","Business Finance"
101,"Fundamentals of Investing!",investment-basics-lets-invest-series,True,150,0,0,3,Beginner,57,"2015-08-09 18:34:30","Business Finance"
102,"Bank Financial Management A Comprehensive Study",bank-financial-management-a-comprehensive-study,True,153,0,0,3,Beginner,61,"2017-02-10 00:51:57","Business Finance"
103,"Naked Put Options Trade Covered Call & Poor Man Covered Call",naked-put-options-trade-covered-call-poor-man-covered-call,True,160,0,0,3,Beginner,70,"2017-02-10 22:40:57","Business Finance"
104,"The Ultimate Guide to Dividend & Dividend Growth Investing",investing-learn-how-to-build-a-dividend-portfolio-step-by-step,True,1,0,0,3,Beginner,30,"2015-11-13 18:10:25","Business Finance"
105,"Build a DCF Valuation Model",build-a-dcf-valuation-model,True,185,0,0,3,Beginner,50,"2014-10-01 18:49:29","Business Finance"
106,"Introductory Financial Accounting",introductory-financial-accounting,True,15,0,0,3,Beginner,66,"2012-10-03 03:20:10","Business Finance"
107,"Introduction to Cryptocurrencies and Blockchain",introduction-to-cryptocurrencies,True,61,0,0,3,Beginner,63,"2017-05-01 21:18:54","Business Finance"
108,"Trade Pullback Candlestick Strategy - Make Consistent Pips",make-consistent-profit-using-pullback-candlestick-strategy,True,85,0,0,3,Beginner,45,"2016-02-24 17:30:41","Business Finance"
109,"Accounting Standards Basics (Professional Course Level)",basics-of-accounting-standards,True,54,0,0,3,Beginner,82,"2015-02-07 15:06:57","Business Finance"
110,"Use the Magic Multiple Moving Average Forex Trading system",the-magic-multiple-moving-average-forex-trading-system,True,164,0,0,3,Intermediate,20,"2014-11-08 02:21:54","Business Finance"
111,"QuickBooks 2015 Training for Newbies",free-training-quickbooks-2015,True,64,0,0,3,Beginner,63,"2015-05-11 23:16:54","Business Finance"
112,"Profitable binary option trading strategy",binaryoptions,True,35,0,0,3,Beginner,73,"2015-10-29 00:34:09","Business Finance"
113,"Accounting 2 Simplified for You",accounting-2-simplified-for-you,True,97,0,0,3,Beginner,37,"2014-12-09 08:31:40","Business Finance"
114,"Project Funding Modelling (for Professionals)",project-funding-modelling,True,137,0,0,3,Beginner,56,"2014-12-29 09:00:17","Business Finance"
115,"Leasing - A Comprehensive Study (Professional Course Level)",leasing-a-comprehensive-study,True,64,0,0,3,Beginner,37,"2015-07-17 22:10:39","Business Finance"
116,"TechniTrader Leading Hybrid Indicator Trading",leading-hybrid-indicator-trading,True,99,0,0,3,Intermediate,27,"2013-04-04 21:36:10","Business Finance"
117,"Accounting Is Easy (for Beginners)",fundamentals-of-accountancy,True,99,0,0,3,Beginner,64,"2014-05-20 18:13:38","Business Finance"
118,"Non Directional Weekly Options Trading System - ETF & Emini",etf-stock-options-non-directional-weekly-trading-system,True,173,0,0,3,Beginner,33,"2016-05-24 15:43:06","Business Finance"
119,"Master Iron Condors - Double the credit for half the risk",iron-condor-options-trading-strategy,True,68,0,0,3,Advanced,56,"2013-03-02 13:27:41","Business Finance"
120,"Basics of investing in Mutual Funds",mutualfundinvesting,True,2,0,0,3,Intermediate,42,"2015-03-03 01:22:39","Business Finance"
121,"A Value Investing Approach to the Stock Market",start-investing-the-right-way,True,99,0,0,3,Beginner,43,"2015-02-19 20:40:23","Business Finance"
122,"Learn how to INVEST for huge profits or make it big trading!",learn-how-to-invest-for-huge-profits-or-make-9k-day-trading,True,56,0,0,3,Beginner,40,"2015-06-19 22:49:13","Business Finance"
123,"Binary Options Course - Level 2",binary-options-course-level-2,True,132,0,0,3,Intermediate,61,"2014-06-26 02:00:55","Business Finance"
124,"Stock Technical Analysis with R",stock-technical-analysis-with-r,True,42,0,0,3,Beginner,30,"2016-03-18 20:46:05","Business Finance"
125,"Apply finance concepts for smart project management",apply-finance-concepts-for-smart-project-management,True,5,0,0,3,Beginner,59,"2016-02-23 21:05:46","Business Finance"
126,"Introduction to Futures Trading and Live Trade Demonstration",introduction-to-futures-trading-and-live-trading-futures,True,19,0,0,3,Advanced,62,"2017-05-24 14:16:09","Business Finance"
127,"Crowdfunding to Win",crowdfunding-to-win,True,47,0,0,3,Beginner,52,"2015-09-23 22:16:35","Business Finance"
128,"Comprehensive Forex Mastery Program",forex-mastery,True,104,0,0,3,Beginner,51,"2013-02-07 19:50:45","Business Finance"
129,"Preparation of Consolidated Financial Statements (Basic)",preparation-of-consolidated-financial-statements-basic,True,134,0,0,3,Intermediate,52,"2017-06-28 20:37:13","Business Finance"
130,"CFA Corporate Finance Level 2",advanced-capital-budgeting-techniques,True,31,0,0,3,Beginner,57,"2015-07-07 20:35:21","Business Finance"
131,"Stock Options Trades Using Interactive Brokers",stock-options-trades-using-interactive-brokers,True,35,0,0,3,Intermediate,72,"2015-09-07 20:21:39","Business Finance"
132,"Introduction to Options - Strategies For Consistent Profits",introduction-to-options-start-trading-now,True,59,0,0,3,Beginner,34,"2015-08-16 22:14:02","Business Finance"
133,"Risk in Forex Transactions - for CA  CS  CFA exams",forex-risks,True,185,0,0,3,Beginner,62,"2015-09-29 17:27:02","Business Finance"
134,"Basics of Business Statistics (College Level)",statistics-for-accounting-and-finance-professionals,True,193,0,0,3,Beginner,55,"2015-01-06 13:05:53","Business Finance"
135,"Trading Seasonal Price Patterns in Stocks, Futures, & Forex!",trading-seasonal-price-patterns-in-stocks-futures-forex,True,175,0,0,3,Beginner,54,"2016-03-30 04:56:57","Business Finance"
136,"Interpreting Financial Statements",financialstatements,True,30,0,0,3,Beginner,58,"2013-06-06 21:50:57","Business Finance"
137,"Introduction to Bookkeeping (Accounting)",introduction-to-bookkeeping,True,115,0,0,3,Beginner,68,"2014-01-31 20:40:36","Business Finance"
138,"CREDIT SPREAD SURGERY - Bear Call and Bull Put Mastery ",advanced-credit-spreads,True,154,0,0,3,Intermediate,57,"2013-03-05 11:31:37","Business Finance"
139,"Learn To Invest In Index Funds and ETFs In 7 Easy Steps",invest-in-index-funds-and-etfs-in-7-easy-steps,True,78,0,0,3,Beginner,41,"2015-07-20 23:48:08","Business Finance"
140,"Trade Recap I - A Real Look at Futures Options Markets",d-levels-trade-recap-jan-17th-feb-5th-2014,True,86,0,0,3,Beginner,67,"2014-02-17 09:22:13","Business Finance"
141,"Advanced Stock Options for Serious Equity Investors!",bullet-proof-options-controlled-leverage-investing-secrets,True,185,0,0,3,Advanced,70,"2015-09-22 19:48:31","Business Finance"
142,"Trading Binary Options for Fun and Profit",trading-binary-options-for-fun-and-profit,True,42,0,0,3,Beginner,44,"2015-02-21 00:36:13","Business Finance"
143,"How to be a Profitable Forex Trader",making-money-in-forex-market,True,191,0,0,3,Beginner,59,"2016-05-04 00:01:47","Business Finance"
144,"Excel Dashboard - Interactive Excel Dashboard and Charts",interactive-charts-in-excel,True,122,0,0,3,Beginner,56,"2015-03-19 16:57:50","Business Finance"
145,"The Securities Trade Lifecycle",the-securities-trade-lifecycle,True,6,0,0,3,Beginner,30,"2014-03-12 13:40:53","Business Finance"
146,"Double your Forex Account using the MAGIC MA trading robot",double-your-forex-account-using-the-magic-ma-robot,True,44,0,0,3,Intermediate,61,"2014-12-10 21:45:30","Business Finance"
147,"Advanced Accounting for Investment Banking",advanced-accounting-for-investment-banking,True,193,0,0,3,Intermediate,49,"2014-10-01 18:51:06","Business Finance"
148,"Investing In Stocks With 10 Simple Rules",value-investing-rules,True,45,0,0,3,Beginner,56,"2015-06-16 21:35:07","Business Finance"
149,"Venture Capital. What is it and Why it Matters to You!",venture-capital-sector-overview-what-is-it-and-why-it-matters-to-you,True,27,0,0,3,Beginner,46,"2015-10-14 17:50:29","Business Finance"
150,"Direction-Independ Trading - Elite Forex Traders  Strategy",direction-independ-trading-elite-traders-forex-strategy,True,100,0,0,3,Beginner,55,"2016-06-21 22:46:41","Business Finance"
151,"How to Become a Financial Analyst from Scratch!",become-a-financial-analyst-from-scratch-n1,True,170,0,0,3,Beginner,58,"2015-07-07 18:59:39","Business Finance"
152,"Investment Crowdfunding 101 (a.k.a Equity Crowdfunding)",crowdfund-investing-101-the-basics-of-equity-crowdfunding,True,71,0,0,3,Beginner,52,"2016-05-17 00:43:59","Business Finance"
153,"Read financial statements like a pro",read-financial-statements-in-5-minutes,True,34,0,0,3,Intermediate,39,"2015-03-02 23:49:35","Business Finance"
154,"10 Numbers Every Business Owner Should Know",10-numbers-every-business-owner-should-know,True,187,0,0,3,Beginner,26,"2015-03-08 19:11:24","Business Finance"
155,"Learn How To Trade Gold In 2017",learn-how-to-trade-gold-in-2017,True,139,0,0,3,Beginner,46,"2017-04-06 04:59:32","Business Finance"
156,"IAS 18 - Revenue",ias-18-revenue,True,158,0,0,3,Beginner,35,"2014-03-29 14:10:31","Business Finance"
157,"Fundamentals of Accounting for Business Owners",fundamentals-of-accounting-for-business-owners,True,70,0,0,3,Beginner,46,"2017-02-06 16:35:44","Business Finance"
158,"Practical Financial Statement Analysis",practical-financial-statement-analysis,True,71,0,0,3,Beginner,59,"2017-05-01 23:22:07","Business Finance"
159,"Forex Management - Detailed Study for CA  CS  CFA Exams",international-finance-a-comprehensive-study,True,90,0,0,3,Beginner,65,"2015-11-03 18:54:45","Business Finance"
160,"International Tax  - Tax Beyond boundaries",international-tax-course-intermediate-level,True,88,0,0,3,Beginner,39,"2016-09-06 15:03:27","Business Finance"
161,"The Complete Financial Statement Analysis Course",the-complete-financial-statement-analysis-course,True,186,0,0,3,Beginner,39,"2017-01-11 02:52:19","Business Finance"
162,"Advanced Excel functions",advanced-excel-functions-to-analyze-large-data,True,16,0,0,3,Beginner,53,"2016-01-12 20:03:45","Business Finance"
163,"Penny Stocks Value & Chart Pattern Trading (2 Course Bundle)",basics-investing-penny-stocks-beginners-hot-best-penny-stocks-trading,True,164,0,0,3,Beginner,44,"2017-02-22 21:36:08","Business Finance"
164,"Candlestick Analysis For Professional Traders",testing-candlesticks,True,67,0,0,3,Advanced,41,"2016-05-18 16:04:14","Business Finance"
165,"Build A Career In Forex Trading- Learn Fundamental Analysis",build-a-career-in-forex-trading-learn-fundamental-analysis,True,140,0,0,3,Beginner,50,"2015-11-23 20:42:22","Business Finance"
166,"Hands-on Financial Modeling (With 6 Excel Templates)",financial-modelling-in-excel,True,153,0,0,3,Intermediate,62,"2015-04-02 17:51:17","Business Finance"
167,"CAIIB Advanced Bank Management (Part I)",statistics-regression-analysis,True,138,0,0,3,Beginner,57,"2016-04-15 18:43:40","Business Finance"
168,"Learn How to Play CashFlow Game",learn-how-to-play-cashflow-game,True,75,0,0,3,Beginner,27,"2016-10-17 21:16:49","Business Finance"
169,"Basics of Business Finance",basics-of-business-finance,True,178,0,0,3,Beginner,78,"2013-03-22 17:42:18","Business Finance"
170,"Accounting Made Easy 2",accounting-made-easy-2,True,31,0,0,3,Intermediate,37,"2015-09-16 18:57:23","Business Finance"
171,"MQL4 Tutorial Golden Goose",mql4-tutorial-golden-goose-trading-tutorial,True,15,0,0,3,Beginner,37,"2015-06-07 19:32:46","Business Finance"
172,"Technical Analysis Using Elliott Wave Theory",technical-analysis-using-elliott-wave-theory,True,24,0,0,3,Beginner,66,"2016-11-01 19:30:11","Business Finance"
173,"The Basics Of Volume Analysis",volume-analysis-basis,True,62,0,0,3,Beginner,72,"2013-02-24 13:23:14","Business Finance"
174,"Crash Course on Cost of Capital and Capital Structuring",crash-course-on-cost-of-capital-and-capital-structuring,True,183,0,0,3,Beginner,27,"2015-04-13 17:52:57","Business Finance"
175,"Business Accounting Made Easy",accounting-level-1-course,True,30,0,0,3,Beginner,57,"2015-09-05 05:15:07","Business Finance"
176,"Build a DCF Model from Scratch",build-a-dcf-model,True,64,0,0,3,Beginner,71,"2014-09-14 21:13:26","Business Finance"
177,"Technical Analysis - A practical approach for trade entry",learn-technical-analysis,True,131,0,0,3,Advanced,58,"2013-02-24 04:47:36","Business Finance"
178,"The Complete Guide to Professional Trading with Elliott Wave",practical-trading-trade-stocks-forex-with-elliott-wave,True,35,0,0,3,Beginner,52,"2016-05-11 16:40:05","Business Finance"
179,"A Complete Guide to Becoming a Trader on the Forex Market",make-a-living-with-forex,True,125,0,0,3,Beginner,47,"2014-06-28 05:52:41","Business Finance"
180,"Stock Market for Beginners - Complete Starter Toolkit",complete-stock-market-starter-toolkit-for-beginners,True,189,0,0,3,Intermediate,49,"2016-03-31 18:22:30","Business Finance"
181,"Beginners Binary Options Course",beginners-binary-options-trading-course,True,72,0,0,3,Beginner,53,"2014-04-27 06:58:27","Business Finance"
182,"Volatility Trading Analysis with R",volatility-trading-analysis-with-r,True,138,0,0,3,Advanced,46,"2017-03-06 21:26:55","Business Finance"
183,"How To Profit From Stock Market Volatility",how-to-trade-stock-market-volatility,True,100,0,0,3,Beginner,46,"2017-01-23 18:23:58","Business Finance"
184,"WE WILL PAY YOU TO TRADE WITH US",trade-forex-the-professional-way-by-trading-live-with-us,True,127,0,0,3,Beginner,55,"2014-08-18 21:09:54","Business Finance"
185,"Portfolio Management for CA  CS  CFA exams",portfolio-management-quantitative-techniques,True,54,0,0,3,Beginner,67,"2015-07-21 19:24:17","Business Finance"
186,"Finding an Unlimited Amount of Investors",accredited-investors,True,197,0,0,3,Beginner,63,"2016-03-03 22:25:41","Business Finance"
187,"Bookkeeping Made Easy",accounting-made-easy,True,174,0,0,3,Beginner,73,"2015-07-14 00:00:48","Business Finance"
188,"BITCOIN VISUALLY. Part I.",bitcoin-visually-part-i,True,11,0,0,3,Beginner,50,"2014-03-16 14:36:01","Business Finance"
189,"Learn and Master the Basics of Finance",finance-101,True,133,0,0,3,Beginner,39,"2016-09-25 20:37:51","Business Finance"
190,"Exam 1 Review - Managerial Accounting (U of H)",exam-1-review-mgr-acct,True,35,0,0,3,Beginner,55,"2016-02-11 16:23:46","Business Finance"
191,"Get to grips with the CFA calculator",cfa-calculator,True,31,0,0,3,Beginner,64,"2013-08-05 16:02:15","Business Finance"
192,"Financial Model Fundamentals-Learn the Essential Skills",financial-model-fundamentals-learn-the-essential-skills,True,32,0,0,3,Beginner,44,"2015-06-01 20:58:11","Business Finance"
193,"Forex For Beginners - A Guide To Currency Trading",forex-for-beginners-a-guide-to-currency-trading,True,182,0,0,3,Beginner,53,"2015-05-25 18:19:21","Business Finance"
194,"Raise Your Credit Score to 800 Or More....",raise-your-credit-score-to-800-or-more,True,62,0,0,3,Beginner,39,"2015-07-12 19:05:43","Business Finance"
195,"Financial Management Budgeting Techniques",learn-cash-budgeting-techniques,True,79,0,0,3,Beginner,56,"2015-04-12 16:28:31","Business Finance"
196,"Forex Killing Divergence - How to trade with precision",forex-killing-divergence-how-to-trade-with-precision,True,104,0,0,3,Beginner,68,"2015-01-25 18:41:28","Business Finance"
197,"Working Capital Management for CA  CFA  CPA Exams",working-capital-management,True,109,0,0,3,Intermediate,61,"2014-10-25 13:00:19","Business Finance"
198,"Risk Analysis - Capital Budgeting for CA  CS  CFA exams",risk-analysis-in-capital-budgeting,True,128,0,0,3,Beginner,44,"2015-07-07 20:21:29","Business Finance"
199,"Mastering Futures Options for Beginners - Your Top 5 Plays!",mastering-futures-options-for-beginners-your-top-10-plays,True,131,0,0,3,Beginner,38,"2016-02-02 20:35:37","Business Finance"
200,"Professional Options Trading, Simplified",optionstrading,True,13,0,0,3,Beginner,60,"2015-04-17 21:59:15","Business Finance"
203,"Case Studies in Macro Economics",case-studies-in-macro-economics,True,188,0,0,0,Beginner,0,"2017-05-25 17:00:12","Business Finance"
206,"Stock Technical Analysis with Python",stock-technical-analysis-with-python,True,25,0,0,0,Beginner,0,"2016-04-12 00:40:03","Business Finance"
209,"Automate Your Finances",automate-your-personal-finances,True,171,0,0,0,Beginner,0,"2014-05-08 23:09:32","Business Finance"
210,"MBA Accounting and Finance for Managers(Paper MS04 of IGNOU)",dividend-decision-a-comprehensive-study,True,34,0,0,0,Beginner,0,"2015-07-19 19:43:52","Business Finance"
211,"FuturesCommodity Training (Basics)",commodity,True,165,0,0,0,Beginner,0,"2015-02-07 07:04:07","Business Finance"
213,"Master Finance in Three Hours",basic-finance-for-startups-smes-quick-clear-practical,True,194,0,0,0,Beginner,0,"2014-10-28 20:48:49","Business Finance"
214,"Learn Options on Futures for Hedging Options and Stocks",learn-options-on-futures-for-hedging-options-and-stocks,True,61,0,0,0,Advanced,0,"2017-05-23 22:23:38","Business Finance"
217,"Become A Forex Trader - Forex trading like a professional",become-a-forex-trader,True,179,0,0,0,Beginner,0,"2017-05-28 14:35:47","Business Finance"
225,"Forex Prep Academy for Beginners-Real trades!",forex-prep-academy-for-beginners,True,83,0,0,0,Beginner,0,"2015-06-19 15:22:42","Business Finance"
226,"Accounting for Deferred Taxes (Professional Course Level)",accounting-for-deferred-taxes,True,118,0,0,0,Beginner,0,"2015-01-15 13:19:33","Business Finance"
230,"Value Investing For Beginners",value-investing-for-beginners-y,True,136,0,0,0,Beginner,0,"2016-05-11 17:20:38","Business Finance"
231,"TRADING TACTICS",trading-tactics,True,22,0,0,0,Beginner,0,"2015-02-13 20:19:58","Business Finance"
233,"build a solid foundation for trading options",option-basics-to-be-profitable-trader,True,28,0,0,0,Beginner,0,"2016-05-26 21:17:14","Business Finance"
240,"The Financial Analyst Skills Training (FAST) course 2017",the-financial-analyst-skills-training-fast-course-2017,True,98,0,0,0,Beginner,0,"2017-01-02 17:44:17","Business Finance"
245,"Forex - Elliott Wave Theory with Fibonacci. ",forex-strategy-elliott-wave-theory-with-fibonacci,True,162,0,0,0,Beginner,0,"2015-06-19 22:06:07","Business Finance"
247,"Chart Patterns Trading Demystified",stock-chart-patterns-forecasting-explosive-gains-technical-analysis,True,164,0,0,0,Beginner,0,"2017-02-08 03:49:44","Business Finance"
253,"Technical Analysis tools for Stocks and Options trading",technical-analysis-tools-for-stock-trading-and-options-trading,True,45,0,0,0,Beginner,0,"2015-04-12 18:31:07","Business Finance"
255,"Get Started With Penny Stocks -Step by Step Guide to Trading",trading-penny-stocks-advanced-strategies,True,139,0,0,0,Beginner,0,"2014-06-02 03:34:56","Business Finance"
263,"How to trade options",how-to-trade-options,True,177,0,0,0,Intermediate,0,"2015-09-20 21:45:48","Business Finance"
266,"Business Banking 101",business-banking-101,True,63,0,0,0,Beginner,0,"2015-04-06 18:05:26","Business Finance"
268,"Asset Protection Using Offshore Companies",asset-protection-using-offshore-companies,True,75,0,0,0,Beginner,0,"2015-08-12 17:28:53","Business Finance"
276,"Master The Stock Market with practice",master-the-stock-market-with-practice,True,10,0,0,0,Beginner,0,"2015-05-15 18:04:34","Business Finance"
282,"Professional Bookkeeping & Accounting 2 - Bank Daybook",professional-bookkeeping-accounting-2-petty-cash-bank,True,1,0,0,0,Beginner,0,"2015-11-01 18:29:15","Business Finance"
285,"Learn to Trade Forex - from Beginner to Professional",learn-to-trade-forex-from-only-10-minutes-a-day,True,115,0,0,0,Beginner,0,"2017-04-06 16:59:36","Business Finance"
288,"Beginners Guide To Ichimoku Trading",ichimoku,True,21,0,0,0,Beginner,0,"2016-04-27 20:06:23","Business Finance"
290,"ALGOTECH Hedge Fund Method for Stock Market Trading",algotech-hedge-fund-method-for-stock-market,True,2,0,0,0,Beginner,0,"2016-10-10 21:05:19","Business Finance"
291,"FuturesCommodity Trading",futurestrading,True,80,0,0,0,Beginner,0,"2015-03-05 22:58:02","Business Finance"
293,"Introduction to the economics of public services regulation",introduction-to-the-economics-of-public-services-regulation,True,26,0,0,0,Intermediate,0,"2017-01-03 17:57:55","Business Finance"
300,"Building a Balanced Scorecard",building-balanced-scorecard,True,86,0,0,0,Intermediate,0,"2017-07-03 21:38:22","Business Finance"
302,"CFA Level 2- Quantitative Methods",cfa-level-2-quantitative-methods,True,66,0,0,0,Beginner,0,"2017-07-02 14:29:35","Business Finance"
304,"Capital Market Road Map",capital-market-road-map,True,183,0,0,0,Beginner,0,"2014-03-11 16:15:21","Business Finance"
307,"Forex Trading",how-to-trade-forex,True,129,0,0,0,Beginner,0,"2014-11-18 10:52:45","Business Finance"
309,"Take Your Career to the Next Level with MBA Finance",take-your-career-to-the-next-level-with-mba-finance,True,45,0,0,0,Beginner,0,"2015-10-29 23:18:23","Business Finance"
310,"Accounting Books of Accounts (College Level)",books-of-accounts,True,164,0,0,0,Beginner,0,"2015-06-05 19:01:45","Business Finance"
311,"Forex Trading Profitably",learn-how-to-make-1000s-a-day-forex-trading-in-under-1-hour,True,134,0,0,0,Beginner,0,"2014-11-04 12:37:45","Business Finance"
315,"IFRS Financial Reporting",ifrs-financial-reporting,True,9,0,0,0,Beginner,0,"2014-10-24 16:55:03","Business Finance"
316,"Learn Financial Accounting Different",learn-financial-accounting-different,True,147,0,0,0,Beginner,0,"2015-05-24 21:14:23","Business Finance"
323,"Forex Basics",forex-basics,True,66,0,0,0,Beginner,0,"2013-10-16 17:40:23","Business Finance"
327,"Hedge Fund Accounting and Valuation",hedge-fund-accounting-and-valuation,True,168,0,0,0,Beginner,0,"2016-04-28 16:39:21","Business Finance"
330,"Ethereum Course for Investors",how-to-purchase-store-and-profit-from-ethereuem,True,49,0,0,0,Beginner,0,"2016-06-09 04:21:43","Business Finance"
335,"Forex online live trading system (Special Offer)",forex-trading-i-will-show-you-how-to-get-profit,True,126,0,0,0,Beginner,0,"2016-11-07 14:51:41","Business Finance"
337,"How to invest in Russian equity market",how-to-invest-in-russian-equity-market,True,116,0,0,0,Intermediate,0,"2015-09-15 18:28:43","Business Finance"
338,"Handle difficult questions the bank manager will ask you",handle-difficult-questions-the-bank-manager-will-ask-you,True,152,0,0,0,Beginner,0,"2015-09-04 20:03:24","Business Finance"
340,"Six Stage Negotiation",six-stage-negotiation-for-cash-collection,True,120,0,0,0,Beginner,0,"2016-05-11 17:08:03","Business Finance"
343,"UK Tax Returns with HMRC",corporation-tax-returns-hmrc,True,37,0,0,0,Beginner,0,"2016-04-05 15:48:32","Business Finance"
349,"Advanced Technical Analysis PART1!",advanced-technical-analysis-part1,True,120,0,0,0,Intermediate,0,"2017-06-27 22:00:27","Business Finance"
350,"Advanced Financial Management for CA  CS  CFA CPA Exams",advanced-financial-management-a-comprehensive-study,True,159,0,0,0,Beginner,0,"2015-11-03 18:22:32","Business Finance"
351,"Learn the Foundations of Stocks and Options",learn-how-to-trade-stocks-and-options,True,8,0,0,0,Beginner,0,"2016-08-11 21:18:34","Business Finance"
355,"Fund Flow Analysis for CA  CFA  CPA Exams",learn-fund-flow-analysis,True,115,0,0,0,Intermediate,0,"2014-11-28 11:43:27","Business Finance"
360,"Introduction To The World Of Equity Finance",equity-finance-basics,True,106,0,0,0,Beginner,0,"2015-12-08 17:12:06","Business Finance"
362,"Beginners Forex strategy",beginners-forex-strategy,True,122,0,0,0,Beginner,0,"2016-03-18 15:07:45","Business Finance"
363,"Mortgage Backed Securities",mortgage-backed-securities,True,55,0,0,0,Beginner,0,"2014-03-13 12:47:09","Business Finance"
365,"Fundamental Financial Math",fundamental-financial-math,True,8,0,0,0,Beginner,0,"2014-03-04 19:36:43","Business Finance"
366,"Equity Swaps",equity-swaps,True,147,0,0,0,Beginner,0,"2014-03-13 22:12:01","Business Finance"
367,"Proven Methods In Trading Candlestick Patterns",candlestick-patterns-winning-the-day-trading-game,True,35,0,0,0,Beginner,0,"2016-02-12 23:44:27","Business Finance"
368,"Read financial statements as a stock investor",read-financial-statements-to-be-a-stock-investor,True,12,0,0,0,Beginner,0,"2015-07-10 19:32:16","Business Finance"
370,"Trading Biotech Stocks - Understanding the Healthcare Sector",trading-biotech-stocks,True,15,0,0,0,Beginner,0,"2015-04-24 21:22:27","Business Finance"
377,"Financial Modeling - Build Your Own 3 Statement Projection",financial-modelling-build-your-own-3-statement-projection,True,168,0,0,0,Beginner,0,"2016-07-05 20:58:26","Business Finance"
382,"How to Get Growing, Passive Income from the Fortune 500!",how-to-get-growing-passive-income-from-the-fortune-500,True,28,0,0,0,Beginner,0,"2017-01-19 16:07:18","Business Finance"
383,"Managing Budgets in the Public and Non Profit Sector",managing-budgets-in-the-public-and-non-profit-sector,True,107,0,0,0,Beginner,0,"2017-06-22 20:28:25","Business Finance"
385,"How to invest in Forex Trading & add an additional income",forex-truth-fundamentals-and-understanding,True,15,0,0,0,Beginner,0,"2015-11-21 20:47:58","Business Finance"
390,"A Guide To Trade Binary Options Like An Expert",a-guide-to-trade-binary-options-like-an-expert,True,94,0,0,0,Beginner,0,"2016-07-18 21:48:10","Business Finance"
391,"Ratio analysis for bankers and credit analysts",ratio-analysis-for-bankers-and-credit-analysts,True,150,0,0,0,Beginner,0,"2017-04-12 16:55:26","Business Finance"
392,"Numbers for the  Business Plan",numbers-for-the-business-plan,True,121,0,0,0,Beginner,0,"2014-09-22 05:12:53","Business Finance"
394,"1 - Concepts of Statistics For Beginners Step by Step",concepts-of-statistics,True,181,0,0,0,Beginner,0,"2015-08-30 22:48:34","Business Finance"
397,"Finance Fundamentals for Non Finance Leaders",finance-fundamentals-for-business-leaders,True,140,0,0,0,Beginner,0,"2015-08-04 21:56:58","Business Finance"
398,"Strategy layout and Backtesting",strategy-layout-and-backtesting,True,54,0,0,0,Advanced,0,"2016-09-21 19:36:22","Business Finance"
399,"Easy Forex and Futures Trading",easy-forex-and-futures-trading,True,36,0,0,0,Beginner,0,"2013-12-31 01:22:44","Business Finance"
400,"Aprende a hacer paper trading (simulación) con Ninja Trader",aprende-a-hacer-paper-trading-simulacion-con-ninja-trader,True,198,0,0,0,Beginner,0,"2013-11-15 17:53:03","Business Finance"
401,"Trading mit kleinen Konten - Grundlagen die du kennen musst",werden-sie-privater-trader-im-forex-cfd-oder-rohstoffmarkt,True,74,0,0,0,Beginner,0,"2017-03-29 00:06:21","Business Finance"
405,"Trading Intradiario basado en Precio y Volumen",trading-intradiario-basado-en-precio-y-volumen,True,171,0,0,0,Intermediate,0,"2015-02-18 23:28:01","Business Finance"
407,"Wie funktionieren Bitcoin? Ein Einführungskurs.",wie-funktionieren-bitcoin-ein-einfuhrungskurs,True,106,0,0,0,Beginner,0,"2017-05-10 23:37:44","Business Finance"
408,"Estruturação Financeira",estruturacao-financeira,True,150,0,0,0,Beginner,0,"2017-05-08 02:40:04","Business Finance"
410,"Financial Accounting Plus Excel and SAP Crash Course.",financial-accounting1,True,7,0,0,0,Beginner,0,"2016-05-23 17:03:43","Business Finance"
412,"How to read a Profit & Loss Account and Balance Sheet",how-to-read-a-profit-loss-account-and-balance-sheet,True,164,0,0,0,Beginner,0,"2014-09-22 04:05:52","Business Finance"
416,"Bookkeeping Systems",bookkeeping-systems,True,199,0,0,0,Beginner,0,"2014-09-22 05:16:06","Business Finance"
419,"Tradeonomics - Four Steps to Mastering Economic Indicators",a-laymans-guide-to-the-us-economy-demystifying-indicators,True,198,0,0,0,Beginner,0,"2016-04-01 15:56:38","Business Finance"
424,"How I Trade Forex Successfully",how-trade-forex-successfully,True,24,0,0,0,Beginner,0,"2015-11-13 17:28:16","Business Finance"
430,"Forex - Trade Gartley with Precision - Complete Strategy",forex-trade-gartley-with-precision-complete-strategy,True,33,0,0,0,Beginner,0,"2016-07-29 16:49:37","Business Finance"
433,"Accounting and the Triple Bottom Line",accounting-and-the-triple-bottom-line,True,198,0,0,0,Intermediate,0,"2015-07-10 00:16:42","Business Finance"
434,"MQL5 - Beginner To Expert",mql5-beginner-to-expert,True,112,0,0,0,Beginner,0,"2017-04-06 21:39:23","Business Finance"
435,"How to be A High Performance Insurance Broker Part 2",how-to-be-a-high-performance-insurance-broker-part-2,True,136,0,0,0,Beginner,0,"2014-04-06 16:50:18","Business Finance"
444,"MCA Accountancy and Financial Management -Paper MCS 35 IGNOU",time-value-of-money,True,27,0,0,0,Beginner,0,"2014-12-06 16:34:03","Business Finance"
448,"Year-end QuickBooks Procedures",year-end-quickbooks-procedures,True,36,0,0,0,Beginner,0,"2015-02-19 22:08:53","Business Finance"
457,"Aprenda a Investir no Tesouro Direto Passo a Passo",tesouro-direto-passo-a-passo,True,75,0,0,0,Beginner,0,"2017-04-25 07:06:14","Business Finance"
458,"Aprende a invertir y deja que tu dinero trabaje para ti",aprende-a-invertir-y-deja-que-tu-dinero-trabaje-para-ti,True,9,0,0,0,Beginner,0,"2014-03-03 09:52:27","Business Finance"
460,"Flow Management and Forecasting",cashflow-management-and-forecasting,True,109,0,0,0,Beginner,0,"2014-09-22 04:57:47","Business Finance"
466,"Trading Tips from Hedge Fund Manager",trading-tips-from-hedge-fund-manager,True,112,0,0,0,Beginner,0,"2015-07-22 20:56:34","Business Finance"
467,"Effective Debt Collection Strategies",effective-debt-collection,True,123,0,0,0,Intermediate,0,"2015-11-30 22:38:49","Business Finance"
469,"Stock Trading Strategies Using a D.A.R.T.",stock-trading-strategies-using-a-dart,True,158,0,0,0,Beginner,0,"2015-05-26 17:15:13","Business Finance"
475,"Business Economics - Basics (College Level)",business-economics-basics,True,144,0,0,0,Beginner,0,"2015-09-16 18:29:12","Business Finance"
476,"Investing in Stocks? Master The Art of Covered Calls Selling",dont-leave-money-on-the-table-sell-covered-calls,True,18,0,0,0,Beginner,0,"2016-07-28 00:32:48","Business Finance"
485,"Introduction to Financial Statements",introduction-to-financial-statements,True,192,0,0,0,Beginner,0,"2015-08-16 22:26:02","Business Finance"
489,"Introduction to the CFA Program",cfa-introduction,True,23,0,0,0,Beginner,0,"2013-08-12 11:10:42","Business Finance"
490,"Chartered Financial Analyst (CFA) - Level 1 - FRA",apnacourse-cfa-1-fra,True,42,0,0,0,Beginner,0,"2014-06-30 09:21:49","Business Finance"
491,"Excel 4 Accounting & Bookkeeping - Master Lookup Functions",excel-4-accountants-bookkeepers-master-lookup-fuctions,True,54,0,0,0,Beginner,0,"2016-02-13 03:19:09","Business Finance"
497,"Statistics - Measures of Dispersion for CA  CS  CFA exams",measures_of_dispersion,True,5,0,0,0,Beginner,0,"2015-09-14 19:47:25","Business Finance"
498,"Financial Ratios Using Excel",financialratios,True,91,0,0,0,Beginner,0,"2017-03-07 23:10:03","Business Finance"
508,"Learn How to File Taxes for Uber and Lyft Drivers",learn-how-to-file-taxes-from-uber-lyft,True,71,0,0,0,Beginner,0,"2015-02-12 06:17:10","Business Finance"
514,"The Art Of Financial Valuation With Certificate",learn-how-to-think-like-a-financier-leadership-in-finance,True,170,0,0,0,Beginner,0,"2013-09-29 23:52:54","Business Finance"
517,"Invest Like a Pro!",mastering-darvas-trade-like-a-pro-on-the-stock-market,True,124,0,0,0,Beginner,0,"2015-12-29 18:56:44","Business Finance"
521,"Use Crowdfunding Effectively With Indiegogo and Kickstarter",learncrowdfunding,True,2,0,0,0,Beginner,0,"2013-06-25 15:22:28","Business Finance"
522,"The Complete Litecoin Crypto Currency Bootcamp",the-complete-litecoin-crypto-currency-bootcamp,True,22,0,0,0,Beginner,0,"2017-06-28 23:51:45","Business Finance"
524,"Commodity Futures Day Trading Strategies",futures-day-trade-course,True,11,0,0,0,Beginner,0,"2015-08-28 23:47:29","Business Finance"
525,"Learn to invest in the Stock Market",learn-to-invest-in-the-stock-market,True,50,0,0,0,Beginner,0,"2014-11-12 17:37:03","Business Finance"
529,"Kickstarter success in 5 easy steps",kickstarter-success-in-5-easy-steps,True,78,0,0,0,Beginner,0,"2017-05-16 14:55:28","Business Finance"
530,"Understanding Financial Statements",understanding-financial-statements,True,104,0,0,0,Beginner,0,"2016-12-15 14:56:17","Business Finance"
531,"Planning and Executing a Financial Statement Audit",planning-executing-financial-statement-audit,True,43,0,0,0,Intermediate,0,"2017-06-29 23:18:51","Business Finance"
533,"How to achieve personal transformation",learnhowtocreatewealth,True,96,0,0,0,Beginner,0,"2016-12-22 00:28:07","Business Finance"
535,"Credit concepts and checklist for bankers, credit analyst",credit-concepts-and-checklist-for-bankers-credit-analyst,True,116,0,0,0,Beginner,0,"2017-04-24 14:56:01","Business Finance"
544,"Hedge Fund Trading Systems Part Two - Stocks & ETFs",hedge-fund-trading-systems-two,True,192,0,0,0,Advanced,0,"2017-05-16 22:22:15","Business Finance"
546,"Learn about it",the-mysterious-camarilla-equation,True,198,0,0,0,Beginner,0,"2014-06-05 22:40:42","Business Finance"
549,"Basics of Economics For Beginners A to Z - A Complete Course",basics-of-economics-for-absolute-beginners,True,43,0,0,0,Beginner,0,"2015-08-24 00:36:33","Business Finance"
551,"Create Your Own Automated Stock Trading Robot In EXCEL!",automated-trading-excel,True,101,0,0,0,Beginner,0,"2015-12-09 18:35:24","Business Finance"
553,"1. Principles of Simple Interest ",principles-of-simple-interest,True,197,0,0,0,Beginner,0,"2014-01-13 20:43:46","Business Finance"
557,"Accounting Skills for Managers",accounting-skills-for-managers,True,164,0,0,0,Beginner,0,"2012-06-27 16:41:09","Business Finance"
561,"Basel II",basel-ii,True,11,0,0,0,Beginner,0,"2014-03-06 07:16:03","Business Finance"
565,"Introduction to Small Business Accounting Training Tutorial",introduction-to-small-business-accounting-training-tutorial,True,195,0,0,0,Beginner,0,"2013-01-09 02:57:25","Business Finance"
568,"Financial Modeling in Excel for Startups",financial-modeling-in-excel-for-startups,True,24,0,0,0,Beginner,0,"2014-01-05 03:44:26","Business Finance"
570,"Forex Trading For Beginners ",forex-trading-for-beginners-q,True,70,0,0,0,Beginner,0,"2016-01-14 02:46:59","Business Finance"
576,"NPV and IRR Techniques for CA  CFA  CPA Exams",business-investment-decisions,True,18,0,0,0,Beginner,0,"2014-09-22 14:30:17","Business Finance"
579,"Bitcoin for Accountants",bitcoin-for-accountants,True,19,0,0,0,Beginner,0,"2015-02-06 03:15:22","Business Finance"
580,"ProTrader -  Advanced Technical Analysis",protrader-advanced-technical-analysis,True,48,0,0,0,Beginner,0,"2016-08-22 23:31:48","Business Finance"
582,"Financial Accounting, its Cycle, Statements & Analysis",financial-accounting-in-360-minutes,True,35,0,0,0,Beginner,0,"2016-03-08 16:40:40","Business Finance"
583,"Yield Curve Dynamics",yield-curve-dynamics,True,147,0,0,0,Beginner,0,"2014-03-12 14:54:48","Business Finance"
584,"Value Investing and Stock Market Fundamentals",value-investing-and-stock-market-fundamentals,True,1,0,0,0,Beginner,0,"2016-04-07 18:10:31","Business Finance"
587,"Forex - Price action Reversal Strategy",forex-price-action-reversal-strategy,True,109,0,0,0,Beginner,0,"2016-07-04 21:31:45","Business Finance"
588,"Budget preparation for an EU project proposal",budget-preparation-for-an-eu-project-proposal,True,80,0,0,0,Intermediate,0,"2015-06-01 23:05:51","Business Finance"
594,"Corporation Tax Returns UK",corporation-tax-returns-uk,True,145,0,0,0,Beginner,0,"2015-07-23 19:21:21","Business Finance"
600,"Accounting Basics by Hector Garcia, CPA",accounting-explained-under-1-hour-by-hector-garcia-cpa,True,175,0,0,0,Beginner,0,"2016-02-25 16:53:12","Business Finance"
601,"Learn About Bitcoin and Bitcoin Mining",learn-about-bitcoin-and-bitcoin-mining,True,151,0,0,0,Beginner,0,"2015-05-01 23:05:13","Business Finance"
603,"Cost Accounting and Financial Management - A Complete Study",cost-accounting-and-financial-management-a-complete-study,True,199,0,0,0,Beginner,0,"2016-03-04 17:04:28","Business Finance"
606,"Aprende desde cero a operar el mercado de divisas FOREX",aprende-desde-cero-a-operar-el-mercado-de-divisas-forex,True,73,0,0,0,Beginner,0,"2015-10-23 18:19:32","Business Finance"
607,"Cómo usar Metatrader 4 para hacer trading?",como-usar-metatrader-4-para-hacer-trading,True,188,0,0,0,Beginner,0,"2015-07-30 20:57:23","Business Finance"
609,"Psicología del trading",psicologia-del-trading,True,67,0,0,0,Beginner,0,"2017-05-04 23:05:55","Business Finance"
612,"Aprenda  a Investir",estacio-educacao-financeira,True,141,0,0,0,Beginner,0,"2016-06-30 16:50:25","Business Finance"
618,"Workshop on Banking Credit Analysis Process",workshop-on-banking-credit-analysis-process,True,80,0,0,0,Beginner,0,"2017-06-28 23:22:27","Business Finance"
619,"The Cuckoo Strategy to get European Funding",the-cuckoo-strategy-to-get-european-funding,True,26,0,0,0,Beginner,0,"2016-01-06 02:38:23","Business Finance"
622,"Free Ways to Create Passive Income Online",how-to-make-passive-income-online,True,111,0,0,0,Beginner,0,"2017-04-17 22:33:13","Business Finance"
631,"The Binary Institute -  Binary Options Trading Course",the-binary-institute-binary-options-trading-course,True,190,0,0,0,Beginner,0,"2015-12-14 18:27:08","Business Finance"
633,"Matemática Financeira com HP12C e MS Excel",matematica-financeira-com-hp12-e-ms-excel,True,162,0,0,0,Beginner,0,"2016-10-12 13:50:11","Business Finance"
638,"Le basi del Trading",le-basi-del-trading,True,132,0,0,0,Beginner,0,"2017-03-11 00:58:58","Business Finance"
639,"Profit and Loss Account for bankers and credit analysts",profit-and-loss-account-for-bankers-and-credit-analysts,True,43,0,0,0,Beginner,0,"2017-04-23 22:07:02","Business Finance"
647,"Intro. to Asset-Backed Securities, CFA Level I,  2017 Prep",intro-to-asset-backed-securities-cfa-level-i-2017-prep,True,147,0,0,0,Beginner,0,"2017-03-27 19:59:34","Business Finance"
650,"Do Your Own Accounts",doyourownaccounts,True,165,0,0,0,Beginner,0,"2015-02-13 09:56:58","Business Finance"
651,"CFA Level 1 - Derivatives",cfa-exam,True,120,0,0,0,Beginner,0,"2014-07-21 10:31:02","Business Finance"
652,"Accounting for everyone! ",accounting-for-everyone,True,101,0,0,0,Beginner,0,"2014-11-19 00:34:25","Business Finance"
655,"Manual Bookkeeping",manual-bookkeeping,True,98,0,0,0,Intermediate,0,"2015-07-24 20:42:34","Business Finance"
657,"How To Pay Less Tax (UK version)",paylesstax,True,25,0,0,0,Beginner,0,"2016-01-19 18:20:04","Business Finance"
658,"Forex trading with binary options",forex-trading-with-binary-options,True,111,0,0,0,Beginner,0,"2016-05-16 21:40:10","Business Finance"
660,"Cost Accounting - A Comprehensive Study",cost-accounting-a-comprehensive-study,True,43,0,0,0,Beginner,0,"2015-04-26 23:46:55","Business Finance"
664,"Trading for winning",charting-for-beginners-for-dummies-newbies-technical-analysis,True,200,0,0,0,Beginner,0,"2017-01-23 05:18:48","Business Finance"
665,"Options Basics & Trading With Small Capital! - Level 1",options-basics-trading-with-small-capital,True,76,0,0,0,Beginner,0,"2016-07-26 20:26:58","Business Finance"
667,"Learn to Trade Forex Big U-Turn Trade",learn-to-trade-forex-big-u-turn-trade,True,82,0,0,0,Beginner,0,"2016-02-24 18:44:24","Business Finance"
668,"Technical Analysis Primer for trading Stocks, Bonds & Forex",technical-analysis-made-easy,True,51,0,0,0,Beginner,0,"2015-11-23 19:16:33","Business Finance"
669,"Stock Trading with this Strategy",stock-trading-with-this-strategy,True,6,0,0,0,Beginner,0,"2015-08-13 21:52:16","Business Finance"
671,"Stock Trading Essentials for Day Traders",stock-trading-essentials-for-day-traders,True,57,0,0,0,Beginner,0,"2015-01-08 17:40:22","Business Finance"
673,"Portfolio Management CFA L1 2016",portfolio-management-cfa-l1,True,61,0,0,0,Beginner,0,"2015-09-15 20:48:19","Business Finance"
682,"Raising Capital for Your Business",raising-capital-for-your-business,True,167,0,0,0,Beginner,0,"2015-08-03 22:46:45","Business Finance"
688,"Simple Options Trading System",safe-and-easy-options-trading,True,168,0,0,0,Intermediate,0,"2014-07-31 20:25:42","Business Finance"
693,"Forex Harmonic Trading- With Multiple Forex Chart Examples",forex-harmonic-trading-with-multiple-examples,True,130,0,0,0,Beginner,0,"2016-11-28 17:21:07","Business Finance"
699,"Introduction to Futures & Options",introduction-to-futures-options,True,33,0,0,0,Beginner,0,"2014-03-11 17:06:53","Business Finance"
711,"Profits Turbo",profits-turbo,True,41,0,0,0,Intermediate,0,"2013-06-03 15:35:46","Business Finance"
714,"Investing in Stocks & Shares",making-money-from-stocks-shares,True,183,0,0,0,Beginner,0,"2016-05-23 06:21:40","Business Finance"
715,"Learn Financial Modeling from Scratch - Part 2",learn-financial-modeling-part-2,True,62,0,0,0,Beginner,0,"2016-04-07 15:15:10","Business Finance"
719,"Introducción a la contabilidad",contabilidad-en-una-hora,True,148,0,0,0,Beginner,0,"2014-12-17 12:50:58","Business Finance"
721,"Contabilidad Gubernamental en México",contabilidad-gubernamental,True,179,0,0,0,Beginner,0,"2015-08-14 19:29:24","Business Finance"
722,"Formação de preços em serviços",formacao-de-precos-em-servicos,True,55,0,0,0,Intermediate,0,"2017-04-26 05:08:15","Business Finance"
723,"Geld verdienen mit dem Ticken der Uhr, wie Warren Buffett!",optionen-kompass-ihr-navi-fur-konstanten-borsenerfolg,True,148,0,0,0,Beginner,0,"2016-03-30 01:44:45","Business Finance"
726,"Curso de Iniciación al Trading",curso-de-iniciacion-al-trading,True,141,0,0,0,Beginner,0,"2015-11-26 05:26:14","Business Finance"
728,"3 documentos clave para administrar tu empresa con éxito",3-documentos-clave-para-administrar-tu-empresa-con-exito,True,131,0,0,0,Intermediate,0,"2013-05-16 10:03:47","Business Finance"
729,"ForexOpciones Binarias para Principiantes",forexopciones-binarias-para-principiantes,True,148,0,0,0,Beginner,0,"2016-04-01 21:22:52","Business Finance"
732,"Contabilità Generale",contabilita-generale,True,162,0,0,0,Beginner,0,"2017-05-29 23:47:21","Business Finance"
735,"Le basi del trading online",le-basi-del-trading-online,True,100,0,0,0,Beginner,0,"2017-05-31 17:02:09","Business Finance"
737,"Invierte en la Bolsa Mexicana y de USA",invierte-en-la-bmv,True,196,0,0,0,Beginner,0,"2015-08-10 18:43:10","Business Finance"
740,"Tudo sobre Investimentos em Renda Fixa",tudo-sobre-investimentos-em-renda-fixa,True,188,0,0,0,Beginner,0,"2016-08-22 14:42:20","Business Finance"
743,"Introducción a las Finanzas",introduccion-a-las-finanzas,True,9,0,0,0,Beginner,0,"2015-01-27 20:20:34","Business Finance"
746,"Introduction to Health Financing",introduction-to-health-financing,True,97,0,0,0,Beginner,0,"2016-05-17 19:10:41","Business Finance"
748,"9. Sinking Funds",sinking-funds,True,12,0,0,0,Beginner,0,"2014-02-11 18:08:38","Business Finance"
750,"Accounting - Basic Costing ",basic-costing,True,140,0,0,0,Beginner,0,"2015-08-04 18:45:56","Business Finance"
753,"Understanding Financial Derivatives",understanding-financial-derivatives,True,165,0,0,0,Intermediate,0,"2017-03-24 22:25:11","Business Finance"
756,"The Fast Route to a Faster Financial Close",faster-financial-close,True,83,0,0,0,Intermediate,0,"2017-06-23 22:05:17","Business Finance"
759,"Depreciation, Amortization and Depletion",depreciation-amor,True,169,0,0,0,Intermediate,0,"2017-03-06 23:59:02","Business Finance"
760,"Breakeven Analysis and Pricing",breakeven-analysis-and-pricing,True,148,0,0,0,Beginner,0,"2014-09-22 04:32:37","Business Finance"
763,"Accounting and Business Basics",accounting-and-business-basics,True,185,0,0,0,Beginner,0,"2017-01-19 16:37:27","Business Finance"
766,"Gana en la Bolsa con Análisis Técnico",curso-basico-de-interpretacion-de-la-bolsa-mediante-graficos,True,177,0,0,0,Beginner,0,"2014-01-29 09:35:29","Business Finance"
768,"Cómo ganar dinero invirtiendo en bolsa",como-ganar-dinero-invirtiendo-en-bolsa,True,32,0,0,0,Beginner,0,"2016-04-02 01:46:55","Business Finance"
769,"Investiere in Tax Liens-Hohe Zinsen gesetzl. festgeschrieben",investiere-online-und-erhalte-zinsen-von-25-in-dollar,True,112,0,0,0,Beginner,0,"2015-02-25 15:13:13","Business Finance"
772,"Grundlagen der finanziellen Unabhängigkeit",grundlagen-der-finanziellen-unabhangigkeit,True,147,0,0,0,Beginner,0,"2016-04-21 19:07:16","Business Finance"
773,"Wie Du, Dir auch mit kleinen Beträgen ein Vermögen aufbaust",wie-du-dir-auch-mit-kleinen-betragen-ein-vermogen-aufbaust,True,54,0,0,0,Beginner,0,"2016-12-14 20:18:45","Business Finance"
777,"Learn Wave accounting to maintain books properly",learn-wave-accounting-to-maintain-books-properly,True,123,0,0,0,Beginner,0,"2016-01-13 22:06:39","Business Finance"
779,"Surviving Introduction to Finance",surviving-introduction-to-finance,True,157,0,0,0,Beginner,0,"2014-02-06 03:58:39","Business Finance"
780,"Cost of Capital and Weighted Average Cost of Capital",weighted-average-cost-of-capital-wacc,True,37,0,0,0,Beginner,0,"2016-04-11 20:44:34","Business Finance"
781,"Studying the CFA Program exams (Mandarin language version)",studying-the-cfa-mandarin,True,120,0,0,0,Beginner,0,"2014-04-09 08:38:41","Business Finance"
783,"Learn How To use Channels to find amazing Forex Entries",learn-how-to-use-channels-to-find-amazing-forex-entries,True,10,0,0,0,Beginner,0,"2017-05-24 18:05:36","Business Finance"
785,"Cost Accounting Labour Costing (Professional Course Level)",labour-costing,True,79,0,0,0,Beginner,0,"2015-04-20 18:33:40","Business Finance"
786,"The Intelligent Investor",the-intelligent-investor,True,61,0,0,0,Beginner,0,"2015-08-27 00:02:29","Business Finance"
787,"Build your own Naked Trading Forex Robot",build-your-own-naked-trading-forex-robot,True,136,0,0,0,Beginner,0,"2015-08-11 21:24:32","Business Finance"
788,"Tax Strategies of the Wealthy",everything-you-need-to-know-about-taxes,True,79,0,0,0,Beginner,0,"2016-04-29 23:25:42","Business Finance"
789,"The Ultimate Fibonacci Trading Plan for Forex and Stocks",fibonacci-trading-strategy,True,117,0,0,0,Beginner,0,"2016-08-19 19:12:04","Business Finance"
791,"Forex - Calculate Lot Size Like Pro",forex-calculate-lot-size-like-pro,True,98,0,0,0,Beginner,0,"2016-06-21 03:14:09","Business Finance"
793,"Trading Robot Forex Programs in Your Sleep in Live Examples!",trading-robot-forex-programs-in-your-sleep-in-live-examples,True,108,0,0,0,Advanced,0,"2016-01-28 23:03:11","Business Finance"
800,"Equity Products",equity-products,True,94,0,0,0,Beginner,0,"2014-03-11 15:48:52","Business Finance"
803,"Basics of Tax in India  (College Level)",basics-of-indian-income-tax,True,103,0,0,0,Beginner,0,"2015-01-31 13:53:48","Business Finance"
804,"Trade for a Living",trade-for-a-living,True,185,0,0,0,Beginner,0,"2014-03-22 22:56:09","Business Finance"
805,"Banking Credit Analysis Process (for Bankers)",credit-analysis-process,True,67,0,0,0,Beginner,0,"2014-07-12 11:00:16","Business Finance"
808,"Get out of Debt - The Power of Using Compounding Interest",get-out-of-debt-the-power-of-using-compounding-interest,True,192,0,0,0,Beginner,0,"2015-01-12 00:55:49","Business Finance"
811,"Learn to Trade Forex Naked Price Action Wammie Trade",learn-to-trade-forex-naked-price-action-wammie-trade,True,99,0,0,0,Beginner,0,"2016-02-17 19:07:59","Business Finance"
816,"Hedge Fund Trading Systems For Stocks - Part One",amibroker-trading-systems,True,47,0,0,0,Beginner,0,"2016-10-29 21:56:38","Business Finance"
817,"Bonds For Beginners - A Guide To The Bond Markets",bonds-for-beginners-a-guide-to-fixed-income-investments,True,1,0,0,0,Beginner,0,"2015-04-20 21:17:15","Business Finance"
818,"Crowdfunding for Filmmakers",crowdfunding-for-filmmakers,True,18,0,0,0,Beginner,0,"2015-12-01 18:38:53","Business Finance"
819,"How to Make IT Work Successfully in Capital Markets",how-to-make-it-work-successfully-in-capital-markets,True,196,0,0,0,Beginner,0,"2014-03-11 16:26:48","Business Finance"
821,"Learn How to Profit In Forex With Market Rhythms",learn-how-to-profit-with-market-rhythms,True,50,0,0,0,Beginner,0,"2014-08-02 17:13:03","Business Finance"
832,"How to Grow your Small Business and not run out of Cash",how-to-grow-your-small-business-and-not-run-out-of-cash,True,195,0,0,0,Beginner,0,"2016-04-05 18:55:57","Business Finance"
833,"Finance for Non Finance Executives",finance-for-non-finance-executives,True,29,0,0,0,Beginner,0,"2014-06-25 15:09:12","Business Finance"
839,"Illustrator CC MasterClass",illustrator-cc-masterclass,True,185,0,0,0,Beginner,0,"2017-05-02 16:41:21","Graphic Design"
843,"Create Professional Looking Infographics With No Experience",create-professional-looking-infographics,True,61,0,0,0,Beginner,0,"2017-03-21 19:00:13","Graphic Design"
846,"Deinen Roman setzen mit PagePlus in 10 einfachen Schritten",deinen-roman-setzen-mit-pageplus-in-10-einfachen-schritten,True,140,0,0,0,Beginner,0,"2017-04-24 16:44:12","Graphic Design"
848,"The Ultimate Drawing Course - Beginner to Advanced",the-ultimate-drawing-course-beginner-to-advanced,True,19,0,0,0,Beginner,0,"2017-01-23 00:20:05","Graphic Design"
853,"Vector Logo Design in Affinity Designer",logoaffinitydesigner,True,176,0,0,0,Beginner,0,"2017-02-07 18:09:03","Graphic Design"
854,"How To Create A Low Poly Portrait With The Pen Tool",how-to-create-a-low-poly-portrait-with-the-pen-tool-adobe-illustrator,True,112,0,0,0,Beginner,0,"2016-11-15 14:40:56","Graphic Design"
858,"Learn to create beautiful web interfaces and logos",how-to-create-beautiful-web-designs,True,120,0,0,0,Beginner,0,"2013-07-17 18:18:02","Graphic Design"
863,"Adobe InDesign CC Advanced",adobe-indesign-cc-advanced,True,141,0,0,0,Advanced,0,"2016-10-18 17:09:56","Graphic Design"
865,"MicroStation - Células",microstation-celulas,True,164,0,0,0,Beginner,0,"2014-04-15 21:48:55","Graphic Design"
866,"Photoshop - Creación de Efectos 2",photoshop-creacion-de-efectos-2,True,152,0,0,0,Beginner,0,"2017-05-17 19:19:18","Graphic Design"
869,"Photoshop - Aprende a Transformar Imágenes",photoshop-aprende-a-transformar-imagenes,True,99,0,0,0,Beginner,0,"2017-03-08 18:05:51","Graphic Design"
871,"Adobe Photoshop pentru Social Media",adobe-photoshop-pentru-social-media,True,149,0,0,0,Beginner,0,"2016-06-08 16:02:39","Graphic Design"
873,"Cómo crear maquetas con Adobe XD",como-crear-maquetas-con-adobe-xd,True,46,0,0,0,Beginner,0,"2017-05-28 16:17:36","Graphic Design"
874,"Aprenda Modelagem 3D com o 123D Design",123d-design,True,100,0,0,0,Beginner,0,"2016-07-07 21:15:34","Graphic Design"
878,"Design a logo for FREE in Inkscape",logoinkscape,True,29,0,0,0,Beginner,0,"2017-05-01 18:32:43","Graphic Design"
885,"Teoria Basica del Arte. Como Pintar Ilustraciones Digitales",teoria-basica-del-arte-como-pintar-ilustraciones-digitales,True,187,0,0,0,Beginner,0,"2015-09-08 17:29:12","Graphic Design"
889,"Photoshop para iniciante - o básico",photoshop-para-iniciante-o-basico,True,172,0,0,0,Beginner,0,"2017-07-03 01:36:55","Graphic Design"
894,"Photoshop CC 2015 Top New Features",photoshop-cc-2015-top-new-features,True,100,0,0,0,Beginner,0,"2017-06-26 19:37:58","Graphic Design"
895,"Cartoon Game Logo Design using Photoshop",cartoon-game-logo-design-using-photoshop,True,165,0,0,0,Beginner,0,"2015-11-11 18:54:16","Graphic Design"
901,"How to design a business card on Photoshop (for beginners)",businesscarddesignphotoshop,True,138,0,0,0,Beginner,0,"2016-08-27 19:02:40","Graphic Design"
905,"Learn Blender 3D  - The introduction course",learn-blender-3d-in-under-2-hours-the-intro-course,True,20,0,0,0,Beginner,0,"2016-08-19 00:52:30","Graphic Design"
906,"Inkscape For Beginners 20162017",udemy-master-inkscape-beginner-course-20162017-unofficial,True,100,0,0,0,Beginner,0,"2016-09-26 17:24:45","Graphic Design"
911,"Become A Logo Designer ",become-a-logo-designer,True,56,0,0,0,Beginner,0,"2015-07-14 16:07:03","Graphic Design"
915,"Learning Photoshop CC 2014 in Egyptian Arabic ",photoshop-egyptian-arabic,True,183,0,0,0,Beginner,0,"2016-01-10 16:24:47","Graphic Design"
919,"Make tech circles in Adobe Illustrator in 30 minutes",make-tech-circles-in-adobe-illustrator-in-30-minutes,True,192,0,0,0,Beginner,0,"2015-10-14 21:42:40","Graphic Design"
922,"Turn Your Photos Into Professional And Modern Artworks",turn-your-photos-into-professional-and-modern-artworks,True,21,0,0,0,Beginner,0,"2014-09-16 13:09:16","Graphic Design"
923,"Getting Started With Photoshop CC",getting-started-with-photoshop-cc2,True,192,0,0,0,Beginner,0,"2015-06-19 22:25:42","Graphic Design"
924,"Learn Adobe Photoshop in 1 Hour",learn-adobe-photoshop-in-1-hour,True,67,0,0,0,Beginner,0,"2015-07-07 23:16:37","Graphic Design"
926,"Illustrator - Creating stylised images from a photo",illustrator-free-creating-stylised-images-from-a-photo-using-trace,True,57,0,0,0,Beginner,0,"2014-09-09 14:16:50","Graphic Design"
931,Infodesign,infodesign,True,155,0,0,0,Beginner,0,"2017-03-24 00:39:48","Graphic Design"
932,"Affinity Designer - tworzenie wzorków",affinity-designer-tworzenie-wzorkow,True,84,0,0,0,Beginner,0,"2017-01-13 20:08:41","Graphic Design"
935,"Advance Learning Tools Corel Draw Graphics Design",advance-learning-tools-corel-draw-graphics-design,True,120,0,0,0,Beginner,0,"2016-05-31 21:27:22","Graphic Design"
936,"Logo Design for Entrepreneurs ",introduction-to-logo-design,True,158,0,0,0,Beginner,0,"2014-04-04 16:21:31","Graphic Design"
937,"Draw a Kitten",draw-a-kitten,True,147,0,0,0,Beginner,0,"2015-06-12 18:37:40","Graphic Design"
939,"Texturing For Designers - Bring Life to Design With Textures",texturing-for-designers-bring-life-to-design-with-textures,True,16,0,0,0,Beginner,0,"2017-04-18 00:47:52","Graphic Design"
944,"Photoshop Workflow - Manipulação de imagem para Publicidade",photoshop-workflow-profissional,True,183,0,0,0,Advanced,0,"2017-06-28 03:28:04","Graphic Design"
948,"Convert Image to Vector in Adobe illustrator",convert-image-to-vector-in-adobe-illustrator,True,124,0,0,0,Intermediate,0,"2016-07-13 16:57:42","Graphic Design"
949,"Design & Create Vector Graphics With Inkscape 2016",design-create-vector-graphics-with-inkscape,True,127,0,0,0,Beginner,0,"2015-06-08 18:46:45","Graphic Design"
951,"Learn Photoshop Quickly (For Bloggers & Web Images)",pscourse,True,148,0,0,0,Beginner,0,"2014-10-08 22:31:26","Graphic Design"
954,"Logo Design Theory & Application Bootcamp",logo-design-theory-application-bootcamp,True,129,0,0,0,Beginner,0,"2016-01-10 16:16:39","Graphic Design"
955,"LaTeX for Professional Publications",learn-latex,True,3,0,0,0,Beginner,0,"2013-09-24 18:21:26","Graphic Design"
961,"How to stylize your photos in Photoshop with color overlays",how-to-stylize-your-photos-in-photoshop-with-color-overlays,True,164,0,0,0,Beginner,0,"2017-03-30 16:26:36","Graphic Design"
964,"The Logo Design Process From Start To Finish",the-logo-design-process-from-start-to-finish,True,84,0,0,0,Beginner,0,"2013-09-24 03:52:32","Graphic Design"
971,"Photoshop - Tratamento de pele profissional",como-fazer-retoque-de-pele-profissional-em-10-passos,True,72,0,0,0,Intermediate,0,"2017-06-06 14:22:28","Graphic Design"
973,"Primeros Pasos con Photoshop CC",felinu-primeros-pasos-con-photoshop,True,32,0,0,0,Beginner,0,"2015-09-23 15:30:59","Graphic Design"
977,"master course - realistisch zeichnen lernen",realistisch-zeichnen-lernen-augen,True,102,0,0,0,Beginner,0,"2016-02-10 00:25:00","Graphic Design"
979,"Learn UIUX and Mobile App Design in Photoshop from Scratch",learn-uiux-and-mobile-app-design-in-photoshop-from-scratch,True,166,0,0,0,Beginner,0,"2015-08-06 20:22:52","Graphic Design"
985,"YOU can Draw, Shade and Paint a Mixed Media Girl...today!",paint-a-mixed-media-girl,True,101,0,0,0,Beginner,0,"2014-01-28 02:30:26","Graphic Design"
987,"Text based Logo Design for Business Using Adobe Photoshop",text-based-logo-design-using-adobe-photoshop,True,89,0,0,0,Beginner,0,"2015-08-03 22:10:33","Graphic Design"
988,"BUSINESS CARD DESIGN IN POWERPOINT",design-flat-business-cards-in-powerpoint,True,5,0,0,0,Beginner,0,"2016-05-15 18:57:39","Graphic Design"
991,"Graphic Design - An Overview of the Field",graphic-design-secrets,True,44,0,0,0,Beginner,0,"2015-11-09 19:10:57","Graphic Design"
992,"FLAT ICON DESIGN IN POWERPOINT",flat-icon-design-powerpoint,True,161,0,0,0,Beginner,0,"2016-05-03 00:54:17","Graphic Design"
993,"Bring your sketch to life - learn digital illustration",digital-illustration-with-illustrator-and-photoshop,True,41,0,0,0,Beginner,0,"2016-04-29 00:39:55","Graphic Design"
994,"Design Tickets and Vouchers in Photoshop and Illustrator",design-tickets-and-vouchers-in-photoshop-and-illustrator,True,144,0,0,0,Beginner,0,"2017-05-27 00:01:54","Graphic Design"
997,"Design bestselling T-shirts from Beginner to Expert.",t-shirt-design-from-beginner-to-expert-using-photoshop,True,1,0,0,0,Beginner,0,"2016-04-06 20:48:07","Graphic Design"
999,"Create Animated Gif Advertising Banners in Photoshop CC",learn-how-to-create-animated-gif-advertising-banners-in-photoshop-cc,True,105,0,0,0,Beginner,0,"2017-01-10 21:46:22","Graphic Design"
1001,"Adobe - Create a professional logo step-by-step (Beauty)",adobe-create-a-professional-logo-step-by-step-beauty,True,123,0,0,0,Beginner,0,"2016-08-27 23:43:41","Graphic Design"
1002,"Essential Skills for Designers - Mastering the Pen Tool",pen-tool,True,181,0,0,0,Beginner,0,"2013-05-13 12:59:21","Graphic Design"
1005,"History of Art and Design from XV to XXI century",history-of-design-abc,True,9,0,0,0,Beginner,0,"2016-10-24 15:44:34","Graphic Design"
1006,"Adobe Illustrator CC for beginners",illustrator-cc-real-world-projects-for-beginners,True,46,0,0,0,Beginner,0,"2014-12-17 14:01:35","Graphic Design"
1007,"Complete Portrait and Figure Drawing (step-by-step)",complete-portrait-and-figure-drawing-step-by-step,True,140,0,0,0,Beginner,0,"2014-12-17 18:16:16","Graphic Design"
1013,"Become a Graphic Designer, and earn a living from it",become-a-graphic-designer-and-earn-a-living-from-it,True,138,0,0,0,Beginner,0,"2014-09-17 13:20:56","Graphic Design"
1014,"Learn 2D Cell Shading in Photoshop",3dmotive-learn-2d-cell-shading-in-photoshop,True,77,0,0,0,Intermediate,0,"2016-03-14 16:25:09","Graphic Design"
1015,"Learn Digital Drawing in Photoshop",digital-drawing-in-photoshop,True,81,0,0,0,Beginner,0,"2015-10-12 21:21:22","Graphic Design"
1016,"Quickly Batch Export & Package Logo Files for Clients",quickly-batch-export-package-logo-files-for-clients,True,180,0,0,0,Intermediate,0,"2017-05-01 22:06:06","Graphic Design"
1017,"Logo Design for Everybody",logo-design-for-everybody,True,42,0,0,0,Beginner,0,"2016-03-08 17:30:36","Graphic Design"
1020,"Logo Portfolio in 1 Hour in Wordpress",logoportfolio,True,122,0,0,0,Beginner,0,"2016-12-06 22:13:44","Graphic Design"
1023,"Design and Animate a Gamer UI",design-and-animate-a-gamer-ui,True,147,0,0,0,Beginner,0,"2015-01-15 19:59:29","Graphic Design"
1024,"Learn Blender 3D - The materials and texture course",learn-blender-3d-the-materials-and-texture-course,True,140,0,0,0,Beginner,0,"2016-08-08 22:30:17","Graphic Design"
1027,"Learn to Design a Logo in Adobe Illustrator",learn-to-design-a-logo-in-adobe-illustrator,True,3,0,0,0,Beginner,0,"2014-08-23 23:17:22","Graphic Design"
1028,"Diseño de logo para principiantes",logo_para_principiantes,True,166,0,0,0,Beginner,0,"2015-03-23 17:37:40","Graphic Design"
1038,"Corel Draw X8 Başlangıç Eğitimi (YENİ)",coreldraw-x8-temel-egitimi-yeni,True,125,0,0,0,Beginner,0,"2017-06-21 19:35:10","Graphic Design"
1041,"Clipping Masks & Shaped images in Adobe Photoshop CC",how-to-adobe-photoshop-clipping-mask-layer-tutorial-images-photoshop,True,170,0,0,0,Beginner,0,"2016-12-09 04:41:48","Graphic Design"
1044,"Make flat design trees in Adobe Illustrator in 30 minutes!",make-flat-design-trees-in-adobe-illustrator-in-30-minutes,True,41,0,0,0,Beginner,0,"2016-01-22 21:24:38","Graphic Design"
1045,"Photoshop Fantastic! - The Comprehensive Guide to Photoshop",photoshopfantastic,True,51,0,0,0,Beginner,0,"2016-04-06 05:29:30","Graphic Design"
1046,"Easy Typography Tips to Beautify and Strengthen Your Work",typography-tips,True,6,0,0,0,Intermediate,0,"2015-08-06 21:35:13","Graphic Design"
1050,Lettering,saibala-lettering,True,143,0,0,0,Beginner,0,"2016-03-24 21:12:01","Graphic Design"
1051,"Corel Draw x7",coreldrawx7,True,117,0,0,0,Beginner,0,"2016-07-20 19:22:32","Graphic Design"
1054,"Photoshop - Composição vintage",curso-de-photoshop-composicao-vintage,True,55,0,0,0,Beginner,0,"2017-06-12 13:12:54","Graphic Design"
1055,"Illustrator CC 2016 Power Workshops (Deutsch)",illustrator-cc-2016-power-workshops-deutsch,True,100,0,0,0,Intermediate,0,"2016-07-25 17:16:46","Graphic Design"
1059,"Designing an eBook Cover that Sells",designing-an-ebook-cover,True,50,0,0,0,Beginner,0,"2015-05-08 21:54:13","Graphic Design"
1062,"Create your own Photoshop brush preset!",create-autumn-leaf-brushes,True,101,0,0,0,Beginner,0,"2016-11-18 01:59:31","Graphic Design"
1069,"Learn to Draw Pretty Faces for Comic Books",learn-to-draw-pretty-faces-for-comic-books,True,60,0,0,0,Beginner,0,"2016-08-08 21:01:21","Graphic Design"
1076,"Logo Design - Guide to Logo Design in Photoshop",graphic-design-mastering-logo-design,True,49,0,0,0,Beginner,0,"2016-02-05 05:20:39","Graphic Design"
1077,"Logo Design Essentials ",logo-design,True,50,0,0,0,Beginner,0,"2014-06-30 03:09:27","Graphic Design"
1078,"Whiteboard Animation, Beginner To Expert - In 1 Hour!",whiteboardanimation,True,175,0,0,0,Beginner,0,"2017-03-14 20:52:30","Graphic Design"
1085,"Create an Accelerated Learning Flowchart with Watercolors",design-an-information-diet-plan-with-a-watercolor-flowchart,True,37,0,0,0,Beginner,0,"2015-06-08 17:56:38","Graphic Design"
1086,"How to Create Vector Characters in Illustrator or Photoshop",how-to-create-vector-characters-in-illustrator-or-photoshop,True,84,0,0,0,Beginner,0,"2014-10-02 17:40:19","Graphic Design"
1099,"Adobe Photoshop CC for Photographers Advanced",adobe-photoshop-cc-for-photographers-advanced,True,46,0,0,0,Advanced,0,"2017-01-19 22:12:04","Graphic Design"
1100,"Adobe InDesign Tips and Tricks",adobe-indesign-best-tutorials,True,167,0,0,0,Beginner,0,"2015-06-22 23:37:56","Graphic Design"
1103,"Events Promotion Design",eventspromotiondesign,True,71,0,0,0,Intermediate,0,"2016-02-11 21:43:10","Graphic Design"
1109,"Learn to Create Deliverable Brand Identity Package",learn-to-create-deliverable-brand-identity-package,True,27,0,0,0,Beginner,0,"2017-04-13 00:51:27","Graphic Design"
1112,"Character Concept Design for Beginners",character-concept-design-from-beginner-to-pro,True,4,0,0,0,Beginner,0,"2016-09-18 17:56:23","Graphic Design"
1113,"Icon & Logo Symbol Design in Adobe Illustrator",icondesign,True,116,0,0,0,Beginner,0,"2016-11-23 22:57:18","Graphic Design"
1119,"How To Become An Etsy Wholesale Seller",how-to-become-an-etsy-wholesale-seller,True,192,0,0,0,Beginner,0,"2016-03-29 22:34:30","Graphic Design"
1123,"Learn Sketch 3 Mobile App Design From Scratch",learn-sketch-3-graphic-design-from-scratch,True,47,0,0,0,Beginner,0,"2015-01-27 18:01:38","Graphic Design"
1127,"Doble exposición con Photoshop",doble-exposicion-con-photoshop,True,147,0,0,0,Beginner,0,"2015-10-15 23:12:58","Graphic Design"
1128,"Débuter avec KRITA",debuter-avec-krita,True,97,0,0,0,Intermediate,0,"2017-05-01 21:00:57","Graphic Design"
1129,"Criando um poster com foto colagem digital",criando-poster-digital-foto-colagem,True,73,0,0,0,Beginner,0,"2017-05-25 11:25:50","Graphic Design"
1131,"Interiores Sostenibles 101",interiores-sostenibles-101,True,48,0,0,0,Beginner,0,"2017-04-15 18:43:37","Graphic Design"
1135,"Practical Font Design",practical-font-design,True,93,0,0,0,Intermediate,0,"2014-04-16 15:08:48","Graphic Design"
1140,"Adobe Illustrator CC - From scratch ",adobe-illustrator-cc-from-scratch,True,132,0,0,0,Beginner,0,"2015-06-26 18:43:13","Graphic Design"
1145,"Beginners Guide to Kindle Ebook Covers Design With Fireworks",beginners-guide-to-kindle-ebook-covers-design-with-fireworks,True,76,0,0,0,Beginner,0,"2017-06-19 19:26:46","Graphic Design"
1146,"The Complete Adobe Spark Course",the-complete-adobe-spark-course,True,37,0,0,0,Beginner,0,"2017-07-03 17:39:57","Graphic Design"
1148,"Aprende a utilizar Canva",aprende-a-utilizar-canva,True,187,0,0,0,Beginner,0,"2017-05-28 16:09:00","Graphic Design"
1154,"Learn How To Design a Logo in Adobe Illustrator in 30 Mins",30minlogo,True,91,0,0,0,Beginner,0,"2017-01-16 22:00:29","Graphic Design"
1164,"create 9 professional logo design full version",create-9-professional-logo-design-full-version-beginner,True,125,0,0,0,Beginner,0,"2013-07-23 10:40:16","Graphic Design"
1166,"Learn Adobe InDesign from Scratch",learn-adobe-indesign-from-scratch,True,189,0,0,0,Beginner,0,"2016-06-20 15:34:32","Graphic Design"
1168,"Photoshop Tools 101",photoshoptools101,True,133,0,0,0,Beginner,0,"2017-05-01 21:49:18","Graphic Design"
1181,"Creación de iconos con Illustrator",creacion-de-iconos-con-illustrator,True,52,0,0,0,Beginner,0,"2015-01-17 02:28:25","Graphic Design"
1191,"How to Create Top Ranking Mobile App Icons - iOS Edition",appicondesigner,True,193,0,0,0,Beginner,0,"2013-07-30 16:43:28","Graphic Design"
1194,"Create Flat Designs with Inkscape ",create-flat-designs-with-inkscape,True,77,0,0,0,Beginner,0,"2016-02-14 21:56:08","Graphic Design"
1197,"How To Create Amazing YouTube Custom Thumbnail Images",how-to-create-amazing-youtube-custom-thumbnail-images,True,90,0,0,0,Beginner,0,"2013-09-29 22:43:14","Graphic Design"
1198,"Promotional Design Master Class",promotional-design-master-class,True,31,0,0,0,Beginner,0,"2016-12-24 05:22:40","Graphic Design"
1201,"Learn Calligraphy, Handwriting animation wz After Effects",animate_calligraphy_art,True,110,0,0,0,Beginner,0,"2016-11-03 21:56:02","Graphic Design"
1202,"How To Build Your Own Web Banner Design Business",how-to-build-your-own-web-banner-design-business,True,169,0,0,0,Beginner,0,"2016-07-05 18:41:46","Graphic Design"
1204,"Most Wanted Flat Design Techniques",flat-design-flat-ui-design-flat-colors-flat-design-illustrator,True,71,0,0,0,Intermediate,0,"2016-03-17 18:21:18","Graphic Design"
1205,"3DS MAX - Learn 3Ds MAX tutorial for Beginners in Urdu Hindi",learn-3ds-max-tutorial-for-beginners-in-urdu-hindi,True,10,0,0,0,Beginner,0,"2017-04-18 16:45:59","Graphic Design"
1211,"Zombie Apocalypse Photoshop Actions",zombie-apocalypse-photoshop-actions,True,137,0,0,0,Beginner,0,"2016-09-26 22:19:48","Graphic Design"
1212,"Creative Perspective Illustration with GIMP",creative-perspective,True,85,0,0,0,Beginner,0,"2016-11-24 18:24:48","Graphic Design"
1215,"How do I Create a Stylized Graphics from Images in Photoshop",how-do-i-create-a-stylized-graphics-from-images-in-photoshop,True,126,0,0,0,Beginner,0,"2015-09-28 17:20:55","Graphic Design"
1219,"Mestres do Photoshop",mestres-do-photoshop,True,200,0,0,0,Beginner,0,"2015-08-21 23:40:31","Graphic Design"
1220,"illustrator CC 2015.3 - Curso básico de ferramentas",illustratorcc20153,True,121,0,0,0,Beginner,0,"2016-07-08 15:23:08","Graphic Design"
1225,"Enhance your chroma key with an animated Slides background",enhance-your-chroma-key-with-an-animated-slides-background,True,103,0,0,0,Intermediate,0,"2016-07-04 18:50:33","Graphic Design"
1228,"Rock-Solid Brands",rock-solid-brands,True,24,0,0,0,Beginner,0,"2016-02-17 17:06:32","Graphic Design"
1229,"Typographic Poster Design - From Sketch to Vector",typographic-poster-design-from-sketch-to-vector,True,155,0,0,0,Intermediate,0,"2015-10-08 17:21:31","Graphic Design"
1230,"Photoshop the Art of Clipart",photoshop-the-art-of-clipart,True,7,0,0,0,Beginner,0,"2015-07-05 23:38:42","Graphic Design"
1231,"Design Your Own Fonts. Plus A Bunch Of Typography Secrets.",design-your-own-fonts,True,145,0,0,0,Beginner,0,"2016-07-14 17:03:19","Graphic Design"
1234,"Basic Graphic Design for PowerPoint",basic-graphic-design-for-powerpoint,True,172,0,0,0,Beginner,0,"2015-07-26 23:32:34","Graphic Design"
1235,"Master Graphic Design Using Photoshop with Rachael",become-a-master-of-photoshop-in-3-hours-guaranteed,True,154,0,0,0,Beginner,0,"2014-11-07 09:12:47","Graphic Design"
1237,"From Drawing to Illustration",from-drawing-to-illustration,True,67,0,0,0,Beginner,0,"2015-04-17 17:20:21","Graphic Design"
1238,"Design while you learn InDesign CC",design-while-you-learn-indesign-cc,True,109,0,0,0,Beginner,0,"2014-04-07 17:28:14","Graphic Design"
1242,"Inkscape 101 for Beginners - Design Vector Graphics",inkscape-101-for-beginners-design-vector-graphics,True,167,0,0,0,Beginner,0,"2016-06-13 18:28:02","Graphic Design"
1243,"How to Fix Common Branding Mistakes, for Graphic Designers",how-to-fix-common-branding-mistakes-for-graphic-designers,True,21,0,0,0,Intermediate,0,"2016-11-18 22:15:11","Graphic Design"
1244,"AutoCAD Course - Learn Online AutoCAD in Urdu Hindi",autocad-course-in-urdu-hindi,True,160,0,0,0,Beginner,0,"2017-06-13 17:32:48","Graphic Design"
1245,"Architectural Drawing For Creatives",architectural-drawing-for-website-and-logo-designers,True,4,0,0,0,Beginner,0,"2017-06-21 15:35:08","Graphic Design"
1250,"The Complete Video Production Guide - Learn Top Video Tools",video-production-guide-learn-top-video-tools-to-create-awesome-videos,True,108,0,0,0,Beginner,0,"2015-05-25 23:21:06","Graphic Design"
1252,"Add realistic car paint to your pencil drawing in Photoshop!",colorize-your-pencil-drawing-in-photoshop,True,163,0,0,0,Beginner,0,"2017-02-02 19:03:50","Graphic Design"
1253,"T-Shirt Sales - Merch By Amazon Profit Formula With Canva",merch-by-amazon-quick-start-t-shirt-sales-using-canva-design,True,169,0,0,0,Beginner,0,"2017-06-26 18:13:55","Graphic Design"
1257,"Adobe Illustrator CC Advanced",adobe-illustrator-advanced,True,46,0,0,0,Beginner,0,"2017-03-08 03:16:33","Graphic Design"
1259,"Silhouettes that Sells",silhouettes-that-sells,True,9,0,0,0,Beginner,0,"2017-03-23 21:08:59","Graphic Design"
1260,"How to design professional PowerPoint business presentation",how-to-design-professional-animated-powerpoint-presentation,True,152,0,0,0,Beginner,0,"2014-11-11 19:49:41","Graphic Design"
1265,"Learn to Composite a 2D Action Shot in Photoshop",3dmotive-learn-to-composite-a-2d-action-shot-in-photoshop,True,60,0,0,0,Beginner,0,"2016-09-10 21:38:26","Graphic Design"
1268,"Instant Harmonica - Christmas. Play Jingle Bells Part 1 now",instant-harmonica-christmas-play-jingle-bells-part-1-now,True,160,0,0,0,Beginner,0,"2015-12-11 18:42:43","Musical Instruments"
1272,"Modal Theory for Guitar (Guitar Lessons from Lutz Academy)",modal-theory-for-guitar,True,96,0,0,0,Beginner,0,"2016-05-06 15:32:00","Musical Instruments"
1279,"Instant Harmonica - play the groovy Beatles Yesterday today!",instant-harmonica-play-the-groovy-beatles-yesterday-today,True,118,0,0,0,Beginner,0,"2016-04-25 15:48:05","Musical Instruments"
1281,"Guitar for Beginners - Learn the Basics",learnguitar,True,153,0,0,0,Beginner,0,"2015-06-12 22:33:53","Musical Instruments"
1282,"Blues Guitar Lessons - Volume 1 - Blues Shuffle Essentials",blues-guitar-magic-volume-1,True,167,0,0,0,Beginner,0,"2016-02-12 07:50:14","Musical Instruments"
1290,"Instant Harmonica - play two Star Wars themes in 30 minutes ",instant-harmonica-play-two-star-wars-themes-in-30-minutes,True,50,0,0,0,Beginner,0,"2015-07-28 16:49:56","Musical Instruments"
1292,"Learn To Play The Piano Using Pop, R&B and Gospel Chords",learn-to-play-the-piano-using-pop-rb-and-gospel-chords,True,146,0,0,0,Beginner,0,"2013-10-15 18:13:46","Musical Instruments"
1296,"Blues School! A Course For Beginners in Blues Piano & Improv",blues-piano-improvisation-amaze-yourself,True,21,0,0,0,Beginner,0,"2017-02-22 21:44:05","Musical Instruments"
1297,"31 Day Guitar Challenge",31dayguitar,True,46,0,0,0,Beginner,0,"2015-11-30 19:03:27","Musical Instruments"
1303,"Have Fun with Beginner Blues Piano",have-fun-with-beginner-blues-piano,True,40,0,0,0,Beginner,0,"2013-08-05 16:46:21","Musical Instruments"
1306,"Take your double bass drum technique to the next level",take-your-double-bass-drum-technique-to-the-next-level,True,116,0,0,0,Intermediate,0,"2016-05-16 00:27:34","Musical Instruments"
1307,"Slide Guitar- Slide Soloing Essentials",slide-guitar,True,114,0,0,0,Beginner,0,"2016-02-11 07:51:59","Musical Instruments"
1308,"Learn Acoustic Guitar for Worship",learn-acoustic-guitar-for-worship,True,25,0,0,0,Beginner,0,"2017-01-23 15:32:41","Musical Instruments"
1312,"Guitar Fretboard Secrets",guitar-fretboard-secrets,True,121,0,0,0,Intermediate,0,"2016-12-01 00:20:53","Musical Instruments"
1317,"Instant Harmonica - play Amazing Grace with grace and ease!",instant-harmonica-play-amazing-grace-with-grace-and-ease,True,46,0,0,0,Beginner,0,"2015-08-01 00:00:56","Musical Instruments"
1318,"Piano Improvisation from Day One",piano-improvisation-from-day-one,True,192,0,0,0,Beginner,0,"2013-03-01 07:39:22","Musical Instruments"
1322,"Virtual Piano Lessons - A New Way To Learn Piano",virtual-piano-lessons-a-new-way-to-learn-piano,True,28,0,0,0,Beginner,0,"2013-07-21 23:31:31","Musical Instruments"
1331,"Fingerpicking Classics - Great songs played fingerstyle!",fingerpicking-learn-fingerstyle-guitar-songs,True,46,0,0,0,Beginner,0,"2015-08-07 22:08:40","Musical Instruments"
1333,"CAGED System for Guitar (Guitar Lessons from Lutz Academy)",caged-system-for-guitar,True,166,0,0,0,Beginner,0,"2016-07-25 17:08:52","Musical Instruments"
1342,"Guitar - 12  Strumming Patterns You Must Know For Guitar",12-must-know-strumming-patterns,True,9,0,0,0,Beginner,0,"2015-07-06 23:16:45","Musical Instruments"
1343,"Guitar Lessons for complete beginners - super simple and fun",guitar-lessons-for-complete-beginners,True,83,0,0,0,Beginner,0,"2016-09-12 17:49:04","Musical Instruments"
1344,"CAGED Pentatonic System for Guitar - Level 3",caged-country-guitar,True,44,0,0,0,Beginner,0,"2016-09-28 03:04:52","Musical Instruments"
1345,"Classical Guitar Essentials - The Basics Part 2",classical-guitar-essentials-the-basics-part-2,True,13,0,0,0,Intermediate,0,"2017-03-03 22:16:24","Musical Instruments"
1349,"Guitar Lessons - String Bending And Vibrato Essentials",guitar-lessons-string-bending-and-vibrato-essentials,True,31,0,0,0,Beginner,0,"2016-02-15 17:04:24","Musical Instruments"
1358,"Jazz Guitar Tips, Tricks and Licks",jazz-guitar-tips-tricks-and-licks,True,163,0,0,0,Intermediate,0,"2017-05-01 02:32:12","Musical Instruments"
1360,"Walking Bass - Quick Start Guide",walking-bass-quick-start-guide,True,76,0,0,0,Beginner,0,"2015-12-10 22:33:58","Musical Instruments"
1361,"Blues Bass - Quick Start Guide",blues-bass-quick-start-guide,True,85,0,0,0,Beginner,0,"2016-11-24 22:40:05","Musical Instruments"
1363,"Gospel Piano Essentials",gospel-piano-essentials,True,49,0,0,0,Intermediate,0,"2013-07-11 23:06:29","Musical Instruments"
1369,"PI-101 Top 10 Classical Piano Pieces for Beginners",pi-101-piano,True,72,0,0,0,Beginner,0,"2016-05-30 21:02:20","Musical Instruments"
1370,"Get started playing blues harmonica",get-started-playing-blues-harmonica,True,114,0,0,0,Beginner,0,"2015-03-30 22:01:08","Musical Instruments"
1373,"Step by Step Tabla Course- Indian Drums",indian-classical-tabla,True,9,0,0,0,Beginner,0,"2016-01-18 18:17:05","Musical Instruments"
1375,"101 Blues riffs - learn how the harmonica superstars do it",play-harmonica-riffs-like-the-blues-harp-superstars-part-1,True,123,0,0,0,Intermediate,0,"2015-01-04 21:14:31","Musical Instruments"
1380,"The Professional Guitar Masterclass",the-professional-guitar-masterclass,True,63,0,0,0,Beginner,0,"2015-04-28 17:27:26","Musical Instruments"
1381,"Modern Rock Guitar Techniques",modern-rock-guitar-techniques,True,162,0,0,0,Intermediate,0,"2016-12-08 16:21:16","Musical Instruments"
1382,"Complete Guitar System - Beginner to Advanced",complete-guitar-system-beginner-to-advanced,True,65,0,0,0,Beginner,0,"2013-05-29 15:24:47","Musical Instruments"
1383,"Guitar Super System Level 1",guitar-super-system-level-1-unlock-your-potential,True,165,0,0,0,Intermediate,0,"2015-04-29 23:49:34","Musical Instruments"
1387,"Ultimate Beginner Guitar Masterclass",beginner-guitar-masterclass,True,181,0,0,0,Beginner,0,"2017-05-15 23:04:11","Musical Instruments"
1389,"CAGED Pentatonic System for Guitar - Level 1",caged-system-guitar-level-1,True,196,0,0,0,Beginner,0,"2016-07-28 03:33:36","Musical Instruments"
1390,"CAGED Pentatonic System for Guitar - Level 2",caged-system-guitar-level-2,True,9,0,0,0,Beginner,0,"2016-08-26 16:15:07","Musical Instruments"
1391,"Learn to Play Piano From a Concert Pianist - For Beginners",learn-to-play-piano-from-a-concert-pianist-for-beginners,True,28,0,0,0,Beginner,0,"2015-11-22 18:38:28","Musical Instruments"
1395,"Play Piano 8 - Play Over the Rainbow by Ear & Free Improvise",play-piano-8-play-over-the-rainbow-by-ear-free-improvise,True,169,0,0,0,Beginner,0,"2016-11-14 19:17:21","Musical Instruments"
1401,"The Circle of Fifths for Guitarists",the-circle-of-fifths-for-guitar,True,81,0,0,0,Intermediate,0,"2016-12-15 21:57:42","Musical Instruments"
1402,"Piano - Circle of 5ths to Play A Song in 12 Keys in 12 Days",use-circle-of-5ths-to-play-a-song-in-12-keys-in-12-days,True,113,0,0,0,Beginner,0,"2015-02-17 18:46:37","Musical Instruments"
1404,"Learn all Piano Chords in all Piano Scales with logic",how-to-find-scales-and-major-minor-chords-on-piano,True,51,0,0,0,Beginner,0,"2017-06-04 18:56:32","Musical Instruments"
1405,"Learn to play the piano or keyboard from scratch",learn-to-play-the-piano-from-scratch,True,133,0,0,0,Beginner,0,"2017-05-31 18:38:06","Musical Instruments"
1407,"Learn 4 Chords and Play Thousands of Songs!",learn-4-chords-and-play-thousands-of-songs,True,19,0,0,0,Beginner,0,"2015-08-17 19:01:04","Musical Instruments"
1412,"Piano Technique Exercises Vol.1",piano-skills-improve-your-piano-technique,True,161,0,0,0,Beginner,0,"2017-01-25 14:41:57","Musical Instruments"
1413,"Instant Harmonica - Learning the Basic 12 Bar Blues Bassline",instant-harmonica-learning-the-basic-12-bar-blues-bassline,True,134,0,0,0,Beginner,0,"2017-06-16 22:01:09","Musical Instruments"
1419,"Fun Beginner Ukulele Course",beginner-ukulele,True,110,0,0,0,Beginner,0,"2016-12-21 00:56:03","Musical Instruments"
1423,"The Allman Brothers Guitar Roots And Techniques",allmanbrothersguitar,True,18,0,0,0,Intermediate,0,"2016-10-29 21:58:01","Musical Instruments"
1425,"Beginner Level Popular Piano Program - Month 1",beginner-level-popular-piano-program-month-1,True,155,0,0,0,Beginner,0,"2016-05-24 17:31:13","Musical Instruments"
1426,"Piano Lessons for the R&B Fan",piano-lessons-for-the-rb-fan,True,112,0,0,0,Beginner,0,"2014-05-13 21:12:45","Musical Instruments"
1427,"Guitar Lessons - Blind Blake - King Of Ragtime Blues Guitar",guitar-lessons-ragtime-blues-blind-blake,True,173,0,0,0,Advanced,0,"2013-11-25 15:20:27","Musical Instruments"
1436,"Play Piano Today - Easy Festive Favorites & Piano Party Hits",easy-piano-today-play-festive-favorites-christmas-party-hits,True,73,0,0,0,Beginner,0,"2013-10-27 15:18:29","Musical Instruments"
1437,"The 8020 Beginner Guitar Course",the-8020-beginner-guitar-course,True,177,0,0,0,Beginner,0,"2016-04-28 18:21:33","Musical Instruments"
1441,"Introduction to Ukulele 1",introduction-to-ukulele,True,41,0,0,0,Beginner,0,"2015-12-01 19:23:03","Musical Instruments"
1442,"Learn Flute FAST!",learn-flute-fast,True,140,0,0,0,Beginner,0,"2015-06-02 19:50:16","Musical Instruments"
1444,"The Easy Beginner Drum Course",the-easy-beginner-drum-course,True,136,0,0,0,Beginner,0,"2017-03-21 18:31:45","Musical Instruments"
1450,"Rhythm to Rock Drum Lesson 6",rhythm-to-rock-drum-lesson-6,True,29,0,0,0,Beginner,0,"2014-08-21 01:51:51","Musical Instruments"
1451,"How To Play Guitar - Everything You Need To Know To Start",guitar101,True,67,0,0,0,Beginner,0,"2015-07-21 18:25:38","Musical Instruments"
1457,"Piano Unbound. Piano learning method, a course for beginners",piano-unbound,True,78,0,0,0,Beginner,0,"2017-04-25 14:57:21","Musical Instruments"
1466,"Learn How To Play The Trumpet",learn-how-to-play-the-trumpet,True,95,0,0,0,Beginner,0,"2017-06-19 21:42:44","Musical Instruments"
1467,"Violin for Beginners",violin-for-beginners,True,114,0,0,0,Beginner,0,"2017-03-07 23:22:53","Musical Instruments"
1470,"Escalas Pentatónicas para guitarristas",escalas-pentatonicas-para-guitarristas,True,142,0,0,0,Beginner,0,"2017-06-02 15:54:33","Musical Instruments"
1472,"Curso de Guitarra para Principiantes",curso-de-guitarra-para-principiantes-p,True,126,0,0,0,Beginner,0,"2016-06-01 17:36:30","Musical Instruments"
1474,"Présentation du Banjo Ténor",presentation-du-banjo-tenor,True,171,0,0,0,Beginner,0,"2015-09-13 23:49:34","Musical Instruments"
1478,"Aprende a tocar el violín desde cero",aprende-a-tocar-el-violin-desde-cero,True,67,0,0,0,Beginner,0,"2014-05-19 16:06:25","Musical Instruments"
1479,"Aprende a tocar el teclado como los expertos",aprende-a-tocar-el-teclado-desde-cero,True,124,0,0,0,Beginner,0,"2014-05-09 19:48:53","Musical Instruments"
1480,"Aprende a tocar el saxofón como siempre has querido",aprende-a-tocar-el-saxofon-tips-para-saxofonistas,True,182,0,0,0,Beginner,0,"2014-05-16 17:23:28","Musical Instruments"
1482,"Aprende a tocar flauta transversal sin complicaciones",aprende-a-tocar-flauta-transversal-curso-en-video,True,148,0,0,0,Beginner,0,"2014-05-19 16:51:41","Musical Instruments"
1485,"Gitarre spielen - mein schönstes Hobby",gitarre-spielen-mein-schonstes-hobby,True,37,0,0,0,Beginner,0,"2015-06-09 17:18:29","Musical Instruments"
1487,"Guitar Lesson - Five Steps to Learn Barre Chords",five-steps-to-learn-barre-chords,True,109,0,0,0,Beginner,0,"2015-03-15 18:06:30","Musical Instruments"
1489,"Learn to Play Tarrega, Bach, and Sor on Classical Guitar",guitar-pieces,True,43,0,0,0,Intermediate,0,"2014-01-27 23:26:57","Musical Instruments"
1490,"Create Beautiful Music On The Piano Like a Pro In Minutes",create-beautiful-music-on-the-piano-like-a-pro-in-minutes,True,92,0,0,0,Beginner,0,"2015-08-10 23:51:56","Musical Instruments"
1496,"Play Guitar and Understand Music Quick & Easy in 28 Days!",how-to-play-guitar-really-understand-music,True,111,0,0,0,Beginner,0,"2012-10-13 23:40:19","Musical Instruments"
1498,"Swing Low - The 101 Authentic Nashville Piano Style Course",swing-low-nashville-piano-style,True,163,0,0,0,Beginner,0,"2014-01-30 22:43:42","Musical Instruments"
1504,"Rhythm to Rock Drum Lesson 5",rhythm-to-rock-drum-lesson-5,True,32,0,0,0,Beginner,0,"2014-08-18 22:26:24","Musical Instruments"
1516,"Guitarra Desde Cero - PARTE 1",guitarra-desde-cero-parte-1-curso-de-guitarra-principiantes,True,68,0,0,0,Beginner,0,"2014-12-27 21:54:35","Musical Instruments"
1518,"Explosão Pentatônica",explosao-pentatonica,True,174,0,0,0,Beginner,0,"2016-12-22 14:13:13","Musical Instruments"
1520,"Learn 10 Scottish Tunes Piano Easy Level",learn-10-scottish-tunes-piano-easy-level,True,170,0,0,0,Beginner,0,"2017-02-20 17:32:01","Musical Instruments"
1526,"Master the Euphonium with Simple, Intermediate Instruction!",intermediate-euphonium,True,85,0,0,0,Intermediate,0,"2015-04-16 16:29:41","Musical Instruments"
1535,"Coach Guitar - Apprendre la GUITARE facile avec des COULEURS",coach-guitar-apprendre-la-guitare-facile-avec-des-couleurs,True,184,0,0,0,Beginner,0,"2016-12-27 14:51:32","Musical Instruments"
1542,"Instant Harmonica - play The Lion Sleeps Tonight - today!",instant-harmonica-play-the-lion-sleeps-tonight-today,True,4,0,0,0,Beginner,0,"2015-08-21 21:37:53","Musical Instruments"
1547,"Learn to improvise on your harmonica - in nice easy steps",benhewlettharmonicatuitionb4,True,113,0,0,0,Beginner,0,"2014-03-16 18:28:46","Musical Instruments"
1548,"Learning Electric Guitar for Absolute Beginners",electricguitarforabsolutebeginners,True,146,0,0,0,Beginner,0,"2015-05-04 21:47:44","Musical Instruments"
1549,"Learn To Play Trumpet Fast Using The Passive Trumpet Tutor",passive-trumpet-lessons,True,186,0,0,0,Beginner,0,"2014-01-27 17:06:43","Musical Instruments"
1556,"Master the Bassoon - Intermediate Instruction Made Simple!",intermediate-bassoon,True,169,0,0,0,Beginner,0,"2015-04-15 17:12:37","Musical Instruments"
1557,"Instant Harmonica - play this classic GAME OF THRONES theme!",instant-harmonica-play-this-classic-game-of-thrones-theme,True,63,0,0,0,Beginner,0,"2017-05-30 13:17:58","Musical Instruments"
1561,"Aprende a tocar la guitarra",aprende-a-tocar-la-guitarra,True,13,0,0,0,Beginner,0,"2013-02-22 18:19:38","Musical Instruments"
1564,"Ahora aprende a tocar jazz en el piano",ahora-aprende-a-tocar-jazz-en-el-piano,True,84,0,0,0,Beginner,0,"2014-05-09 19:55:55","Musical Instruments"
1565,"Aprende a tocar el contrabajo sin complicaciones",aprende-a-tocar-el-contrabajo-sin-complicaciones,True,131,0,0,0,Beginner,0,"2014-05-19 17:02:52","Musical Instruments"
1566,"Aprende a tocar la guitarra eléctrica",aprende-a-tocar-la-guitarra-electrica,True,12,0,0,0,Beginner,0,"2014-04-30 16:21:42","Musical Instruments"
1568,"Curso de Teclado",curso-de-teclado-gospel-modulo-1,True,133,0,0,0,Beginner,0,"2016-05-16 18:46:15","Musical Instruments"
1573,"Back In Black the ACDC Classic Rock Track",back-in-black-the-acdc-classic-rock-track,True,37,0,0,0,Intermediate,0,"2015-04-10 21:07:56","Musical Instruments"
1585,"Guitar Lessons - Economy Picking Essentials",guitar-lessons-economy-picking-essentials,True,198,0,0,0,Intermediate,0,"2016-02-15 18:55:28","Musical Instruments"
1587,"Learn to Play Irish Fiddle",learn-to-play-irish-fiddle,True,107,0,0,0,Beginner,0,"2016-01-18 17:07:29","Musical Instruments"
1590,"Instant Harmonica - play the Irish tune Whiskey in the Jar!",instant-harmonica-play-the-irish-tune-whiskey-in-the-jar,True,141,0,0,0,Beginner,0,"2015-12-28 20:45:10","Musical Instruments"
1592,"Easy Piano for Kids - Complete Beginner Piano Course",easy-piano-for-kids-pinogi,True,29,0,0,0,Beginner,0,"2015-06-26 22:34:55","Musical Instruments"
1597,"Building Up To Barre Chords",building-up-to-barre-chords,True,100,0,0,0,Beginner,0,"2017-03-16 22:57:47","Musical Instruments"
1600,"Back 2 The Basics",gospel-piano-101,True,165,0,0,0,Beginner,0,"2013-07-19 18:11:57","Musical Instruments"
1601,"Play the Jews Harp - instant skills for non musicians.",play-the-jews-harp,True,146,0,0,0,Intermediate,0,"2015-01-22 16:06:05","Musical Instruments"
1603,"Play Leyenda, Canarios, and Bach on Classical Guitar",play-leyenda-canarios-and-bach-on-classical-guitar,True,81,0,0,0,Intermediate,0,"2015-11-05 23:30:42","Musical Instruments"
1604,"Instant Harmonica - play the cool tune Dirty Old Town now!",instant-harmonica-play-the-cool-celtic-tune-dirty-old-town,True,151,0,0,0,Beginner,0,"2016-10-12 16:54:54","Musical Instruments"
1607,"Introduction to Lead Guitar",introduction-to-lead-guitar,True,122,0,0,0,Intermediate,0,"2013-11-26 23:41:44","Musical Instruments"
1612,"Tin Whistle Básico",tin-whistle-basico,True,72,0,0,0,Beginner,0,"2017-05-17 20:40:25","Musical Instruments"
1614,"Sevillanas con Castañuelas - Baile y toque al mismo tiempo",sevillanas-con-castanuelas,True,102,0,0,0,Beginner,0,"2016-02-23 18:24:02","Musical Instruments"
1615,"Aprende a Tocar Teclado - Piano",solfeo-musical,True,137,0,0,0,Beginner,0,"2012-01-26 05:36:39","Musical Instruments"
1616,"Castañuelas por Sevillanas - Curso del toque de castañuelas",castanuelas-por-sevillanas,True,98,0,0,0,Beginner,0,"2016-02-12 14:41:40","Musical Instruments"
1617,"Aprende a tocar Música Cristiana en el piano y teclado",aprende-a-tocar-musica-cristiana-en-el-piano-y-teclado,True,69,0,0,0,Beginner,0,"2014-05-16 17:02:00","Musical Instruments"
1629,"Learn the Viola - Scales and Fundamentals",learn-the-viola-scales-and-fundamentals,True,19,0,0,0,Beginner,0,"2016-11-16 17:34:03","Musical Instruments"
1634,"Strumming the Guitar - 5 Lessons on Strum Patterns",strumming-the-guitar-5-lessons-on-strum-patterns,True,152,0,0,0,Beginner,0,"2013-12-13 01:34:44","Musical Instruments"
1635,"Learn Piano Online-Keys to the Keyboard",learn-piano-online-keys-to-the-keyboard,True,88,0,0,0,Beginner,0,"2016-05-12 17:52:37","Musical Instruments"
1636,"Ukulele Lessons For Beginners - Fast Track Your Learning",ukulele-lessons,True,177,0,0,0,Beginner,0,"2016-06-09 04:54:44","Musical Instruments"
1641,"Guitar for Christmas!",guitar-for-christmas,True,138,0,0,0,Beginner,0,"2014-11-30 20:48:59","Musical Instruments"
1643,"Guitar Chords and Basic Strumming",guitar-chords-and-basic-strumming,True,20,0,0,0,Beginner,0,"2015-12-17 18:14:23","Musical Instruments"
1648,"Drum Lessons For Beginners",the-music-coach-online-drum-lesson-program,True,195,0,0,0,Beginner,0,"2016-04-13 21:02:15","Musical Instruments"
1656,"Major Scales and Modes for Chromatic Harmonica",the-major-scales-for-chromatic-harmonica,True,94,0,0,0,Beginner,0,"2017-04-10 16:57:05","Musical Instruments"
1658,"Learn Pirates of the Caribbean by Ear on the Piano",learn-pirates-of-the-caribbean-by-ear-on-the-piano,True,197,0,0,0,Beginner,0,"2017-05-22 17:14:43","Musical Instruments"
1662,"Learn to Play Piano Like a Pro - Easy Piano Course 1",learn-to-play-piano-like-a-pro,True,2,0,0,0,Beginner,0,"2017-05-30 00:19:02","Musical Instruments"
1663,"ABRSM Grade III Piano Class - Handel Sonatina in G 2017-2018",abrsm-grade-iii-piano-class-handel-sonatina-in-g-2017-2018,True,4,0,0,0,Beginner,0,"2017-07-06 16:12:34","Musical Instruments"
1664,"Instant Harmonica - play 12 bar blues Big Walter style now!",instant-harmonica-play-12-bar-blues-big-walter-style-now,True,178,0,0,0,Beginner,0,"2017-05-19 12:26:28","Musical Instruments"
1666,"Spice up your playing with some easy Flamenco techniques! ",flamenco-guitar-essentials,True,180,0,0,0,Intermediate,0,"2015-11-06 16:49:43","Musical Instruments"
1667,"Beginners Guide to Playing Guitar - Step-by-step System",beginners-guide-to-playing-guitar,True,98,0,0,0,Beginner,0,"2013-06-10 14:49:09","Musical Instruments"
1669,"Funk Rhythm Guitar Techniques",funk-rhythm-guitar-techniques,True,122,0,0,0,Beginner,0,"2016-02-17 18:12:40","Musical Instruments"
1673,"Instant Harmonica - play the Drunken Sailor sea shanty now! ",instant-harmonica-play-the-drunken-sailor-sea-shanty-now,True,82,0,0,0,Beginner,0,"2015-10-18 22:42:50","Musical Instruments"
1675,"Learn Monster GODJ",learn-monster-godj,True,111,0,0,0,Beginner,0,"2015-07-29 17:49:53","Musical Instruments"
1681,"Spielend Klavier lernen mit Freude und Erfolg",spielend-klavier-lernen,True,37,0,0,0,Beginner,0,"2015-11-12 06:40:19","Musical Instruments"
1685,"Trumpet Lessons For Beginners",the-music-coach-online-trumpet-lesson-program,True,23,0,0,0,Beginner,0,"2016-04-06 20:04:46","Musical Instruments"
1686,"Guitar - Rock - BeginnerIntermediate with Marc Seal",guitar-rock-beginner-intermediate-with-marc-seal,True,24,0,0,0,Beginner,0,"2012-10-07 00:47:57","Musical Instruments"
1690,"Jews Harp - Advanced course",jews-harp-advanced-course,True,125,0,0,0,Advanced,0,"2017-03-30 18:45:06","Musical Instruments"
1691,"Instant Harmonica - play jazzy Autumn Leaves now (part two)",instant-harmonica-play-jazzy-autumn-leaves-now-part-two,True,79,0,0,0,Beginner,0,"2015-10-19 20:13:21","Musical Instruments"
1692,"Jazz Guitar Reharmonization for Autumn Leaves",jazz-guitar-reharmonization-for-autumn-leaves,True,39,0,0,0,Beginner,0,"2014-07-03 09:25:51","Musical Instruments"
1694,"Add Slide To Your Guitar Playing",add-slide-to-your-guitar-playing,True,178,0,0,0,Beginner,0,"2014-05-28 17:32:53","Musical Instruments"
1696,"Play tunes on harmonica and learn how to bend some notes",benhewlettharmonicatuitionb3,True,119,0,0,0,Beginner,0,"2014-03-09 22:32:54","Musical Instruments"
1697,"Violin lessons for beginners",violin-lessons-for-beginners,True,28,0,0,0,Beginner,0,"2015-11-25 21:56:34","Musical Instruments"
1698,"Old-Time Banjo for the Absolute Beginner",old-time-banjo-for-the-absolute-beginner,True,116,0,0,0,Beginner,0,"2014-03-12 15:55:49","Musical Instruments"
1699,"Learn Oud 2",oud-lessons,True,147,0,0,0,Intermediate,0,"2015-09-10 19:39:22","Musical Instruments"
1702,"Bossa Nova - Guitar for Beginners",bossanovaguitarforbeginners,True,38,0,0,0,Beginner,0,"2016-04-19 15:46:43","Musical Instruments"
1703,"Instant Harmonica - play Summertime in 8 fun & easy lessons",instant-harmonica-play-summertime-in-8-fun-easy-lessons,True,64,0,0,0,Beginner,0,"2015-08-19 19:29:18","Musical Instruments"
1704,"Learn Basics of South Indian Carnatic Flute - Level 2",carnatic-flute-basics,True,91,0,0,0,Beginner,0,"2016-03-03 21:20:36","Musical Instruments"
1709,"Aprende todos los secretos de la salsa para piano",aprende-a-tocar-salsa-en-el-piano,True,90,0,0,0,Beginner,0,"2014-05-09 19:50:45","Musical Instruments"
1710,"Aprende a tocar ritmos latinos en el teclado",aprende-a-tocar-ritmos-latinos-en-el-teclado,True,186,0,0,0,Beginner,0,"2014-05-09 20:01:06","Musical Instruments"
1712,"Aprende a tocar la trompeta",aprende-a-tocar-la-trompeta-desde-cero,True,82,0,0,0,Beginner,0,"2014-05-19 16:44:04","Musical Instruments"
1717,"Learn Web Designing & HTML5CSS3 Essentials in 4-Hours",build-beautiful-html5-website,True,191,0,0,0,Beginner,0,"2013-01-03 00:55:31","Web Development"
1719,"Projects in HTML5",projects-in-html5,True,100,0,0,0,Intermediate,0,"2014-06-17 05:43:50","Web Development"
1723,"Spring Boot Tutorial For Beginners",spring-boot-tutorial-for-beginners,True,175,0,0,0,Beginner,0,"2017-01-23 15:13:53","Web Development"
1729,"How To Make A Wordpress Website 2017 - Divi Theme Tutorial",how-to-make-a-wordpress-website-2017-divi-theme-tutorial-for-beginners,True,104,0,0,0,Beginner,0,"2017-01-26 17:16:27","Web Development"
1730,"Web Programming with Python",web-programming-with-python,True,112,0,0,0,Beginner,0,"2012-04-25 00:01:43","Web Development"
1732,"Ultimate Web Developer Course Build 10 Websites from Scratch",ultimate-web-developer-course-build-10-websites-from-scratch,True,37,0,0,0,Beginner,0,"2016-10-10 15:09:14","Web Development"
1735,"Accelerated JavaScript Training",javascript-bootcamp-2016,True,107,0,0,0,Beginner,0,"2016-07-12 18:23:35","Web Development"
1736,"Beginner API development in Node, Express, ES6, & MongoDB",api-development,True,42,0,0,0,Beginner,0,"2016-11-12 18:53:51","Web Development"
1737,"React JS and Redux - Mastering Web Apps",react-js-and-redux-mastering-web-apps,True,84,0,0,0,Beginner,0,"2017-01-19 04:58:10","Web Development"
1742,"Dissecting Ruby on Rails 5 - Become a Professional Developer",professional-rails-5-development-course,True,126,0,0,0,Beginner,0,"2017-02-07 00:40:33","Web Development"
1748,"Start Writing JavaScript Today - Beginner JavaScript Course",start-writing-javascript-today,True,146,0,0,0,Beginner,0,"2017-03-08 22:34:43","Web Development"
1752,"Angular 4 Development Decoded",marutiangular4,True,80,0,0,0,Intermediate,0,"2017-06-21 16:37:46","Web Development"
1756,"1 Hour CSS",1-hour-css,True,134,0,0,0,Beginner,0,"2013-07-09 20:27:14","Web Development"
1766,"Master JavaScript Programming, 3 Projects Included !!",master-javascript-programming-extended-course,True,80,0,0,0,Beginner,0,"2017-06-27 23:16:24","Web Development"
1767,"HTML CSS Learn to create a website from scratch",html-css-learn-to-create-a-website-from-scratch,True,136,0,0,0,Beginner,0,"2016-08-04 21:40:35","Web Development"
1769,"Complete React JS web developer with ES6 - Build 10 projects",complete-react-js-course,True,82,0,0,0,Beginner,0,"2017-03-22 20:09:26","Web Development"
1773,"Angular NgRx Store Masterclass - Covers Angular 4",angular-ngrx-course,True,63,0,0,0,Intermediate,0,"2017-01-19 00:35:43","Web Development"
1779,"Angular 2 & TypeScript Beginner Web Development",angular2,True,88,0,0,0,Beginner,0,"2016-11-14 00:44:48","Web Development"
1780,"Learn Angular 2 Development By Building 12 Apps",learn-angular-2-development-by-building-10-apps,True,20,0,0,0,Intermediate,0,"2016-07-01 21:20:38","Web Development"
1783,"RxJs & Reactive Programming Angular Masterclass - Angular 4",rxjs-reactive-angular-course,True,36,0,0,0,Beginner,0,"2017-04-11 18:48:57","Web Development"
1784,"React and Flux Web Development for Beginners",react-flux,True,42,0,0,0,Beginner,0,"2015-12-15 20:30:28","Web Development"
1785,"The Full Stack Web Development",the-full-stack-web-development,True,40,0,0,0,Beginner,0,"2016-11-24 00:38:03","Web Development"
1789,"Spring Framework 4 And Dependency Injection For Beginners",spring-framework-video-tutorial,True,158,0,0,0,Beginner,0,"2015-01-16 07:45:28","Web Development"
1793,"The Complete Web Development Tutorial Using React and Redux",the-complete-web-development-tutorial-using-react-and-redux,True,14,0,0,0,Intermediate,0,"2016-07-25 17:16:45","Web Development"
1795,"HTML & CSS From Scratch in 30 Days",html5-css3-responsive,True,13,0,0,0,Beginner,0,"2013-04-22 18:19:38","Web Development"
1797,"JavaScript For Absolute Beginners - Level One",javascript-for-absolute-beginners-level-one,True,56,0,0,0,Beginner,0,"2016-09-19 21:06:29","Web Development"
1798,"Effective Personal Website Building and Hosting",effective-personal-website-building-and-hosting,True,140,0,0,0,Beginner,0,"2016-04-11 22:36:52","Web Development"
1804,"Introduction to Bootstrap 3",introduction-to-bootstrap-3,True,169,0,0,0,Beginner,0,"2013-09-27 03:11:22","Web Development"
1806,"HTML5 CSS3 JQUERY Single Page Website Project from Scratch",html5-css3-jquery-single-page-website-project-from-scratch,True,112,0,0,0,Beginner,0,"2016-02-03 19:22:22","Web Development"
1808,"HTML and CSS Crash Course for Beginners",html-and-css-crash-course-for-beginners,True,69,0,0,0,Beginner,0,"2014-05-30 22:23:01","Web Development"
1809,"EMMET Faster HTML & CSS workflow - Best Tool For Developers ",emmet-start-coding-html-and-css-fast-and-easy,True,115,0,0,0,Beginner,0,"2015-04-09 16:36:06","Web Development"
1810,"Introduction to Web Development",introduction-to-web-development2,True,11,0,0,0,Beginner,0,"2014-03-11 19:43:30","Web Development"
1812,"Serverless Workflow Management with AWS Step Functions",aws-step-functions,True,19,0,0,0,Intermediate,0,"2016-12-09 03:39:22","Web Development"
1817,"Projects in CSS",projects-in-css,True,161,0,0,0,Beginner,0,"2014-09-23 06:13:59","Web Development"
1819,"Learn Javascript & JQuery From Scratch",learn-javascript-jquery-from-scratch,True,50,0,0,0,Beginner,0,"2013-10-10 15:19:29","Web Development"
1820,"Learn to use JSON",learn-to-use-json,True,1,0,0,0,Beginner,0,"2016-03-11 18:30:18","Web Development"
1821,"The Ultimate Web Developer How To Guide",learn-web-development-complete-step-by-step-guide-to-success,True,102,0,0,0,Beginner,0,"2015-11-26 04:31:11","Web Development"
1825,"PHP Fundamentals - Start Earning The Top Dollars You Deserve",php-fundamentals,True,137,0,0,0,Beginner,0,"2016-04-05 16:50:51","Web Development"
1828,"Sublime Text for Rapid Web Development",sublime-text-for-rapid-web-development,True,45,0,0,0,Beginner,0,"2017-01-19 23:07:26","Web Development"
1829,"Projects in PHP and MySQL",the-complete-web-development-course-learn-by-building-apps,True,18,0,0,0,Beginner,0,"2014-07-25 11:11:41","Web Development"
1830,"Angular 2 Complete E-Commerce App Course - Java,Spring,MySQL",build-angular-2-complete-e-comerce-app-java-spring-mysql,True,181,0,0,0,Beginner,0,"2017-03-27 16:46:54","Web Development"
1833,"The Ultimate Vue JS 2 Developers Course",vuejs-2-essentials,True,116,0,0,0,Beginner,0,"2016-12-16 14:59:21","Web Development"
1834,"React JS - Build real world JS apps & deploy on cloud",reactjs-for-beginners-build-real-world-react-apps-deploy-on-cloud,True,166,0,0,0,Beginner,0,"2017-02-12 15:17:31","Web Development"
1837,"HTML5, CSS3 And JavaScript Fundamentals 2016",html5-css3-and-javascript-fundamentals-2016,True,1,0,0,0,Beginner,0,"2016-09-01 16:48:58","Web Development"
1838,"Angular 4 - Concepts, Code and Collective Wisdom",angular-2-concepts-code-and-collective-wisdom,True,15,0,0,0,Intermediate,0,"2016-04-20 16:29:03","Web Development"
1842,"Learn to code, Become a Web Developer and Master JavaScript!",master-javascript-today,True,196,0,0,0,Beginner,0,"2015-01-22 14:36:59","Web Development"
1847,"The Complete HTML & CSS Course - From Novice To Professional",htmlwebsite,True,197,0,0,0,Beginner,0,"2015-07-27 16:57:52","Web Development"
1848,"JavaScript Basics Web Development Building Blocks",javascript-basics-web-development-building-blocks,True,134,0,0,0,Beginner,0,"2015-08-14 00:27:33","Web Development"
1853,"AJAX Development",ajax-development,True,182,0,0,0,Beginner,0,"2012-05-15 18:03:43","Web Development"
1855,"PHP Security",php-security,True,14,0,0,0,Beginner,0,"2016-06-15 20:46:15","Web Development"
1858,"CSS Web Development Crash Course",css-course,True,111,0,0,0,Beginner,0,"2016-12-01 17:33:48","Web Development"
1866,"Using Modern JavaScript Today",using-modern-javascript,True,141,0,0,0,Intermediate,0,"2016-01-01 18:34:53","Web Development"
1868,"Learn How To Build A Professional Web Site By Using Joomla",learn-how-to-build-a-professional-web-site-by-using-joomla,True,38,0,0,0,Beginner,0,"2016-08-11 21:03:21","Web Development"
1869,"Power up HTML5 with JavaScript",power-up-html5-with-javascript,True,64,0,0,0,Beginner,0,"2016-03-15 18:03:33","Web Development"
1870,"WordPress Look and Feel with Themes",learn-wordpress-customize-look-and-feel-with-themes,True,125,0,0,0,Beginner,0,"2016-09-04 19:34:22","Web Development"
1872,"The Complete Web Developer Bootcamp - Beginner to Expert",job-ready-web-developer,True,188,0,0,0,Beginner,0,"2015-01-19 00:23:15","Web Development"
1876,"Ultimate Angular 4 (previously Angular 2) with Bootstrap 4",ultimate-angular-2,True,69,0,0,0,Beginner,0,"2016-09-19 22:25:38","Web Development"
1877,"React JS - Mastering Redux",react-js-mastering-redux,True,174,0,0,0,Beginner,0,"2017-06-19 21:39:14","Web Development"
1889,"Wordpress Website Mastery 2017",wordpress-website-mastery-2017,True,37,0,0,0,Beginner,0,"2017-01-18 17:01:40","Web Development"
1890,"How To Make an eCommerce Website With Wordpress 2017",how-to-make-an-ecommerce-website-with-wordpress-2017,True,78,0,0,0,Beginner,0,"2017-05-09 22:08:11","Web Development"
1891,"Start Web Development with GIS Map in JavaScript",start-web-development-with-gis-map-in-javascript,True,72,0,0,0,Beginner,0,"2016-02-28 23:43:19","Web Development"
1892,"Learn to Build Websites using Twitter Bootstrap",learn-to-build-websites-using-twitter-bootstrap,True,81,0,0,0,Beginner,0,"2014-04-14 07:51:24","Web Development"
1896,"Learn HTML and CSS to make a Website",learn-html-and-css-to-make-website,True,13,0,0,0,Beginner,0,"2016-01-28 19:35:51","Web Development"
1903,"The Original Complete Web Developer Course.",thecompletewebdeveloper,True,81,0,0,0,Beginner,0,"2012-10-28 00:13:03","Web Development"
1913,"The Complete hapiJS Course - Go From Beginner To Advanced!",hapijs-course,True,144,0,0,0,Beginner,0,"2016-07-13 15:30:53","Web Development"
1914,"Ruby On Rails For Web Development",ruby-on-rails-for-web-development,True,48,0,0,0,Beginner,0,"2014-12-17 19:01:59","Web Development"
1915,"Create eye-catching WordPress website from scratch",create-eye-catching-wordpress-website-from-scratch,True,8,0,0,0,Beginner,0,"2016-12-28 19:04:14","Web Development"
1916,"Become A Web Developer And Seller - Build Websites With HTML",the-ultimate-building-and-selling-websites-course,True,110,0,0,0,Beginner,0,"2013-10-05 12:49:46","Web Development"
1918,"Web Development With HTML CSS BOOTSTRAP JQUERY for Beginners",web-development-with-html-css-bootstrap-jquery-for-beginners,True,84,0,0,0,Beginner,0,"2017-05-30 17:15:41","Web Development"
1919,"CSS and CSS3 For Absolute Beginners",css-and-css3-for-absolute-beginners,True,115,0,0,0,Beginner,0,"2013-11-01 17:12:45","Web Development"
1928,"WordPress for Beginners - Tutorial - From Novice to Know-How",wordpress-for-beginners-tutorial-from-novice-to-know-how,True,70,0,0,0,Beginner,0,"2015-08-28 19:41:50","Web Development"
1929,"RESTful API with Laravel",laravel-5-php-framework-agile-and-practical-php-restful-api,True,196,0,0,0,Beginner,0,"2015-02-05 07:42:56","Web Development"
1933,"The Complete front end web developer Bootcamp - 14 projects",complete-front-end-web-developer-bootcamp,True,33,0,0,0,Beginner,0,"2016-08-12 00:30:51","Web Development"
1934,"Create An HTML5 Video Player From Scratch",html5-video-player,True,16,0,0,0,Beginner,0,"2014-09-05 19:16:53","Web Development"
1935,"In Depth Web Development Made Easy",in-depth-web-development-from-scratch,True,118,0,0,0,Beginner,0,"2015-10-30 16:55:44","Web Development"
1937,"ASP.NET Core MVC, Quick and Practical",aspnet-core-mvc-quick-and-practical,True,98,0,0,0,Intermediate,0,"2017-04-25 00:55:41","Web Development"
1938,"Better way towards CSS using Less and Sass",better-way-towards-css-using-less-and-sass,True,83,0,0,0,Beginner,0,"2016-02-16 08:11:49","Web Development"
1940,"Creating a Responsive HTML Email",creating-responsive-html-email,True,124,0,0,0,Beginner,0,"2013-08-12 13:09:39","Web Development"
1941,"Angular 2 Demystified",introduction-to-angular2,True,189,0,0,0,Beginner,0,"2015-05-18 20:48:48","Web Development"
1947,"Introductory JavaScript Made Easy Training Tutorial",introductory-javascript-made-easy-training-tutorial,True,77,0,0,0,Beginner,0,"2014-10-15 15:23:00","Web Development"
1948,"Complete RESPONSIVE Website Design with HTML5 & CSS3",website_design,True,175,0,0,0,Beginner,0,"2017-02-03 04:19:46","Web Development"
1951,"Ultimate WordPress Plugin Course",wordpress-plugin-course,True,30,0,0,0,Beginner,0,"2015-08-20 20:32:31","Web Development"
1957,"Build Modern Responsive Website With HTML5, CSS3 & Bootstrap",build-modern-responsive-website-with-html5-css3-bootstrap,True,122,0,0,0,Beginner,0,"2017-02-08 05:44:46","Web Development"
1958,"The Complete JavaScript Course For Web Development Beginners",javascriptcourse,True,125,0,0,0,Beginner,0,"2015-12-29 17:20:32","Web Development"
1962,"JavaScript Step by Step how to apply it to your web pages",javascript-fundamentals-bootcamp-learn-how-to-use-javascript,True,12,0,0,0,Beginner,0,"2015-07-26 17:44:17","Web Development"
1965,"Getting Started with WordPress 2016",getting-started-with-wordpress-cms,True,97,0,0,0,Beginner,0,"2016-04-14 05:38:18","Web Development"
1975,"Projects In ReactJS - The Complete React Learning Course",projects-in-reactjs-the-complete-react-learning-course,True,12,0,0,0,Intermediate,0,"2016-11-22 04:21:03","Web Development"
1978,"Hosting your static website on Amazon AWS S3 service",hosting-a-static-website-on-amazon-aws-s3-service,True,7,0,0,0,Beginner,0,"2017-05-05 23:42:32","Web Development"
1984,"PHP User Login Registration Script With All Features",php-user-login-registration-system,True,53,0,0,0,Beginner,0,"2016-10-02 19:14:23","Web Development"
1988,"Learn HTML Basics From Scratch",learn-html-from-scratch,True,58,0,0,0,Beginner,0,"2015-12-29 19:01:04","Web Development"
1991,"Java Spring Security",how-to-use-spring-security-to-secure-your-java-applications,True,9,0,0,0,Intermediate,0,"2014-11-15 13:54:07","Web Development"
1994,"Sara Learns to Code.  Making an App from Scratch",sara-learns-to-code-making-an-app-from-scratch,True,33,0,0,0,Beginner,0,"2016-08-02 19:36:19","Web Development"
1996,"Build A Great Wordpress Website For Your Business in 2 Hours",build-a-great-wordpress-website-for-your-business-in-2-hours,True,134,0,0,0,Beginner,0,"2014-06-10 18:24:25","Web Development"
1998,"Mastering AngularJS UI Development",mastering-angularjs-ui-development,True,100,0,0,0,Advanced,0,"2015-09-03 18:55:11","Web Development"
2000,"Create a PHP Contact Form in Bootstrap",bootstrap-php-contact-form,True,60,0,0,0,Beginner,0,"2015-12-27 17:20:38","Web Development"
2003,"Learn How to Create Your Own Social Network",create-your-own-social-network,True,1,0,0,0,Beginner,0,"2015-04-24 23:54:06","Web Development"
2012,"Learn WCF And Web APIs From Scratch",learn-wcf-and-web-apis-from-scratch,True,48,0,0,0,Intermediate,0,"2014-10-08 02:50:31","Web Development"
2020,"HTML CSS Easy steps to create a web template from scratch",html-css-easy-steps-to-create-a-web-template-from-scratch,True,60,0,0,0,Beginner,0,"2015-12-14 19:48:12","Web Development"
2023,"Get Results - Core Principles of Web Development Tricks Tips",web-development-foundations-base-for-your-coding-environment,True,139,0,0,0,Beginner,0,"2015-06-23 20:39:16","Web Development"
2025,"Get to know HTML Learn HTML Basics",html-online-course,True,198,0,0,0,Beginner,0,"2016-11-22 15:09:59","Web Development"
2026,"Ultimate Css & JQuery Form Designing From Beginner to Expert",ultimate-css-web-form-designing-from-beginner-to-expert,True,132,0,0,0,Beginner,0,"2017-06-09 00:12:57","Web Development"
2027,"JavaScript from Beginner to Expert",javascript-from-beginner-to-expert-bring-life-to-your-site,True,121,0,0,0,Beginner,0,"2015-05-18 21:54:08","Web Development"
2028,"Build a website HTML5 CSS3 Beginner Course",how-to-build-a-website-html5-css3-beginner-course,True,124,0,0,0,Beginner,0,"2016-02-02 03:54:47","Web Development"
2035,"Web Application Development using Redis, Express, and Socket",web-application-development-using-redis-express-and-socket,True,30,0,0,0,Beginner,0,"2017-02-09 17:10:16","Web Development"
2046,"Projects with JSON and APIs",projects-with-json-and-apis,True,181,0,0,0,Beginner,0,"2017-02-18 18:11:07","Web Development"
2048,"Create Complete Sign up System using PHP, jQuery and Ajax",create-sign-up-system-using-jquery-ajax-and-php,True,50,0,0,0,Beginner,0,"2016-02-15 00:41:18","Web Development"
2054,"Build Your Startup with No Coding (Design, Develop & Ship)",buildastartup,True,192,0,0,0,Beginner,0,"2016-06-03 00:16:34","Web Development"
2059,"Javascript for beginners",java-script-quick-beginner-introduction,True,191,0,0,0,Beginner,0,"2015-10-01 17:14:38","Web Development"
2060,"How to Set Up a Self-Hosted Wordpress Website in 30 Minutes",how-to-set-up-a-wordpress-website-custom-domain-in-30-mins,True,6,0,0,0,Beginner,0,"2015-09-20 23:05:59","Web Development"
2062,"Create, Update and Manage Your Own Website Using Drupal 7",getting-to-know-drupal,True,138,0,0,0,Beginner,0,"2013-10-16 21:22:35","Web Development"
2063,"Learn HTML - The programming language to build a webpage!",takethefirststep,True,155,0,0,0,Beginner,0,"2016-01-17 18:25:23","Web Development"
2064,"Learn To Program JavaScript (in ten easy steps)",learn-to-program-javascript-in-ten-easy-steps,True,156,0,0,0,Beginner,0,"2013-05-20 09:36:54","Web Development"
2068,"1 hour jQuery",1-hour-jquery,True,11,0,0,0,Beginner,0,"2013-08-03 14:20:52","Web Development"
2070,"The complete HTML5 course",learn-html-by-building-websites,True,195,0,0,0,Beginner,0,"2015-12-02 18:47:34","Web Development"
2077,"MongooseJS Essentials - Learn MongoDB for Node.js",mongoosejs-essentials,True,14,0,0,0,Beginner,0,"2016-03-12 16:04:28","Web Development"
2078,"Regular Expressions for Beginners - Universal",regular-expressions-for-beginners-universal,True,54,0,0,0,Beginner,0,"2017-01-20 00:54:56","Web Development"
2079,"Learn Redis from Scratch",learn-redis-from-scratch,True,37,0,0,0,Intermediate,0,"2016-07-13 16:39:02","Web Development"
2081,"Create a business website with WordPress",create-a-business-website-with-wordpress,True,126,0,0,0,Beginner,0,"2016-03-14 22:22:28","Web Development"
2082,"Understand PHP Arrays and HTTP Request in a Better Way",understand-php-arrays-and-http-request-in-a-better-way,True,140,0,0,0,Beginner,0,"2016-05-23 17:05:27","Web Development"
2083,"Mastering CSS",mastering-css,True,103,0,0,0,Advanced,0,"2015-06-17 21:54:47","Web Development"
2084,"The Complete Wordpress Theme Development Guide",the-complete-wordpress-theme-development-guide,True,170,0,0,0,Beginner,0,"2017-05-19 05:52:32","Web Development"
2090,"Basic HTML CSS and Web Design",basic-html-css-web-design,True,193,0,0,0,Beginner,0,"2016-02-19 18:10:13","Web Development"
2096,"PHP with PDO - ULTIMATE Crash Course",php-with-pdo-ultimate-crash-course,True,29,0,0,0,Beginner,0,"2015-12-06 23:01:34","Web Development"
2097,"JavaScript for beginners with live examples",javascript-from-basic-fundamentals-to-advanced,True,4,0,0,0,Beginner,0,"2015-09-29 21:41:16","Web Development"
2103,"Laravel, the complete guide with real world projects",best-laravel,True,93,0,0,0,Beginner,0,"2017-02-03 16:28:48","Web Development"
2107,"jQuery for Beginners - Create Website Animations Easily",jquery-for-beginners-fundamentals-training-tutorial-course,True,114,0,0,0,Beginner,0,"2015-03-24 00:40:39","Web Development"
2108,"Web Development with BootStrap - 16 Instant Themes Included!",bootstrap-course,True,161,0,0,0,Beginner,0,"2015-07-14 20:32:14","Web Development"
2109,"Install a Wordpress Theme the Correct Way & Charge Others",how-to-install-a-wordpress-theme-the-right-way,True,168,0,0,0,Beginner,0,"2015-09-20 18:51:51","Web Development"
2115,"Joomla for Beginners - Learn how to build a website with CMS",joomla-for-beginners-build-a-website-with-joomla-cms,True,8,0,0,0,Beginner,0,"2017-01-23 22:41:08","Web Development"
2120,"PHP Development with the Laravel Framework",php-development-with-laravel-4,True,166,0,0,0,Beginner,0,"2014-03-11 20:40:48","Web Development"
2135,"Spring Framework 4 (Java Enterprise JEE) with AngularJS",java-spring-mvc-framework-with-angularjs-by-google-and-html5,True,126,0,0,0,Beginner,0,"2015-09-21 23:12:59","Web Development"
2139,"Get started Creating Websites Everything you need provided",get-started-creating-websites-everything-you-need-provided,True,116,0,0,0,Beginner,0,"2015-09-25 18:13:40","Web Development"
2143,"Create a Website from Scratch using HTML CSS step by step",create-a-website-from-scratch-using-html-css-in-1-hour,True,26,0,0,0,Beginner,0,"2015-11-27 23:15:24","Web Development"
2148,"HTML Learning the Basics Intro to HTML website coding",html-learning-the-basics-intro-to-html-website-coding,True,146,0,0,0,Beginner,0,"2015-05-31 21:28:27","Web Development"
2154,"introduction to HTML Course",introduction-to-html-course,True,33,0,0,0,Beginner,0,"2016-05-16 15:14:17","Web Development"
2160,"Advanced Node.js Development",refactoru-adv-nodejs,True,96,0,0,0,Advanced,0,"2014-08-28 03:35:30","Web Development"
2165,"Learn Express",learn-express,True,69,0,0,0,Intermediate,0,"2015-06-01 21:34:14","Web Development"
2166,"Build A Web App with VueJS, Spring Framework and MongoDB",build-a-message-board-app-with-vue-spring-and-mongodb,True,199,0,0,0,Beginner,0,"2016-11-30 21:59:37","Web Development"
2174,"The Build a SAAS App with Flask Course",the-build-a-saas-app-with-flask-course,True,103,0,0,0,Beginner,0,"2016-06-02 19:32:03","Web Development"
2175,"Learn JSON with JavaScript Objects and APIs in 1 hour",json-course,True,139,0,0,0,Intermediate,0,"2016-10-26 14:19:40","Web Development"
2178,"Typescript Masterclass & FREE E-Book",complete-typescript-2-course,True,185,0,0,0,Beginner,0,"2016-11-08 22:57:58","Web Development"
2186,"Kali Linux Web App Testing",kali-linux-web-app-testing,True,193,0,0,0,Beginner,0,"2015-06-11 18:38:08","Web Development"
2188,"Web Scraping with Python, Ruby & import. io",web-scraping-with-python-ruby-import-io-for-fun-profit,True,5,0,0,0,Beginner,0,"2015-08-09 22:16:41","Web Development"
2189,"The Complete Web Development Course -  Build 15 Projects",complete-web-development-course,True,114,0,0,0,Beginner,0,"2015-11-09 22:01:02","Web Development"
2194,"Creating an MP3 Player with HTML5",creating-an-mp3-player-with-html5,True,68,0,0,0,Beginner,0,"2013-01-31 13:44:52","Web Development"
2199,"Building HTML5 Canvas projects from scratch",building-html5-canvas-projects-from-scratch,True,71,0,0,0,Beginner,0,"2016-03-03 20:36:35","Web Development"
2200,"Learn How To Become a Web Developer From Scratch",learn-how-to-become-a-front-end-web-developer-from-scratch,True,136,0,0,0,Beginner,0,"2017-05-28 19:38:52","Web Development"
2201,"Earn Big Profits With Web Development, Simple and Easy!",earn-big-profits-by-building-simple-and-easy-websites,True,109,0,0,0,Beginner,0,"2017-01-18 22:48:53","Web Development"
2203,"Professional Python Web Development Using Flask",python-flask-course,True,70,0,0,0,Beginner,0,"2015-03-04 00:10:36","Web Development"
2206,"jQuery UI In Depth",jquery-ui-in-depth,True,66,0,0,0,Beginner,0,"2013-07-28 18:48:28","Web Development"
2212,"Supercharging Development With Atom Text Editor",atom-text-editor,True,29,0,0,0,Beginner,0,"2015-09-02 18:52:18","Web Development"
2218,"Learn To Create WordPress Themes By Building 10 Projects",learn-to-create-wordpress-themes-by-building-10-projects,True,44,0,0,0,Beginner,0,"2016-05-24 21:03:37","Web Development"
2222,"Learn Angular 2 from Beginner to Advanced",learn-angular-2-from-beginner-to-advanced,True,11,0,0,0,Beginner,0,"2016-10-07 00:25:59","Web Development"
2223,"Create an eCommerce Wordpress Website 2016 - New Divi Theme!",create-an-ecommerce-wordpress-website-2016-new-divi-theme,True,123,0,0,0,Beginner,0,"2016-10-27 14:30:01","Web Development"
2226,"ASP.NET MVC 5 Project - CMS and Shopping Cart with Paypal",aspnet-mvc-5-project-cms-and-shopping-cart-with-paypal,True,105,0,0,0,Beginner,0,"2016-12-14 15:35:31","Web Development"
2229,"Learn Python Django - A Hands-On Course",learn-python-django-a-hands-on-course,True,153,0,0,0,Beginner,0,"2017-01-18 21:53:34","Web Development"
2232,"Accelerated ES6 JavaScript Training",es6-bootcamp-next-generation-javascript,True,41,0,0,0,Intermediate,0,"2016-07-12 18:22:37","Web Development"
2233,"AWS Serverless APIs & Apps - A Complete Introduction",aws-serverless-a-complete-introduction,True,9,0,0,0,Beginner,0,"2017-06-19 22:19:24","Web Development"
2235,"The Complete Elixir and Phoenix Bootcamp",the-complete-elixir-and-phoenix-bootcamp-and-tutorial,True,64,0,0,0,Beginner,0,"2016-10-27 22:44:29","Web Development"
2237,"Angular 4 (formerly Angular 2) - The Complete Guide",the-complete-guide-to-angular-2,True,75,0,0,0,Beginner,0,"2016-02-11 07:29:29","Web Development"
2241,"The Complete Ruby on Rails Developer Course",the-complete-ruby-on-rails-developer-course,True,195,0,0,0,Beginner,0,"2015-10-23 20:29:25","Web Development"
2243,"Learn Ruby Programming The Easy Way",learn-ruby-programming-the-easy-way,True,23,0,0,0,Beginner,0,"2015-09-15 19:07:14","Web Development"
2244,"Learn OAuth 2.0 - Get started as an API Security Expert",learn-oauth-2,True,109,0,0,0,Beginner,0,"2015-07-20 22:38:11","Web Development"
2247,"Angular Advanced MasterClass & FREE E-Book",angular-advanced-masterclass,True,23,0,0,0,Intermediate,0,"2017-07-03 21:59:45","Web Development"
2248,"Learn Responsive Web Development from Scratch",learn-responsive-web-development-from-scratch,True,4,0,0,0,Beginner,0,"2013-12-09 12:16:40","Web Development"
2250,"The Complete Developers Guide to MongoDB",the-complete-developers-guide-to-mongodb,True,168,0,0,0,Beginner,0,"2016-11-15 01:25:44","Web Development"
2253,"Angular (Angular 2 or 4) & NodeJS - The MEAN Stack Guide",angular-2-and-nodejs-the-practical-guide,True,70,0,0,0,Beginner,0,"2016-05-02 23:09:15","Web Development"
2257,"The Complete Web Developer Course 2.0",the-complete-web-developer-course-2,True,154,0,0,0,Beginner,0,"2016-03-08 22:28:36","Web Development"
2264,"Basic Concepts of Web Development, HTTP and Java Servlets",web-application-and-java-servlet-concepts,True,35,0,0,0,Beginner,0,"2014-08-27 11:31:44","Web Development"
2268,"Learn and Understand NodeJS",understand-nodejs,True,65,0,0,0,Beginner,0,"2015-08-31 21:07:48","Web Development"
2270,"Advanced React and Redux",react-redux-tutorial,True,196,0,0,0,Intermediate,0,"2016-03-12 22:13:46","Web Development"
2274,"Create a Simple Photo Gallery with Dropzonejs, Slick and PHP",create-a-simple-photo-gallery-with-dropzonejs-slick-and-php,True,88,0,0,0,Beginner,0,"2017-03-07 15:40:37","Web Development"
2276,"Twitter Bootstrap 2 for Beginners",twitter-bootstrap,True,143,0,0,0,Beginner,0,"2013-05-29 18:13:10","Web Development"
2283,"Big Data and Apache Hadoop for Developers - Fundamentals",learn-big-data-and-apache-hadoop-for-developers-online,True,35,0,0,0,Intermediate,0,"2013-12-10 09:14:57","Web Development"
2290,"Advanced Scalable Python Web Development Using Flask",advanced-python-flask,True,158,0,0,0,Intermediate,0,"2016-08-11 22:09:24","Web Development"
2297,"JavaScript for beginners - A Complete Guide",javascript-a-complete-guide,True,192,0,0,0,Beginner,0,"2015-06-16 00:35:45","Web Development"
2300,"Learn to Build Web Apps using Laravel Framework",learn-to-build-web-apps-using-laravel-framework,True,75,0,0,0,Beginner,0,"2015-11-10 22:15:21","Web Development"
2303,"Angular Tutorial For Beginners",angular-tutorial-for-beginners,True,144,0,0,0,Beginner,0,"2017-02-28 04:07:50","Web Development"
2305,"JavaScript, jQuery and Ajax",ajax-calls-the-simplest-way,True,35,0,0,0,Beginner,0,"2016-02-02 18:36:12","Web Development"
2306,"Laravel Blog Development Starter",laravel-blog-development,True,166,0,0,0,Beginner,0,"2017-02-14 00:38:18","Web Development"
2309,"The Complete HTML5 and CSS3 Course - with 8 Websites Design",build-responsive-websites-with-html5-and-css3-from-scratch,True,103,0,0,0,Beginner,0,"2015-12-07 19:32:22","Web Development"
2312,"Create WordPress Plugins",create-wordpress-plugins,True,57,0,0,0,Beginner,0,"2016-04-08 21:24:12","Web Development"
2317,"Docker for Developers - Newest Version 1.12 with Swarm Mode",docker-for-developers,True,12,0,0,0,Beginner,0,"2016-07-22 15:37:25","Web Development"
2321,"Learn Symfony 3 framework by practical examples",learn-symfony-3-framework-by-practical-examples,True,22,0,0,0,Beginner,0,"2016-09-19 21:05:38","Web Development"
2325,"Learning Object-Oriented JavaScript",learning-object-oriented-javascript,True,1,0,0,0,Intermediate,0,"2015-02-17 09:53:12","Web Development"
2326,"Bootstrap Tutorial for Beginners",bootstrap-tutorial-for-beginners,True,52,0,0,0,Beginner,0,"2016-02-21 16:50:57","Web Development"
2327,"Learn Bootstrap3 With Multi Purposes Single Page Layout",single-page-layout-with-bootstrap,True,102,0,0,0,Beginner,0,"2016-02-16 21:59:01","Web Development"
2329,"Learn to make an HTML 5 website with a video background",learn-to-make-an-html-5-website-with-a-video-background,True,29,0,0,0,Beginner,0,"2015-06-05 18:13:08","Web Development"
2331,"HTML and CSS Foundations",html-and-css-foundations,True,72,0,0,0,Beginner,0,"2017-06-23 16:51:54","Web Development"
2335,"React for visual learners",react-for-visual-learners,True,195,0,0,0,Beginner,0,"2016-07-18 21:41:36","Web Development"
2340,"Learning 200 jQuery Functions with 800 Examples",jquery-foundation,True,10,0,0,0,Beginner,0,"2015-02-24 22:57:40","Web Development"
2341,"Create Complete Web Applications easily with APEX 5",create-web-apps-with-apex-5,True,172,0,0,0,Intermediate,0,"2015-07-14 20:30:11","Web Development"
2342,"Learn Gulp, The Streaming Build System",gulp-101,True,170,0,0,0,Beginner,0,"2015-04-19 20:34:42","Web Development"
2344,"Create a classified website in 2 hours - guaranteed",create-a-classified-website-in-2-hours-guaranteed,True,165,0,0,0,Beginner,0,"2013-11-09 09:36:07","Web Development"
2345,"Learn HTML And CSS From Scratch",html-and-css-from-scratch,True,89,0,0,0,Beginner,0,"2016-02-19 15:50:39","Web Development"
2346,"Become a Certified Web Developer - Beginner to Expert",jquery101,True,170,0,0,0,Beginner,0,"2015-04-06 16:38:49","Web Development"
2347,"Complete Bootstrap 4 course - build 3 projects",bootstrap-4-tutorials,True,97,0,0,0,Beginner,0,"2017-04-07 17:26:02","Web Development"
2356,"Build a file hostingsharing site in less than 2 hours ",build-a-file-hosting-site-in-less-than-2-hours,True,74,0,0,0,Beginner,0,"2014-07-14 18:43:39","Web Development"
2358,"Create full featured Landing Page in Ruby on Rails in 3 hour",rails-1-landing-page,True,63,0,0,0,Beginner,0,"2015-05-15 18:53:55","Web Development"
2361,"Create a Professional Website Without ProgrammingCoding",create-professional-websites,True,76,0,0,0,Beginner,0,"2015-01-17 09:15:37","Web Development"
2362,"How to Build an Autocomplete System Like Google",how-to-build-an-autocomplete-system-using-javascript-and-php,True,19,0,0,0,Beginner,0,"2016-10-12 23:24:28","Web Development"
2363,"How To Make A Modern Wordpress BLOG 2017! Create Your Blog!",how-to-make-a-modern-wordpress-blog-2017-create-your-blog,True,48,0,0,0,Beginner,0,"2016-11-29 23:01:43","Web Development"
2371,"Develop a Professional OnePage WordPress site With No Coding",develop-a-professional-onepage-wordpress-site-with-no-coding,True,5,0,0,0,Beginner,0,"2016-08-29 16:47:15","Web Development"
2372,"PHP Specialist (2017 Edition)",php-specialist-2017,True,171,0,0,0,Beginner,0,"2017-03-28 23:39:37","Web Development"
2378,"Build Modern Websites Super Fast",build-modern-websites-in-1-hour,True,86,0,0,0,Beginner,0,"2016-03-10 00:04:59","Web Development"
2383,"How to become an App Developer",how-to-become-an-app-developer,True,196,0,0,0,Beginner,0,"2017-05-19 21:39:35","Web Development"
2388,"The Complete E-Commerce Web Developer Course 5.0",e-commerce-web-developer-course,True,56,0,0,0,Beginner,0,"2016-09-13 16:12:58","Web Development"
2390,"Advanced HTML5 Tutorial for Web Developers",advanced-html5-for-web-developers,True,159,0,0,0,Beginner,0,"2012-10-17 11:07:41","Web Development"
2391,"Learn the Basics of Programming for Marketers",basic-programming-for-marketers,True,19,0,0,0,Beginner,0,"2015-04-21 17:24:26","Web Development"
2392,"Css For Beginners",css-made-simple-for-beginners-learn-to-style-a-website-page,True,95,0,0,0,Beginner,0,"2015-10-21 20:14:34","Web Development"
2393,"Mastering Web and Mobile Debugging Using Chrome Dev Tools",mastering-web-and-mobile-debugging-using-chrome-dev-tools,True,37,0,0,0,Beginner,0,"2016-01-29 21:02:49","Web Development"
2394,"SAP Crystal Reports with ASP.Net (Step by step)",sap-crystalreports-for-beginners,True,50,0,0,0,Beginner,0,"2015-03-04 01:33:32","Web Development"
2395,"Building Responsive Data Visualizations with D3 JS",building-responsive-data-visualizations-with-d3js,True,5,0,0,0,Beginner,0,"2015-06-12 20:17:52","Web Development"
2399,"XML XSLT - Crash Course for Beginners",xml-xslt-crash-course-for-beginners,True,140,0,0,0,Beginner,0,"2017-02-19 18:11:07","Web Development"
2403,"Mastering Basic CSS Selectors.",mastering-basic-css-selectors,True,118,0,0,0,Beginner,0,"2017-05-09 22:13:22","Web Development"
2404,"Create a Website Similar to Facebook from Scratch!",clone-facebook,True,62,0,0,0,Beginner,0,"2016-02-09 06:15:07","Web Development"
2407,"HTML 5 and CSS 3 - tricks and workarounds",html5-css3-tricks-and-workarounds,True,149,0,0,0,Beginner,0,"2016-02-18 00:21:26","Web Development"
2409,"WordPress Plugins Treasure Chest",best-wordpress-plugins-treasure-chest,True,86,0,0,0,Intermediate,0,"2015-08-06 21:01:21","Web Development"
2410,"Practical Understanding of PHP and MySQL",practical-understanding-of-php-and-myqsl-demo,True,144,0,0,0,Beginner,0,"2016-07-06 16:35:25","Web Development"
2411,"AngularJS for Beginners, Single-Page Applications Made Easy",angularjs-tutorial,True,191,0,0,0,Beginner,0,"2014-11-18 06:03:56","Web Development"
2413,"XML DOM - Crash Course for Beginners",xml-dom-crash-course-for-beginners,True,55,0,0,0,Beginner,0,"2017-02-19 23:41:32","Web Development"
2416,"Getting Started as a Web Developer",refactoru-getting-started-as-a-web-developer,True,50,0,0,0,Beginner,0,"2014-08-16 22:20:47","Web Development"
2418,"3D Programming with WebGL and Babylon.js for Beginners",webgl-tutorial,True,17,0,0,0,Intermediate,0,"2015-08-31 21:07:26","Web Development"
2419,"Learn to make a colorful one page website",learn-to-make-a-colorful-one-page-website,True,79,0,0,0,Beginner,0,"2015-06-05 18:09:58","Web Development"
2423,"Learn PHP Programming for Absolute Beginners",learn-php-programming-for-absolute-beginners,True,120,0,0,0,Beginner,0,"2015-08-05 18:47:48","Web Development"
2431,"Learn to Use jQuery UI Widgets",learn-to-use-jquery-ui-widgets,True,154,0,0,0,Beginner,0,"2013-06-23 02:38:19","Web Development"
2435,"Learn OAuth 2.0 - Theory and Hands On",learn-oauth-20-theory-and-hands-on,True,31,0,0,0,Beginner,0,"2016-10-17 22:18:40","Web Development"
2438,"The Ultimate jQuery Course",essential-jquery-training,True,137,0,0,0,Beginner,0,"2015-11-13 19:37:48","Web Development"
2441,"Create an E-commerce website without any coding",create-an-e-commerce-website-without-any-coding,True,27,0,0,0,Beginner,0,"2014-12-18 00:04:38","Web Development"
2447,"WordPress Development With NodeJS, Gulp, Composer & More",wordpress-development-with-nodejs-gulpjs-composer-sass-more,True,37,0,0,0,Intermediate,0,"2016-10-25 13:47:26","Web Development"
2452,"JQuery Basics - Learn JQuery From Scratch",jquery-basics-learn-jquery-from-scratch,True,156,0,0,0,Beginner,0,"2017-06-18 21:23:07","Web Development"
2455,"AngularJS Masterclass - Deep Dive & Understand AngularJS",angularjs-masterclass,True,154,0,0,0,Beginner,0,"2015-03-04 22:52:26","Web Development"
2456,"HTML5 for beginners",html-complete-html-course-for-beginners,True,44,0,0,0,Beginner,0,"2015-04-24 18:04:21","Web Development"
2464,"Customizr - Learn WordPress with the ultimate creative theme",wpcustomizrcourse,True,107,0,0,0,Beginner,0,"2016-05-05 19:08:34","Web Development"
2465,"How To Create a Local Wordpress Environment",how-to-create-a-local-wordpress-environment,True,170,0,0,0,Beginner,0,"2016-02-07 18:58:40","Web Development"
2466,"Fun and creative web engineering with Python and Web2py",web-engineering-with-python-and-web2py,True,53,0,0,0,Beginner,0,"2015-06-09 19:51:50","Web Development"
2468,"Learn to Make an Animated Image Gallery using HTML5",learn-to-make-an-animated-image-gallery-using-html5,True,140,0,0,0,Beginner,0,"2014-11-20 11:37:05","Web Development"
2469,"Projects in Foundation Framework - Learn By Building 10 Apps",foundation-framework-course,True,199,0,0,0,Beginner,0,"2015-07-27 20:56:27","Web Development"
2471,"Foundations of Front-End Web Development",foundations-of-front-end-development,True,132,0,0,0,Beginner,0,"2014-12-12 21:47:15","Web Development"
2475,"Building Web Applications with Spring MVC",building-web-applications-with-spring-mvc,True,137,0,0,0,Beginner,0,"2014-12-09 13:34:19","Web Development"
2477,"HTML & CSS - Learn to build sleek websites ",html-css-learn-to-build-sleek-websites,True,136,0,0,0,Beginner,0,"2014-10-21 03:35:47","Web Development"
2479,"Master ASP . NET 4 from scratch",masteraspnet,True,74,0,0,0,Beginner,0,"2015-08-18 20:58:37","Web Development"
2480,"Mastering Magento",mastering-magento,True,53,0,0,0,Beginner,0,"2014-12-15 07:05:38","Web Development"
2485,"Learn W3.CSS",learn-w3css,True,19,0,0,0,Beginner,0,"2016-09-01 17:18:52","Web Development"
2486,"Learning Axure RP",learning-axure-rp,True,71,0,0,0,Beginner,0,"2015-04-08 19:29:35","Web Development"
2487,"Complete guide to install Wordpress, PHP on Cloud,AWS or VPS",a-complete-guide-to-install-wordpress-php-on-cloud-server-aws-or-vps,True,162,0,0,0,Beginner,0,"2016-01-06 17:20:55","Web Development"
2490,"Webpack 1 & 2 - The Complete Guide",webpack-complete-guide,True,130,0,0,0,Beginner,0,"2017-03-10 22:04:41","Web Development"
2493,"Build a Chatbot integrated Website using Bootstrap 4",build-a-chatbot-integrated-website-using-bootstrap-4,True,47,0,0,0,Beginner,0,"2017-04-28 16:54:20","Web Development"
2496,"Build Advanced Responsive Websites with Foundation 6 & SASS",foundation-5-sass-learn-by-building-a-complete-website,True,61,0,0,0,Beginner,0,"2015-07-08 22:31:50","Web Development"
2497,"Learn Essential Javascript Fundamentals - Lite",learn-essential-javascript-fundamentals-lite,True,1,0,0,0,Beginner,0,"2016-01-04 18:17:31","Web Development"
2498,"Learn HTML in 2 hours!",learn-html5-in-2-hours,True,123,0,0,0,Beginner,0,"2016-05-17 19:11:43","Web Development"
2502,"Bootstrap Bootcamp - Responsive web development- 8 projects",bootstrap-bootcamp-with-projects,True,28,0,0,0,Beginner,0,"2016-12-12 00:23:57","Web Development"
2507,"Optimizing Wordpress for More Speed and Revenue",optimizing-wordpress-for-more-speed-and-revenue,True,119,0,0,0,Intermediate,0,"2017-06-12 22:56:09","Web Development"
2513,"Quick learning jQuery web development",quick-learning-jquery-web-development,True,48,0,0,0,Intermediate,0,"2016-04-25 17:04:36","Web Development"
2515,"Ajax in JavaScript and JQuery, with PHP - Creating Chat App",ajax-in-javascript-and-jquery-with-php,True,173,0,0,0,Beginner,0,"2015-07-27 20:23:28","Web Development"
2518,"Build Powerful Websites & Blogs using WordPress - No Coding",powerful-websites-blogs-using-wordpress-no-coding,True,68,0,0,0,Beginner,0,"2016-04-04 17:54:52","Web Development"
2521,"Learn Spring Security 4 Basics - Hands On",learn-spring-security-4-basics-hands-on,True,133,0,0,0,Beginner,0,"2016-09-19 14:44:43","Web Development"
2528,"Building a Portfolio in 90 minutes ( HTML, CSS, Js ) ",build-a-portfolio-website-in-90-minutes-html-css-js,True,62,0,0,0,Beginner,0,"2015-07-28 18:09:41","Web Development"
2537,"Rails Ecommerce App with HTML Template from Themeforest",rails-ecommerce-app-with-html-template-from-themeforest,True,150,0,0,0,Intermediate,0,"2016-05-27 18:13:20","Web Development"
2539,"Getting Started with Magento",getting-started-with-magento,True,173,0,0,0,Beginner,0,"2014-11-21 09:09:23","Web Development"
2542,"Learn Azure Cloud Step by Step",marutiazure,True,109,0,0,0,Intermediate,0,"2016-02-08 17:29:35","Web Development"
2545,"Object Orientation in PHP",object-orientation,True,135,0,0,0,Beginner,0,"2016-02-29 22:40:52","Web Development"
2546,"Creating Custom Web Maps",creating-custom-web-maps,True,200,0,0,0,Intermediate,0,"2016-06-10 17:26:48","Web Development"
2548,"Modern E-Commerce Store In php & mysqli With Bootstrap",modern-e-commerce-store-in-php-mysqli-with-bootstrap,True,58,0,0,0,Beginner,0,"2016-12-09 16:18:49","Web Development"
2551,"Web Development With Google Maps",webdevelopmentwithgooglemaps,True,22,0,0,0,Beginner,0,"2017-01-03 15:44:32","Web Development"
2559,"Simplified Cross Browser Web Testing Using VirtualBox",cross-browser-web-testing-virtualbox,True,56,0,0,0,Beginner,0,"2016-09-13 00:45:39","Web Development"
2560,"How to Install WordPress From Scratch",install-wordpress,True,57,0,0,0,Beginner,0,"2014-07-19 23:03:39","Web Development"
2561,"WordPress Development - Themes, Plugins & Single Page Apps",wordpress-development-create-wordpress-themes-and-plugins,True,73,0,0,0,Intermediate,0,"2016-03-02 06:26:16","Web Development"
2562,"Learn Effective HTML in No Time!",learn-effective-html-in-no-time,True,150,0,0,0,Beginner,0,"2015-10-12 21:38:50","Web Development"
2565,"Learn basics of HTML in 30 Minutes",learn-basics-of-html,True,1,0,0,0,Beginner,0,"2016-09-02 16:37:09","Web Development"
2566,"JavaScript from Scratch for Very Beginners",javascript-basics-for-begginers,True,114,0,0,0,Beginner,0,"2014-12-22 10:08:19","Web Development"
2567,"Learn Web Development by Creating a Social Network",meteor-tutorial,True,31,0,0,0,Beginner,0,"2015-12-30 16:53:44","Web Development"
2575,"The Extreme Web Development Course - For Beginners",the-extreme-web-development-course,True,150,0,0,0,Beginner,0,"2016-09-04 20:51:08","Web Development"
2576,"JQuery DOM and Ajax Concept Explained for Beginners",jquery-dom-and-ajax-concept-explained-for-beginners,True,123,0,0,0,Beginner,0,"2016-04-27 15:26:57","Web Development"
2577,"Ultimate JavaScript Objects",js-objects,True,94,0,0,0,Beginner,0,"2016-07-07 21:00:57","Web Development"
2578,"The Complete Web Developer Course - Build 20 Websites",the-complete-web-developer-course-build-20-websites,True,14,0,0,0,Beginner,0,"2015-03-26 22:11:15","Web Development"
2583,"The Fastest Way to Create a Website Using Godaddy",create-your-own-website,True,148,0,0,0,Beginner,0,"2015-11-09 20:44:25","Web Development"
2588,"Learn and Build using Polymer",learn-and-build-using-polymer,True,17,0,0,0,Beginner,0,"2015-12-30 16:41:42","Web Development"
